gameSeconds,day,phase,route,status,fuel,cargo,resource,battery,aliveEnemies
181.74985561985523,1,Day,960ef087e05742f2b803829b9a18fb69,2,50.0,30.0,iron,200.0,0
182.89499563211575,1,Day,960ef087e05742f2b803829b9a18fb69,2,50.0,30.0,iron,200.0,0
183.89996825670823,1,Day,960ef087e05742f2b803829b9a18fb69,2,50.0,30.0,iron,200.0,0
184.90614525275305,1,Day,960ef087e05742f2b803829b9a18fb69,2,50.0,30.0,iron,200.0,0
185.90793299954385,1,Day,960ef087e05742f2b803829b9a18fb69,2,50.0,30.0,iron,200.0,0
186.915187377017,1,Day,960ef087e05742f2b803829b9a18fb69,2,50.0,30.0,iron,200.0,0
187.91768945381045,1,Day,960ef087e05742f2b803829b9a18fb69,2,50.0,30.0,iron,200.0,0
188.919258503709,1,Day,960ef087e05742f2b803829b9a18fb69,2,50.0,30.0,iron,200.0,0
189.91978645790368,1,Day,960ef087e05742f2b803829b9a18fb69,2,50.0,30.0,iron,200.0,0
190.92132962262258,1,Day,960ef087e05742f2b803829b9a18fb69,2,50.0,30.0,iron,200.0,0
191.92811578372493,1,Day,960ef087e05742f2b803829b9a18fb69,1,48.6,30.0,iron,200.0,0
192.93174198642373,1,Day,960ef087e05742f2b803829b9a18fb69,1,48.6,30.0,iron,200.0,0
193.9399487823248,1,Day,960ef087e05742f2b803829b9a18fb69,1,48.6,30.0,iron,200.0,0
194.94732419308275,1,Day,960ef087e05742f2b803829b9a18fb69,1,48.6,30.0,iron,200.0,0
195.94995153183118,1,Day,960ef087e05742f2b803829b9a18fb69,1,48.6,30.0,iron,200.0,0
196.95072219660506,1,Day,960ef087e05742f2b803829b9a18fb69,2,48.6,0.0,iron,200.0,0
197.95214394200593,1,Day,960ef087e05742f2b803829b9a18fb69,2,48.6,0.0,iron,200.0,0
198.9599111545831,1,Day,960ef087e05742f2b803829b9a18fb69,2,48.6,0.0,iron,200.0,0
199.96072482177988,1,Day,960ef087e05742f2b803829b9a18fb69,2,48.6,0.0,iron,200.0,0
200.96564023057,1,Day,960ef087e05742f2b803829b9a18fb69,2,48.6,0.0,iron,200.0,0
201.97147810366005,1,Day,960ef087e05742f2b803829b9a18fb69,2,48.6,0.0,iron,200.0,0
202.97753326874226,1,Day,960ef087e05742f2b803829b9a18fb69,2,48.6,0.0,iron,200.0,0
203.98233044007793,1,Day,960ef087e05742f2b803829b9a18fb69,2,48.6,0.0,iron,200.0,0
204.98444911418483,1,Day,960ef087e05742f2b803829b9a18fb69,2,48.6,0.0,iron,200.0,0
205.99019699264318,1,Day,960ef087e05742f2b803829b9a18fb69,2,48.6,0.0,iron,200.0,0
206.99549294169992,1,Day,960ef087e05742f2b803829b9a18fb69,1,46.0,0.0,iron,200.0,0
208.00205090316013,1,Day,960ef087e05742f2b803829b9a18fb69,1,46.0,0.0,iron,200.0,0
209.108721495606,1,Day,960ef087e05742f2b803829b9a18fb69,1,46.0,0.0,iron,200.0,0
210.11318546067923,1,Day,960ef087e05742f2b803829b9a18fb69,1,46.0,0.0,iron,200.0,0
211.1172225056216,1,Day,960ef087e05742f2b803829b9a18fb69,1,46.0,0.0,iron,200.0,0
212.1198140042834,1,Day,960ef087e05742f2b803829b9a18fb69,1,46.0,0.0,iron,200.0,0
213.12526303948835,1,Day,960ef087e05742f2b803829b9a18fb69,1,46.0,0.0,iron,200.0,0
214.1292124199681,1,Day,960ef087e05742f2b803829b9a18fb69,1,46.0,0.0,iron,200.0,0
215.1330281747505,1,Day,960ef087e05742f2b803829b9a18fb69,1,46.0,0.0,iron,200.0,0
216.1403281330131,1,Day,960ef087e05742f2b803829b9a18fb69,1,46.0,0.0,iron,200.0,0
217.1428210879676,1,Day,960ef087e05742f2b803829b9a18fb69,1,46.0,0.0,iron,200.0,0
218.14868538128212,1,Day,960ef087e05742f2b803829b9a18fb69,1,46.0,0.0,iron,200.0,0
219.15433351043612,1,Day,960ef087e05742f2b803829b9a18fb69,1,46.0,0.0,iron,200.0,0
220.16079884115607,1,Day,960ef087e05742f2b803829b9a18fb69,1,46.0,0.0,iron,200.0,0
221.16095505654812,1,Day,960ef087e05742f2b803829b9a18fb69,1,46.0,0.0,iron,200.0,0
222.1648848890327,1,Day,960ef087e05742f2b803829b9a18fb69,1,46.0,0.0,iron,200.0,0
223.1669385903515,1,Day,960ef087e05742f2b803829b9a18fb69,1,46.0,0.0,iron,200.0,0
224.16718584671617,1,Day,960ef087e05742f2b803829b9a18fb69,2,46.0,30.0,iron,200.0,0
225.17420884780586,1,Day,960ef087e05742f2b803829b9a18fb69,2,46.0,30.0,iron,200.0,0
226.0486515238881,1,Day,960ef087e05742f2b803829b9a18fb69,2,46.0,30.0,iron,200.0,0
227.1979870754294,1,Day,960ef087e05742f2b803829b9a18fb69,2,46.0,30.0,iron,200.0,0
228.19952944666147,1,Day,960ef087e05742f2b803829b9a18fb69,2,46.0,30.0,iron,200.0,0
229.20524957077578,1,Day,960ef087e05742f2b803829b9a18fb69,2,46.0,30.0,iron,200.0,0
230.20667840121314,1,Day,960ef087e05742f2b803829b9a18fb69,2,46.0,30.0,iron,200.0,0
231.20806564530358,1,Day,960ef087e05742f2b803829b9a18fb69,2,46.0,30.0,iron,200.0,0
232.49156386684626,1,Day,960ef087e05742f2b803829b9a18fb69,2,46.0,30.0,iron,200.0,0
233.64287478011101,1,Day,960ef087e05742f2b803829b9a18fb69,1,44.6,30.0,iron,200.0,0
234.64837823901325,1,Day,960ef087e05742f2b803829b9a18fb69,1,44.6,30.0,iron,200.0,0
235.6504828222096,1,Day,960ef087e05742f2b803829b9a18fb69,1,44.6,30.0,iron,200.0,0
236.6513650272973,1,Day,960ef087e05742f2b803829b9a18fb69,1,44.6,30.0,iron,200.0,0
237.65744052734226,1,Day,960ef087e05742f2b803829b9a18fb69,1,44.6,30.0,iron,200.0,0
238.6613969928585,1,Day,960ef087e05742f2b803829b9a18fb69,2,44.6,0.0,iron,200.0,0
239.66703324159607,1,Day,960ef087e05742f2b803829b9a18fb69,2,44.6,0.0,iron,200.0,0
240.6685652830638,1,Day,960ef087e05742f2b803829b9a18fb69,2,44.6,0.0,iron,200.0,0
241.67499778140336,1,Day,960ef087e05742f2b803829b9a18fb69,2,44.6,0.0,iron,200.0,0
242.6772824525833,1,Day,960ef087e05742f2b803829b9a18fb69,2,44.6,0.0,iron,200.0,0
243.67768336972222,1,Day,960ef087e05742f2b803829b9a18fb69,2,44.6,0.0,iron,200.0,0
244.6845166659914,1,Day,960ef087e05742f2b803829b9a18fb69,2,44.6,0.0,iron,200.0,0
245.6903209099546,1,Day,960ef087e05742f2b803829b9a18fb69,2,44.6,0.0,iron,200.0,0
246.69194540940225,1,Day,960ef087e05742f2b803829b9a18fb69,2,44.6,0.0,iron,200.0,0
247.69838636461645,1,Day,960ef087e05742f2b803829b9a18fb69,2,44.6,0.0,iron,200.0,0
248.70479190303013,1,Day,960ef087e05742f2b803829b9a18fb69,1,42.0,0.0,iron,200.0,0
249.7062333971262,1,Day,960ef087e05742f2b803829b9a18fb69,1,42.0,0.0,iron,200.0,0
250.7107269396074,1,Day,960ef087e05742f2b803829b9a18fb69,1,42.0,0.0,iron,200.0,0
251.71136752376333,1,Day,960ef087e05742f2b803829b9a18fb69,1,42.0,0.0,iron,200.0,0
252.7122458522208,1,Day,960ef087e05742f2b803829b9a18fb69,1,42.0,0.0,iron,200.0,0
253.7134175640531,1,Day,960ef087e05742f2b803829b9a18fb69,1,42.0,0.0,iron,200.0,0
254.71780289011076,1,Day,960ef087e05742f2b803829b9a18fb69,1,42.0,0.0,iron,200.0,0
255.71958784433082,1,Day,960ef087e05742f2b803829b9a18fb69,1,42.0,0.0,iron,200.0,0
256.7256969297305,1,Day,960ef087e05742f2b803829b9a18fb69,1,42.0,0.0,iron,200.0,0
257.7312084767036,1,Day,960ef087e05742f2b803829b9a18fb69,1,42.0,0.0,iron,200.0,0
258.7357339402661,1,Day,960ef087e05742f2b803829b9a18fb69,1,42.0,0.0,iron,200.0,0
259.7398365586996,1,Day,960ef087e05742f2b803829b9a18fb69,1,42.0,0.0,iron,200.0,0
260.7439795588143,1,Day,960ef087e05742f2b803829b9a18fb69,1,42.0,0.0,iron,200.0,0
261.7445994815789,1,Day,960ef087e05742f2b803829b9a18fb69,1,42.0,0.0,iron,200.0,0
262.7461622264236,1,Day,960ef087e05742f2b803829b9a18fb69,1,42.0,0.0,iron,200.0,0
263.7538539352827,1,Day,960ef087e05742f2b803829b9a18fb69,1,42.0,0.0,iron,200.0,0
264.7605186034925,1,Day,960ef087e05742f2b803829b9a18fb69,1,42.0,0.0,iron,200.0,0
265.7673160219565,1,Day,960ef087e05742f2b803829b9a18fb69,2,42.0,30.0,iron,200.0,0
266.77526394091547,1,Day,960ef087e05742f2b803829b9a18fb69,2,42.0,30.0,iron,200.0,0
267.775721273385,1,Day,960ef087e05742f2b803829b9a18fb69,2,42.0,30.0,iron,200.0,0
268.77743394020945,1,Day,960ef087e05742f2b803829b9a18fb69,2,42.0,30.0,iron,200.0,0
269.78244601981714,1,Day,960ef087e05742f2b803829b9a18fb69,2,42.0,30.0,iron,200.0,0
270.78275293763727,1,Day,960ef087e05742f2b803829b9a18fb69,2,42.0,30.0,iron,200.0,0
271.7838469352573,1,Day,960ef087e05742f2b803829b9a18fb69,2,42.0,30.0,iron,200.0,0
272.7919663931243,1,Day,960ef087e05742f2b803829b9a18fb69,2,42.0,30.0,iron,200.0,0
273.799083892256,1,Day,960ef087e05742f2b803829b9a18fb69,2,42.0,30.0,iron,200.0,0
274.8015969344415,1,Day,960ef087e05742f2b803829b9a18fb69,2,42.0,30.0,iron,200.0,0
275.80174098256975,1,Day,960ef087e05742f2b803829b9a18fb69,1,40.6,30.0,iron,200.0,0
276.80832669558004,1,Day,960ef087e05742f2b803829b9a18fb69,1,40.6,30.0,iron,200.0,0
277.8084342298098,1,Day,960ef087e05742f2b803829b9a18fb69,1,40.6,30.0,iron,200.0,0
278.81140127638355,1,Day,960ef087e05742f2b803829b9a18fb69,1,40.6,30.0,iron,200.0,0
279.8131746095605,1,Day,960ef087e05742f2b803829b9a18fb69,1,40.6,30.0,iron,200.0,0
280.81908334605396,1,Day,960ef087e05742f2b803829b9a18fb69,2,40.6,0.0,iron,200.0,0
281.824570891913,1,Day,960ef087e05742f2b803829b9a18fb69,2,40.6,0.0,iron,200.0,0
282.8280149018392,1,Day,960ef087e05742f2b803829b9a18fb69,2,40.6,0.0,iron,200.0,0
283.833915442694,1,Day,960ef087e05742f2b803829b9a18fb69,2,40.6,0.0,iron,200.0,0
284.8349349894561,1,Day,960ef087e05742f2b803829b9a18fb69,2,40.6,0.0,iron,200.0,0
285.8403907385655,1,Day,960ef087e05742f2b803829b9a18fb69,2,40.6,0.0,iron,200.0,0
286.8449833304621,1,Day,960ef087e05742f2b803829b9a18fb69,2,40.6,0.0,iron,200.0,0
287.85257486999035,1,Day,960ef087e05742f2b803829b9a18fb69,2,40.6,0.0,iron,200.0,0
288.860627155751,1,Day,960ef087e05742f2b803829b9a18fb69,2,40.6,0.0,iron,200.0,0
289.86395565839484,1,Day,960ef087e05742f2b803829b9a18fb69,2,40.6,0.0,iron,200.0,0
290.866011866834,1,Day,960ef087e05742f2b803829b9a18fb69,1,38.0,0.0,iron,200.0,0
291.8661272409372,1,Day,960ef087e05742f2b803829b9a18fb69,1,38.0,0.0,iron,200.0,0
292.8685415307991,1,Day,960ef087e05742f2b803829b9a18fb69,1,38.0,0.0,iron,200.0,0
293.8719777818769,1,Day,960ef087e05742f2b803829b9a18fb69,1,38.0,0.0,iron,200.0,0
294.87457444379106,1,Day,960ef087e05742f2b803829b9a18fb69,1,38.0,0.0,iron,200.0,0
295.8791977763176,1,Day,960ef087e05742f2b803829b9a18fb69,1,38.0,0.0,iron,200.0,0
296.8813994838856,1,Day,960ef087e05742f2b803829b9a18fb69,1,38.0,0.0,iron,200.0,0
297.88424144126475,1,Day,960ef087e05742f2b803829b9a18fb69,1,38.0,0.0,iron,200.0,0
298.88843144569546,1,Day,960ef087e05742f2b803829b9a18fb69,1,38.0,0.0,iron,200.0,0
299.89312090259045,1,Day,960ef087e05742f2b803829b9a18fb69,1,38.0,0.0,iron,200.0,0
300.9004947729409,1,Night,960ef087e05742f2b803829b9a18fb69,1,38.0,0.0,iron,200.0,8
301.9072611397132,1,Night,960ef087e05742f2b803829b9a18fb69,1,38.0,0.0,iron,200.0,19
302.90952343354,1,Night,960ef087e05742f2b803829b9a18fb69,1,38.0,0.0,iron,200.0,28
303.91352547565475,1,Night,960ef087e05742f2b803829b9a18fb69,1,38.0,0.0,iron,200.0,39
304.9199279313907,1,Night,960ef087e05742f2b803829b9a18fb69,1,38.0,0.0,iron,200.0,48
305.92661046842113,1,Night,960ef087e05742f2b803829b9a18fb69,1,38.0,0.0,iron,200.0,56
306.93087542802095,1,Night,960ef087e05742f2b803829b9a18fb69,1,38.0,0.0,iron,200.0,65
307.93542717956007,1,Night,960ef087e05742f2b803829b9a18fb69,2,38.0,30.0,iron,200.0,76
308.94053980801255,1,Night,960ef087e05742f2b803829b9a18fb69,2,38.0,30.0,iron,200.0,85
309.94240801176056,1,Night,960ef087e05742f2b803829b9a18fb69,2,38.0,30.0,iron,200.0,90
310.94348405348137,1,Night,960ef087e05742f2b803829b9a18fb69,2,38.0,30.0,iron,200.0,87
311.9500096379779,1,Night,960ef087e05742f2b803829b9a18fb69,2,38.0,30.0,iron,200.0,87
312.9566984656267,1,Night,960ef087e05742f2b803829b9a18fb69,2,38.0,30.0,iron,200.0,87
313.9613448404707,1,Night,960ef087e05742f2b803829b9a18fb69,2,38.0,30.0,iron,200.0,87
314.9692780948244,1,Night,960ef087e05742f2b803829b9a18fb69,2,38.0,30.0,iron,200.0,85
315.97140496456996,1,Night,960ef087e05742f2b803829b9a18fb69,2,38.0,30.0,iron,200.0,81
316.9778795908205,1,Night,960ef087e05742f2b803829b9a18fb69,2,38.0,30.0,iron,200.0,79
317.97910968540236,1,Night,960ef087e05742f2b803829b9a18fb69,1,36.6,30.0,iron,200.0,77
318.97922393865883,1,Night,960ef087e05742f2b803829b9a18fb69,1,36.6,30.0,iron,200.0,75
319.98643263662234,1,Night,960ef087e05742f2b803829b9a18fb69,1,36.6,30.0,iron,200.0,76
320.99239547224715,1,Night,960ef087e05742f2b803829b9a18fb69,1,36.6,30.0,iron,200.0,73
321.99835972161964,1,Night,960ef087e05742f2b803829b9a18fb69,1,36.6,30.0,iron,200.0,73
323.0002095201053,1,Night,960ef087e05742f2b803829b9a18fb69,2,36.6,0.0,iron,200.0,73
324.0002668527886,1,Night,960ef087e05742f2b803829b9a18fb69,2,36.6,0.0,iron,200.0,73
325.0039238585159,1,Night,960ef087e05742f2b803829b9a18fb69,2,36.6,0.0,iron,200.0,71
326.00624243728817,1,Night,960ef087e05742f2b803829b9a18fb69,2,36.6,0.0,iron,200.0,67
327.0093424799852,1,Night,960ef087e05742f2b803829b9a18fb69,2,36.6,0.0,iron,200.0,66
328.0168220209889,1,Night,960ef087e05742f2b803829b9a18fb69,2,36.6,0.0,iron,200.0,64
329.0236689839512,1,Night,960ef087e05742f2b803829b9a18fb69,2,36.6,0.0,iron,200.0,61
330.02388360956684,1,Night,960ef087e05742f2b803829b9a18fb69,2,36.6,0.0,iron,200.0,59
331.026136607863,1,Night,960ef087e05742f2b803829b9a18fb69,2,36.6,0.0,iron,200.0,55
332.0270249848254,1,Night,960ef087e05742f2b803829b9a18fb69,2,36.6,0.0,iron,200.0,54
333.0340602248907,1,Night,960ef087e05742f2b803829b9a18fb69,1,34.0,0.0,iron,200.0,51
334.0411349744536,1,Night,960ef087e05742f2b803829b9a18fb69,1,34.0,0.0,iron,200.0,51
335.0477719269693,1,Night,960ef087e05742f2b803829b9a18fb69,1,34.0,0.0,iron,200.0,51
336.04916005954146,1,Night,960ef087e05742f2b803829b9a18fb69,1,34.0,0.0,iron,200.0,51
337.0509768896736,1,Night,960ef087e05742f2b803829b9a18fb69,1,34.0,0.0,iron,200.0,51
338.0585108897649,1,Night,960ef087e05742f2b803829b9a18fb69,1,34.0,0.0,iron,200.0,51
339.0660206414759,1,Night,960ef087e05742f2b803829b9a18fb69,1,34.0,0.0,iron,200.0,51
340.068320563063,1,Night,960ef087e05742f2b803829b9a18fb69,1,34.0,0.0,iron,200.0,51
341.07556527433917,1,Night,960ef087e05742f2b803829b9a18fb69,1,34.0,0.0,iron,200.0,51
342.07592773158103,1,Night,960ef087e05742f2b803829b9a18fb69,1,34.0,0.0,iron,200.0,51
343.08145356411114,1,Night,960ef087e05742f2b803829b9a18fb69,1,34.0,0.0,iron,200.0,51
344.08248877571896,1,Night,960ef087e05742f2b803829b9a18fb69,1,34.0,0.0,iron,200.0,51
345.0833616927266,1,Night,960ef087e05742f2b803829b9a18fb69,1,34.0,0.0,iron,200.0,51
346.0903851487674,1,Night,960ef087e05742f2b803829b9a18fb69,1,34.0,0.0,iron,200.0,51
347.09284898173064,1,Night,960ef087e05742f2b803829b9a18fb69,1,34.0,0.0,iron,200.0,51
348.10004514595494,1,Night,960ef087e05742f2b803829b9a18fb69,1,34.0,0.0,iron,200.0,51
349.1069995732978,1,Night,960ef087e05742f2b803829b9a18fb69,1,34.0,0.0,iron,200.0,51
350.11383736878633,1,Night,960ef087e05742f2b803829b9a18fb69,2,34.0,30.0,iron,200.0,51
351.1168892029673,1,Night,960ef087e05742f2b803829b9a18fb69,2,34.0,30.0,iron,200.0,51
352.12059645168483,1,Night,960ef087e05742f2b803829b9a18fb69,2,34.0,30.0,iron,200.0,51
353.1260984968394,1,Night,960ef087e05742f2b803829b9a18fb69,2,34.0,30.0,iron,200.0,51
354.1280094916001,1,Night,960ef087e05742f2b803829b9a18fb69,2,34.0,30.0,iron,200.0,51
355.1326465397142,1,Night,960ef087e05742f2b803829b9a18fb69,2,34.0,30.0,iron,200.0,51
356.1378352390602,1,Night,960ef087e05742f2b803829b9a18fb69,2,34.0,30.0,iron,200.0,51
357.1452359482646,1,Night,960ef087e05742f2b803829b9a18fb69,2,34.0,30.0,iron,200.0,51
358.14764898316935,1,Night,960ef087e05742f2b803829b9a18fb69,2,34.0,30.0,iron,200.0,51
359.1548956106417,1,Night,960ef087e05742f2b803829b9a18fb69,2,34.0,30.0,iron,200.0,51
360.16069840220734,1,Night,960ef087e05742f2b803829b9a18fb69,1,32.6,30.0,iron,200.0,51
361.16257823677734,1,Night,960ef087e05742f2b803829b9a18fb69,1,32.6,30.0,iron,200.0,51
362.1657759528607,1,Night,960ef087e05742f2b803829b9a18fb69,1,32.6,30.0,iron,200.0,51
363.16864315932617,1,Night,960ef087e05742f2b803829b9a18fb69,1,32.6,30.0,iron,200.0,51
364.1765208351426,1,Night,960ef087e05742f2b803829b9a18fb69,1,32.6,30.0,iron,200.0,51
365.1817709989846,1,Night,960ef087e05742f2b803829b9a18fb69,2,32.6,0.0,iron,200.0,51
366.18240187037736,1,Night,960ef087e05742f2b803829b9a18fb69,2,32.6,0.0,iron,200.0,51
367.1865128315985,1,Night,960ef087e05742f2b803829b9a18fb69,2,32.6,0.0,iron,200.0,51
368.19058340927586,1,Night,960ef087e05742f2b803829b9a18fb69,2,32.6,0.0,iron,200.0,51
369.1944533661008,1,Night,960ef087e05742f2b803829b9a18fb69,2,32.6,0.0,iron,200.0,51
370.1980200330727,1,Night,960ef087e05742f2b803829b9a18fb69,2,32.6,0.0,iron,200.0,51
371.205500531476,1,Night,960ef087e05742f2b803829b9a18fb69,2,32.6,0.0,iron,200.0,51
372.20842061238363,1,Night,960ef087e05742f2b803829b9a18fb69,2,32.6,0.0,iron,200.0,51
373.2113664895296,1,Night,960ef087e05742f2b803829b9a18fb69,2,32.6,0.0,iron,200.0,51
374.2182696578093,1,Night,960ef087e05742f2b803829b9a18fb69,2,32.6,0.0,iron,200.0,51
375.2248720759526,1,Night,960ef087e05742f2b803829b9a18fb69,1,30.0,0.0,iron,200.0,51
376.2277881191112,1,Night,960ef087e05742f2b803829b9a18fb69,1,30.0,0.0,iron,200.0,51
377.2347199469805,1,Night,960ef087e05742f2b803829b9a18fb69,1,30.0,0.0,iron,200.0,51
378.23507140763104,1,Night,960ef087e05742f2b803829b9a18fb69,1,30.0,0.0,iron,200.0,51
379.24105378519744,1,Night,960ef087e05742f2b803829b9a18fb69,1,30.0,0.0,iron,200.0,51
380.2469966588542,1,Night,960ef087e05742f2b803829b9a18fb69,1,30.0,0.0,iron,200.0,51
381.25316307647154,1,Night,960ef087e05742f2b803829b9a18fb69,1,30.0,0.0,iron,200.0,51
382.2538658673875,1,Night,960ef087e05742f2b803829b9a18fb69,1,30.0,0.0,iron,200.0,51
383.2616792395711,1,Night,960ef087e05742f2b803829b9a18fb69,1,30.0,0.0,iron,200.0,51
384.26912840642035,1,Night,960ef087e05742f2b803829b9a18fb69,1,30.0,0.0,iron,200.0,51
385.27122794510797,1,Night,960ef087e05742f2b803829b9a18fb69,1,30.0,0.0,iron,200.0,51
386.2747885333374,1,Night,960ef087e05742f2b803829b9a18fb69,1,30.0,0.0,iron,200.0,51
387.2810080656782,1,Night,960ef087e05742f2b803829b9a18fb69,1,30.0,0.0,iron,200.0,51
388.2822169899009,1,Night,960ef087e05742f2b803829b9a18fb69,1,30.0,0.0,iron,200.0,51
389.28678923053667,1,Night,960ef087e05742f2b803829b9a18fb69,1,30.0,0.0,iron,200.0,51
390.2927144393325,1,Night,960ef087e05742f2b803829b9a18fb69,1,30.0,0.0,iron,200.0,51
391.29697822919115,1,Night,960ef087e05742f2b803829b9a18fb69,1,30.0,0.0,iron,200.0,51
392.3002947727218,1,Night,960ef087e05742f2b803829b9a18fb69,2,30.0,30.0,iron,200.0,51
393.30574822751805,1,Night,960ef087e05742f2b803829b9a18fb69,2,30.0,30.0,iron,200.0,51
394.30808777036145,1,Night,960ef087e05742f2b803829b9a18fb69,2,30.0,30.0,iron,200.0,51
395.3151473104954,1,Night,960ef087e05742f2b803829b9a18fb69,2,30.0,30.0,iron,200.0,51
396.3156042662449,1,Night,960ef087e05742f2b803829b9a18fb69,2,30.0,30.0,iron,200.0,51
397.3217559289187,1,Night,960ef087e05742f2b803829b9a18fb69,2,30.0,30.0,iron,200.0,51
398.3263660534285,1,Night,960ef087e05742f2b803829b9a18fb69,2,30.0,30.0,iron,200.0,51
399.3267198461108,1,Night,960ef087e05742f2b803829b9a18fb69,2,30.0,30.0,iron,200.0,51
400.33455505920574,1,Night,960ef087e05742f2b803829b9a18fb69,2,30.0,30.0,iron,200.0,51
401.34109293762594,1,Night,960ef087e05742f2b803829b9a18fb69,2,30.0,30.0,iron,200.0,51
402.34171706298366,1,Night,960ef087e05742f2b803829b9a18fb69,1,28.6,30.0,iron,200.0,51
403.34909719461575,1,Night,960ef087e05742f2b803829b9a18fb69,1,28.6,30.0,iron,200.0,51
404.3552566906437,1,Night,960ef087e05742f2b803829b9a18fb69,1,28.6,30.0,iron,200.0,51
405.357327317819,1,Night,960ef087e05742f2b803829b9a18fb69,1,28.6,30.0,iron,200.0,51
406.35833056783304,1,Night,960ef087e05742f2b803829b9a18fb69,1,28.6,30.0,iron,200.0,51
407.36233160318807,1,Night,960ef087e05742f2b803829b9a18fb69,2,28.6,0.0,iron,200.0,51
408.36809205962345,1,Night,960ef087e05742f2b803829b9a18fb69,2,28.6,0.0,iron,200.0,51
409.37462722789496,1,Night,960ef087e05742f2b803829b9a18fb69,2,28.6,0.0,iron,200.0,51
410.3770964811556,1,Night,960ef087e05742f2b803829b9a18fb69,2,28.6,0.0,iron,200.0,51
411.3819787790999,1,Night,960ef087e05742f2b803829b9a18fb69,2,28.6,0.0,iron,200.0,51
412.38886411115527,1,Night,960ef087e05742f2b803829b9a18fb69,2,28.6,0.0,iron,200.0,48
413.3949966900982,1,Night,960ef087e05742f2b803829b9a18fb69,2,28.6,0.0,iron,200.0,48
414.3997305673547,1,Night,960ef087e05742f2b803829b9a18fb69,2,28.6,0.0,iron,200.0,48
415.4012568606995,1,Night,960ef087e05742f2b803829b9a18fb69,2,28.6,0.0,iron,200.0,48
416.4050966515206,1,Night,960ef087e05742f2b803829b9a18fb69,2,28.6,0.0,iron,200.0,48
417.4060535687022,1,Night,960ef087e05742f2b803829b9a18fb69,1,26.0,0.0,iron,200.0,36
418.4116661986336,1,Night,960ef087e05742f2b803829b9a18fb69,1,26.0,0.0,iron,200.0,36
419.4154693642631,1,Night,960ef087e05742f2b803829b9a18fb69,1,26.0,0.0,iron,200.0,36
420.4196376539767,1,Night,960ef087e05742f2b803829b9a18fb69,1,26.0,0.0,iron,200.0,36
421.4246091931127,1,Night,960ef087e05742f2b803829b9a18fb69,1,26.0,0.0,iron,200.0,36
422.4319917736575,1,Night,960ef087e05742f2b803829b9a18fb69,1,26.0,0.0,iron,200.0,25
423.43464852683246,1,Night,960ef087e05742f2b803829b9a18fb69,1,26.0,0.0,iron,200.0,25
424.43703910754994,1,Night,960ef087e05742f2b803829b9a18fb69,1,26.0,0.0,iron,200.0,25
425.43781177233905,1,Night,960ef087e05742f2b803829b9a18fb69,1,26.0,0.0,iron,200.0,25
426.43779318919405,1,Night,960ef087e05742f2b803829b9a18fb69,1,26.0,0.0,iron,200.0,25
427.44068890158087,1,Night,960ef087e05742f2b803829b9a18fb69,1,26.0,0.0,iron,200.0,15
428.44639494642615,1,Night,960ef087e05742f2b803829b9a18fb69,1,26.0,0.0,iron,200.0,15
429.45043723192066,1,Night,960ef087e05742f2b803829b9a18fb69,1,26.0,0.0,iron,200.0,15
430.4576577343978,1,Night,960ef087e05742f2b803829b9a18fb69,1,26.0,0.0,iron,200.0,15
431.46150744287297,1,Night,960ef087e05742f2b803829b9a18fb69,1,26.0,0.0,iron,200.0,15
432.46634494466707,1,Night,960ef087e05742f2b803829b9a18fb69,1,26.0,0.0,iron,200.0,6
433.5739444484934,1,Night,960ef087e05742f2b803829b9a18fb69,2,26.0,30.0,iron,200.0,6
434.57570765540004,1,Night,960ef087e05742f2b803829b9a18fb69,2,26.0,30.0,iron,200.0,6
435.57598245469853,1,Night,960ef087e05742f2b803829b9a18fb69,2,26.0,30.0,iron,200.0,6
436.5809097834863,1,Night,960ef087e05742f2b803829b9a18fb69,2,26.0,30.0,iron,200.0,6
437.58562987018377,1,Night,960ef087e05742f2b803829b9a18fb69,2,26.0,30.0,iron,200.0,1
438.5918189114891,1,Night,960ef087e05742f2b803829b9a18fb69,2,26.0,30.0,iron,200.0,1
439.59282866027206,1,Night,960ef087e05742f2b803829b9a18fb69,2,26.0,30.0,iron,200.0,1
440.5945156980306,1,Night,960ef087e05742f2b803829b9a18fb69,2,26.0,30.0,iron,200.0,1
441.59558786451817,1,Night,960ef087e05742f2b803829b9a18fb69,2,26.0,30.0,iron,200.0,1
442.59814986912534,1,Night,960ef087e05742f2b803829b9a18fb69,2,26.0,30.0,iron,200.0,1
443.59971282212064,1,Night,960ef087e05742f2b803829b9a18fb69,1,24.6,30.0,iron,200.0,1
444.60491728177294,1,Night,960ef087e05742f2b803829b9a18fb69,1,24.6,30.0,iron,200.0,1
445.6113824895583,1,Night,960ef087e05742f2b803829b9a18fb69,1,24.6,30.0,iron,200.0,1
446.613744281698,1,Night,960ef087e05742f2b803829b9a18fb69,1,24.6,30.0,iron,200.0,1
447.6141529469751,1,Night,960ef087e05742f2b803829b9a18fb69,1,24.6,30.0,iron,200.0,1
448.6142159877345,1,Night,960ef087e05742f2b803829b9a18fb69,2,24.6,0.0,iron,200.0,1
449.62074915645644,1,Night,960ef087e05742f2b803829b9a18fb69,2,24.6,0.0,iron,200.0,1
450.62563073495403,1,Night,960ef087e05742f2b803829b9a18fb69,2,24.6,0.0,iron,197.2864445997402,1
451.63011202635244,1,Night,960ef087e05742f2b803829b9a18fb69,2,24.6,0.0,iron,192.26403814274818,1
452.63138403138146,1,Night,960ef087e05742f2b803829b9a18fb69,2,24.6,0.0,iron,190.61780584976077,0
453.6382243549451,1,Night,960ef087e05742f2b803829b9a18fb69,2,24.6,0.0,iron,190.61780584976077,0
454.6430391892791,1,Night,960ef087e05742f2b803829b9a18fb69,2,24.6,0.0,iron,190.61780584976077,0
455.65052944002673,1,Night,960ef087e05742f2b803829b9a18fb69,2,24.6,0.0,iron,190.61780584976077,0
456.65390852233395,1,Night,960ef087e05742f2b803829b9a18fb69,2,24.6,0.0,iron,190.61780584976077,0
457.65842230571434,1,Night,960ef087e05742f2b803829b9a18fb69,2,24.6,0.0,iron,190.61780584976077,0
458.661482477095,1,Night,960ef087e05742f2b803829b9a18fb69,1,22.0,0.0,iron,190.61780584976077,0
459.6639934736304,1,Night,960ef087e05742f2b803829b9a18fb69,1,22.0,0.0,iron,190.61780584976077,0
460.6714145182632,1,Night,960ef087e05742f2b803829b9a18fb69,1,22.0,0.0,iron,190.61780584976077,0
461.67690818803385,1,Night,960ef087e05742f2b803829b9a18fb69,1,22.0,0.0,iron,190.61780584976077,0
462.68108239397407,1,Night,960ef087e05742f2b803829b9a18fb69,1,22.0,0.0,iron,190.61780584976077,0
463.6846723132767,1,Night,960ef087e05742f2b803829b9a18fb69,1,22.0,0.0,iron,190.61780584976077,0
464.690778399352,1,Night,960ef087e05742f2b803829b9a18fb69,1,22.0,0.0,iron,190.61780584976077,0
465.6983051067218,1,Night,960ef087e05742f2b803829b9a18fb69,1,22.0,0.0,iron,190.61780584976077,0
466.7046895236708,1,Night,960ef087e05742f2b803829b9a18fb69,1,22.0,0.0,iron,190.61780584976077,0
467.70527064427733,1,Night,960ef087e05742f2b803829b9a18fb69,1,22.0,0.0,iron,190.61780584976077,0
468.7127137267962,1,Night,960ef087e05742f2b803829b9a18fb69,1,22.0,0.0,iron,190.61780584976077,0
469.7193925594911,1,Night,960ef087e05742f2b803829b9a18fb69,1,22.0,0.0,iron,190.61780584976077,0
470.72540018428117,1,Night,960ef087e05742f2b803829b9a18fb69,1,22.0,0.0,iron,190.61780584976077,0
471.7252595163882,1,Night,960ef087e05742f2b803829b9a18fb69,1,22.0,0.0,iron,190.61780584976077,0
472.8159883506596,1,Night,960ef087e05742f2b803829b9a18fb69,1,22.0,0.0,iron,190.61780584976077,0
473.8184564374387,1,Night,960ef087e05742f2b803829b9a18fb69,1,22.0,0.0,iron,190.61780584976077,0
474.82201643195003,1,Night,960ef087e05742f2b803829b9a18fb69,1,22.0,0.0,iron,190.61780584976077,0
475.82608414441347,1,Night,960ef087e05742f2b803829b9a18fb69,2,22.0,30.0,iron,190.61780584976077,0
476.830021855887,1,Night,960ef087e05742f2b803829b9a18fb69,2,22.0,30.0,iron,190.61780584976077,0
477.8330402318388,1,Night,960ef087e05742f2b803829b9a18fb69,2,22.0,30.0,iron,190.61780584976077,0
478.8391373581253,1,Night,960ef087e05742f2b803829b9a18fb69,2,22.0,30.0,iron,190.61780584976077,0
479.8401560639031,1,Night,960ef087e05742f2b803829b9a18fb69,2,22.0,30.0,iron,190.61780584976077,0
480.84552453504875,2,Day,960ef087e05742f2b803829b9a18fb69,2,22.0,30.0,iron,190.61780584976077,0
481.8519819146022,2,Day,960ef087e05742f2b803829b9a18fb69,2,22.0,30.0,iron,190.61780584976077,0
482.85541132697836,2,Day,960ef087e05742f2b803829b9a18fb69,2,22.0,30.0,iron,190.61780584976077,0
483.86112965783104,2,Day,960ef087e05742f2b803829b9a18fb69,2,22.0,30.0,iron,190.61780584976077,0
484.8634522804059,2,Day,960ef087e05742f2b803829b9a18fb69,2,22.0,30.0,iron,190.61780584976077,0
485.86997236916795,2,Day,960ef087e05742f2b803829b9a18fb69,1,20.6,30.0,iron,190.61780584976077,0
486.8782474156469,2,Day,960ef087e05742f2b803829b9a18fb69,1,20.6,30.0,iron,190.61780584976077,0
487.88116146204993,2,Day,960ef087e05742f2b803829b9a18fb69,1,20.6,30.0,iron,190.61780584976077,0
488.88770074862987,2,Day,960ef087e05742f2b803829b9a18fb69,1,20.6,30.0,iron,190.61780584976077,0
489.89002671511844,2,Day,960ef087e05742f2b803829b9a18fb69,1,20.6,30.0,iron,190.61780584976077,0
490.8904142882675,2,Day,960ef087e05742f2b803829b9a18fb69,2,20.6,0.0,iron,190.61780584976077,0
491.89258586987853,2,Day,960ef087e05742f2b803829b9a18fb69,2,20.6,0.0,iron,190.61780584976077,0
492.8998029571958,2,Day,960ef087e05742f2b803829b9a18fb69,2,20.6,0.0,iron,190.61780584976077,0
493.9021005393006,2,Day,960ef087e05742f2b803829b9a18fb69,2,20.6,0.0,iron,190.61780584976077,0
494.9029307891615,2,Day,960ef087e05742f2b803829b9a18fb69,2,20.6,0.0,iron,190.61780584976077,0
495.91102458070964,2,Day,960ef087e05742f2b803829b9a18fb69,2,20.6,0.0,iron,190.61780584976077,0
496.9113796995953,2,Day,960ef087e05742f2b803829b9a18fb69,2,20.6,0.0,iron,190.61780584976077,0
497.9160955725238,2,Day,960ef087e05742f2b803829b9a18fb69,2,20.6,0.0,iron,190.61780584976077,0
498.91842369316146,2,Day,960ef087e05742f2b803829b9a18fb69,2,20.6,0.0,iron,190.61780584976077,0
499.92078398913145,2,Day,960ef087e05742f2b803829b9a18fb69,2,20.6,0.0,iron,190.61780584976077,0
500.92228490207344,2,Day,960ef087e05742f2b803829b9a18fb69,1,18.0,0.0,iron,190.61780584976077,0
501.925206865184,2,Day,960ef087e05742f2b803829b9a18fb69,3,18.0,0.0,iron,190.61780584976077,0
502.9318833639845,2,Day,960ef087e05742f2b803829b9a18fb69,3,18.0,0.0,iron,190.61780584976077,0
503.934314282611,2,Day,960ef087e05742f2b803829b9a18fb69,3,18.0,0.0,iron,190.61780584976077,0
504.9403729583137,2,Day,960ef087e05742f2b803829b9a18fb69,3,18.0,0.0,iron,190.61780584976077,0
505.9448479595594,2,Day,960ef087e05742f2b803829b9a18fb69,3,18.0,0.0,iron,190.61780584976077,0
506.94904341362417,2,Day,960ef087e05742f2b803829b9a18fb69,3,18.0,0.0,iron,190.61780584976077,0
507.9540175413713,2,Day,960ef087e05742f2b803829b9a18fb69,3,18.0,0.0,iron,190.61780584976077,0
508.95800983160734,2,Day,960ef087e05742f2b803829b9a18fb69,3,18.0,0.0,iron,190.61780584976077,0
509.9609967917204,2,Day,960ef087e05742f2b803829b9a18fb69,3,18.0,0.0,iron,190.61780584976077,0
510.9646482053213,2,Day,960ef087e05742f2b803829b9a18fb69,3,18.0,0.0,iron,190.61780584976077,0
511.9680083338171,2,Day,960ef087e05742f2b803829b9a18fb69,3,18.0,0.0,iron,190.61780584976077,0
512.9741136212833,2,Day,960ef087e05742f2b803829b9a18fb69,3,18.0,0.0,iron,190.61780584976077,0
513.9751619147137,2,Day,960ef087e05742f2b803829b9a18fb69,3,18.0,0.0,iron,190.61780584976077,0
514.9778744573705,2,Day,960ef087e05742f2b803829b9a18fb69,3,18.0,0.0,iron,190.61780584976077,0
515.9810142102651,2,Day,960ef087e05742f2b803829b9a18fb69,3,18.0,0.0,iron,190.61780584976077,0
516.9878978370689,2,Day,960ef087e05742f2b803829b9a18fb69,3,18.0,0.0,iron,190.61780584976077,0
517.9894034960307,2,Day,960ef087e05742f2b803829b9a18fb69,2,68.0,30.0,iron,200.0,0
518.9923890409991,2,Day,960ef087e05742f2b803829b9a18fb69,2,68.0,30.0,iron,200.0,0
519.9971071691252,2,Day,960ef087e05742f2b803829b9a18fb69,2,68.0,30.0,iron,200.0,0
520.9998288736679,2,Day,960ef087e05742f2b803829b9a18fb69,2,68.0,30.0,iron,200.0,0
522.0068950857967,2,Day,960ef087e05742f2b803829b9a18fb69,2,68.0,30.0,iron,200.0,0
523.0121789146215,2,Day,960ef087e05742f2b803829b9a18fb69,2,68.0,30.0,iron,200.0,0
524.0134047069587,2,Day,960ef087e05742f2b803829b9a18fb69,2,68.0,30.0,iron,200.0,0
525.013439040631,2,Day,960ef087e05742f2b803829b9a18fb69,2,68.0,30.0,iron,200.0,0
526.0167663749307,2,Day,960ef087e05742f2b803829b9a18fb69,2,68.0,30.0,iron,200.0,0
527.0235377931967,2,Day,960ef087e05742f2b803829b9a18fb69,2,68.0,30.0,iron,200.0,0
528.0259860432707,2,Day,960ef087e05742f2b803829b9a18fb69,1,66.6,30.0,iron,200.0,0
529.0281191174872,2,Day,960ef087e05742f2b803829b9a18fb69,1,66.6,30.0,iron,200.0,0
530.0294432057999,2,Day,960ef087e05742f2b803829b9a18fb69,1,66.6,30.0,iron,200.0,0
531.0318146171048,2,Day,960ef087e05742f2b803829b9a18fb69,1,66.6,30.0,iron,200.0,0
532.0363499526866,2,Day,960ef087e05742f2b803829b9a18fb69,1,66.6,30.0,iron,200.0,0
533.0394901661202,2,Day,960ef087e05742f2b803829b9a18fb69,2,66.6,0.0,iron,200.0,0
534.042556125205,2,Day,960ef087e05742f2b803829b9a18fb69,2,66.6,0.0,iron,200.0,0
535.0460144169629,2,Day,960ef087e05742f2b803829b9a18fb69,2,66.6,0.0,iron,200.0,0
536.0516234990209,2,Day,960ef087e05742f2b803829b9a18fb69,2,66.6,0.0,iron,200.0,0
537.0533349155448,2,Day,960ef087e05742f2b803829b9a18fb69,2,66.6,0.0,iron,200.0,0
538.054301252123,2,Day,960ef087e05742f2b803829b9a18fb69,2,66.6,0.0,iron,200.0,0
539.0607246281579,2,Day,960ef087e05742f2b803829b9a18fb69,2,66.6,0.0,iron,200.0,0
540.012023082003,2,Day,960ef087e05742f2b803829b9a18fb69,2,66.6,0.0,iron,200.0,0
541.164571701549,2,Day,960ef087e05742f2b803829b9a18fb69,2,66.6,0.0,iron,200.0,0
542.1684274938889,2,Day,960ef087e05742f2b803829b9a18fb69,2,66.6,0.0,iron,200.0,0
543.1749006267637,2,Day,960ef087e05742f2b803829b9a18fb69,1,63.99999999999999,0.0,iron,200.0,0
544.1761226626113,2,Day,960ef087e05742f2b803829b9a18fb69,1,63.99999999999999,0.0,iron,200.0,0
545.1779337110929,2,Day,960ef087e05742f2b803829b9a18fb69,1,63.99999999999999,0.0,iron,200.0,0
546.1828611595556,2,Day,960ef087e05742f2b803829b9a18fb69,1,63.99999999999999,0.0,iron,200.0,0
547.1882149591111,2,Day,960ef087e05742f2b803829b9a18fb69,1,63.99999999999999,0.0,iron,200.0,0
548.1883936687373,2,Day,960ef087e05742f2b803829b9a18fb69,1,63.99999999999999,0.0,iron,200.0,0
549.1886481242254,2,Day,960ef087e05742f2b803829b9a18fb69,1,63.99999999999999,0.0,iron,200.0,0
550.1891991621815,2,Day,960ef087e05742f2b803829b9a18fb69,1,63.99999999999999,0.0,iron,200.0,0
551.1931379525922,2,Day,960ef087e05742f2b803829b9a18fb69,1,63.99999999999999,0.0,iron,200.0,0
552.1959379483014,2,Day,960ef087e05742f2b803829b9a18fb69,1,63.99999999999999,0.0,iron,200.0,0
553.1961741140112,2,Day,960ef087e05742f2b803829b9a18fb69,1,63.99999999999999,0.0,iron,200.0,0
554.1974227386527,2,Day,960ef087e05742f2b803829b9a18fb69,1,63.99999999999999,0.0,iron,200.0,0
555.204086409416,2,Day,960ef087e05742f2b803829b9a18fb69,1,63.99999999999999,0.0,iron,200.0,0
556.2060781563632,2,Day,960ef087e05742f2b803829b9a18fb69,1,63.99999999999999,0.0,iron,200.0,0
557.2125124963932,2,Day,960ef087e05742f2b803829b9a18fb69,1,63.99999999999999,0.0,iron,200.0,0
558.2180058294907,2,Day,960ef087e05742f2b803829b9a18fb69,1,63.99999999999999,0.0,iron,200.0,0
559.22095612064,2,Day,960ef087e05742f2b803829b9a18fb69,1,63.99999999999999,0.0,iron,200.0,0
560.2257874133065,2,Day,960ef087e05742f2b803829b9a18fb69,2,63.99999999999999,30.0,iron,200.0,0
561.2314771562815,2,Day,960ef087e05742f2b803829b9a18fb69,2,63.99999999999999,30.0,iron,200.0,0
562.2369115771726,2,Day,960ef087e05742f2b803829b9a18fb69,2,63.99999999999999,30.0,iron,200.0,0
563.2403711238876,2,Day,960ef087e05742f2b803829b9a18fb69,2,63.99999999999999,30.0,iron,200.0,0
564.2465746221133,2,Day,960ef087e05742f2b803829b9a18fb69,2,63.99999999999999,30.0,iron,200.0,0
565.2484897859395,2,Day,960ef087e05742f2b803829b9a18fb69,2,63.99999999999999,30.0,iron,200.0,0
566.250239496585,2,Day,960ef087e05742f2b803829b9a18fb69,2,63.99999999999999,30.0,iron,200.0,0
567.251497915946,2,Day,960ef087e05742f2b803829b9a18fb69,2,63.99999999999999,30.0,iron,200.0,0
568.2588378712535,2,Day,960ef087e05742f2b803829b9a18fb69,2,63.99999999999999,30.0,iron,200.0,0
569.2627877076156,2,Day,960ef087e05742f2b803829b9a18fb69,2,63.99999999999999,30.0,iron,200.0,0
570.2651917454787,2,Day,960ef087e05742f2b803829b9a18fb69,1,62.599999999999994,30.0,iron,200.0,0
571.2675542444922,2,Day,960ef087e05742f2b803829b9a18fb69,1,62.599999999999994,30.0,iron,200.0,0
572.2685257475823,2,Day,960ef087e05742f2b803829b9a18fb69,1,62.599999999999994,30.0,iron,200.0,0
573.2687226240523,2,Day,960ef087e05742f2b803829b9a18fb69,1,62.599999999999994,30.0,iron,200.0,0
574.2714458419941,2,Day,960ef087e05742f2b803829b9a18fb69,1,62.599999999999994,30.0,iron,200.0,0
575.2780696367845,2,Day,960ef087e05742f2b803829b9a18fb69,2,62.599999999999994,0.0,iron,200.0,0
576.2814917643555,2,Day,960ef087e05742f2b803829b9a18fb69,2,62.599999999999994,0.0,iron,200.0,0
577.2858082186431,2,Day,960ef087e05742f2b803829b9a18fb69,2,62.599999999999994,0.0,iron,200.0,0
578.2871935884468,2,Day,960ef087e05742f2b803829b9a18fb69,2,62.599999999999994,0.0,iron,200.0,0
579.29387233546,2,Day,960ef087e05742f2b803829b9a18fb69,2,62.599999999999994,0.0,iron,200.0,0
580.2983172964305,2,Day,960ef087e05742f2b803829b9a18fb69,2,62.599999999999994,0.0,iron,200.0,0
581.301613047719,2,Day,960ef087e05742f2b803829b9a18fb69,2,62.599999999999994,0.0,iron,200.0,0
582.3063816674985,2,Day,960ef087e05742f2b803829b9a18fb69,2,62.599999999999994,0.0,iron,200.0,0
583.3072066265158,2,Day,960ef087e05742f2b803829b9a18fb69,2,62.599999999999994,0.0,iron,200.0,0
584.3077526269481,2,Day,960ef087e05742f2b803829b9a18fb69,2,62.599999999999994,0.0,iron,200.0,0
585.3136542458087,2,Day,960ef087e05742f2b803829b9a18fb69,1,59.99999999999999,0.0,iron,200.0,0
586.314383789897,2,Day,960ef087e05742f2b803829b9a18fb69,1,59.99999999999999,0.0,iron,200.0,0
587.3195993741974,2,Day,960ef087e05742f2b803829b9a18fb69,1,59.99999999999999,0.0,iron,200.0,0
588.3197122039273,2,Day,960ef087e05742f2b803829b9a18fb69,1,59.99999999999999,0.0,iron,200.0,0
589.3249566187151,2,Day,960ef087e05742f2b803829b9a18fb69,1,59.99999999999999,0.0,iron,200.0,0
590.3309455774724,2,Day,960ef087e05742f2b803829b9a18fb69,1,59.99999999999999,0.0,iron,200.0,0
591.3334237430245,2,Day,960ef087e05742f2b803829b9a18fb69,1,59.99999999999999,0.0,iron,200.0,0
592.3370307432488,2,Day,960ef087e05742f2b803829b9a18fb69,1,59.99999999999999,0.0,iron,200.0,0
593.3398061525077,2,Day,960ef087e05742f2b803829b9a18fb69,1,59.99999999999999,0.0,iron,200.0,0
594.3469449863769,2,Day,960ef087e05742f2b803829b9a18fb69,1,59.99999999999999,0.0,iron,200.0,0
595.3528572795913,2,Day,960ef087e05742f2b803829b9a18fb69,1,59.99999999999999,0.0,iron,200.0,0
596.3531756079756,2,Day,960ef087e05742f2b803829b9a18fb69,1,59.99999999999999,0.0,iron,200.0,0
597.3590176906437,2,Day,960ef087e05742f2b803829b9a18fb69,1,59.99999999999999,0.0,iron,200.0,0
598.366735314019,2,Day,960ef087e05742f2b803829b9a18fb69,1,59.99999999999999,0.0,iron,200.0,0
599.3680233992636,2,Day,960ef087e05742f2b803829b9a18fb69,1,59.99999999999999,0.0,iron,200.0,0
600.3737853602506,2,Day,960ef087e05742f2b803829b9a18fb69,1,59.99999999999999,0.0,iron,200.0,0
601.3750867773779,2,Day,960ef087e05742f2b803829b9a18fb69,1,59.99999999999999,0.0,iron,200.0,0
602.3759149778634,2,Day,960ef087e05742f2b803829b9a18fb69,2,59.99999999999999,30.0,iron,200.0,0
603.3787228558213,2,Day,960ef087e05742f2b803829b9a18fb69,2,59.99999999999999,30.0,iron,200.0,0
604.3792888885364,2,Day,960ef087e05742f2b803829b9a18fb69,2,59.99999999999999,30.0,iron,200.0,0
605.3838516455144,2,Day,960ef087e05742f2b803829b9a18fb69,2,59.99999999999999,30.0,iron,200.0,0
606.3841967713088,2,Day,960ef087e05742f2b803829b9a18fb69,2,59.99999999999999,30.0,iron,200.0,0
607.3903140188195,2,Day,960ef087e05742f2b803829b9a18fb69,2,59.99999999999999,30.0,iron,200.0,0
608.3978893072344,2,Day,960ef087e05742f2b803829b9a18fb69,2,59.99999999999999,30.0,iron,200.0,0
609.4001523926854,2,Day,960ef087e05742f2b803829b9a18fb69,2,59.99999999999999,30.0,iron,200.0,0
610.4009691835381,2,Day,960ef087e05742f2b803829b9a18fb69,2,59.99999999999999,30.0,iron,200.0,0
611.4066253080964,2,Day,960ef087e05742f2b803829b9a18fb69,2,59.99999999999999,30.0,iron,200.0,0
612.4077242277563,2,Day,960ef087e05742f2b803829b9a18fb69,1,58.599999999999994,30.0,iron,200.0,0
613.4147358932532,2,Day,960ef087e05742f2b803829b9a18fb69,1,58.599999999999994,30.0,iron,200.0,0
614.4164941841736,2,Day,960ef087e05742f2b803829b9a18fb69,1,58.599999999999994,30.0,iron,200.0,0
615.4166947300546,2,Day,960ef087e05742f2b803829b9a18fb69,1,58.599999999999994,30.0,iron,200.0,0
616.4216550630517,2,Day,960ef087e05742f2b803829b9a18fb69,1,58.599999999999994,30.0,iron,200.0,0
617.4236628920771,2,Day,960ef087e05742f2b803829b9a18fb69,2,58.599999999999994,0.0,iron,200.0,0
618.4306821892969,2,Day,960ef087e05742f2b803829b9a18fb69,2,58.599999999999994,0.0,iron,200.0,0
619.4365220633335,2,Day,960ef087e05742f2b803829b9a18fb69,2,58.599999999999994,0.0,iron,200.0,0
620.4372598552145,2,Day,960ef087e05742f2b803829b9a18fb69,2,58.599999999999994,0.0,iron,200.0,0
621.4432899048552,2,Day,960ef087e05742f2b803829b9a18fb69,2,58.599999999999994,0.0,iron,200.0,0
622.4472185717896,2,Day,960ef087e05742f2b803829b9a18fb69,2,58.599999999999994,0.0,iron,200.0,0
623.450097783003,2,Day,960ef087e05742f2b803829b9a18fb69,2,58.599999999999994,0.0,iron,200.0,0
624.4559953254648,2,Day,960ef087e05742f2b803829b9a18fb69,2,58.599999999999994,0.0,iron,200.0,0
625.4624487003312,2,Day,960ef087e05742f2b803829b9a18fb69,2,58.599999999999994,0.0,iron,200.0,0
626.4633523249067,2,Day,960ef087e05742f2b803829b9a18fb69,2,58.599999999999994,0.0,iron,200.0,0
627.4667651657946,2,Day,960ef087e05742f2b803829b9a18fb69,1,55.99999999999999,0.0,iron,200.0,0
628.4735956257209,2,Day,960ef087e05742f2b803829b9a18fb69,1,55.99999999999999,0.0,iron,200.0,0
629.4771927939728,2,Day,960ef087e05742f2b803829b9a18fb69,1,55.99999999999999,0.0,iron,200.0,0
630.4837485412136,2,Day,960ef087e05742f2b803829b9a18fb69,1,55.99999999999999,0.0,iron,200.0,0
631.4882060354576,2,Day,960ef087e05742f2b803829b9a18fb69,1,55.99999999999999,0.0,iron,200.0,0
632.4951177849434,2,Day,960ef087e05742f2b803829b9a18fb69,1,55.99999999999999,0.0,iron,200.0,0
633.5005142078735,2,Day,960ef087e05742f2b803829b9a18fb69,1,55.99999999999999,0.0,iron,200.0,0
634.5072192042135,2,Day,960ef087e05742f2b803829b9a18fb69,1,55.99999999999999,0.0,iron,200.0,0
635.5082154111005,2,Day,960ef087e05742f2b803829b9a18fb69,1,55.99999999999999,0.0,iron,200.0,0
636.5148054109886,2,Day,960ef087e05742f2b803829b9a18fb69,1,55.99999999999999,0.0,iron,200.0,0
637.5184654579498,2,Day,960ef087e05742f2b803829b9a18fb69,1,55.99999999999999,0.0,iron,200.0,0
638.5209127087146,2,Day,960ef087e05742f2b803829b9a18fb69,1,55.99999999999999,0.0,iron,200.0,0
639.525284208823,2,Day,960ef087e05742f2b803829b9a18fb69,1,55.99999999999999,0.0,iron,200.0,0
640.5288279587403,2,Day,960ef087e05742f2b803829b9a18fb69,1,55.99999999999999,0.0,iron,200.0,0
641.5338228782639,2,Day,960ef087e05742f2b803829b9a18fb69,1,55.99999999999999,0.0,iron,200.0,0
642.5350416684523,2,Day,960ef087e05742f2b803829b9a18fb69,1,55.99999999999999,0.0,iron,200.0,0
643.5378627032042,2,Day,960ef087e05742f2b803829b9a18fb69,1,55.99999999999999,0.0,iron,200.0,0
644.5379670020193,2,Day,960ef087e05742f2b803829b9a18fb69,2,55.99999999999999,30.0,iron,200.0,0
645.5438777483068,2,Day,960ef087e05742f2b803829b9a18fb69,2,55.99999999999999,30.0,iron,200.0,0
646.5489908298478,2,Day,960ef087e05742f2b803829b9a18fb69,2,55.99999999999999,30.0,iron,200.0,0
647.5504378685728,2,Day,960ef087e05742f2b803829b9a18fb69,2,55.99999999999999,30.0,iron,200.0,0
648.5512047070079,2,Day,960ef087e05742f2b803829b9a18fb69,2,55.99999999999999,30.0,iron,200.0,0
649.5568210016936,2,Day,960ef087e05742f2b803829b9a18fb69,2,55.99999999999999,30.0,iron,200.0,0
650.5641899988987,2,Day,960ef087e05742f2b803829b9a18fb69,2,55.99999999999999,30.0,iron,200.0,0
651.5705385878682,2,Day,960ef087e05742f2b803829b9a18fb69,2,55.99999999999999,30.0,iron,200.0,0
652.5709014963359,2,Day,960ef087e05742f2b803829b9a18fb69,2,55.99999999999999,30.0,iron,200.0,0
653.7187506244518,2,Day,960ef087e05742f2b803829b9a18fb69,1,54.599999999999994,30.0,iron,200.0,0
654.7273105387576,2,Day,960ef087e05742f2b803829b9a18fb69,1,54.599999999999994,30.0,iron,200.0,0
655.7314002853818,2,Day,960ef087e05742f2b803829b9a18fb69,1,54.599999999999994,30.0,iron,200.0,0
656.7374469856732,2,Day,960ef087e05742f2b803829b9a18fb69,1,54.599999999999994,30.0,iron,200.0,0
657.7406385312788,2,Day,960ef087e05742f2b803829b9a18fb69,1,54.599999999999994,30.0,iron,200.0,0
658.7417432800867,2,Day,960ef087e05742f2b803829b9a18fb69,2,54.599999999999994,0.0,iron,200.0,0
659.747610154096,2,Day,960ef087e05742f2b803829b9a18fb69,2,54.599999999999994,0.0,iron,200.0,0
660.7524994038977,2,Day,960ef087e05742f2b803829b9a18fb69,2,54.599999999999994,0.0,iron,200.0,0
661.7583201909438,2,Day,960ef087e05742f2b803829b9a18fb69,2,54.599999999999994,0.0,iron,200.0,0
662.763263319619,2,Day,960ef087e05742f2b803829b9a18fb69,2,54.599999999999994,0.0,iron,200.0,0
663.7639837795869,2,Day,960ef087e05742f2b803829b9a18fb69,2,54.599999999999994,0.0,iron,200.0,0
664.7641671975143,2,Day,960ef087e05742f2b803829b9a18fb69,2,54.599999999999994,0.0,iron,200.0,0
665.7674442785792,2,Day,960ef087e05742f2b803829b9a18fb69,2,54.599999999999994,0.0,iron,200.0,0
666.7710622735322,2,Day,960ef087e05742f2b803829b9a18fb69,2,54.599999999999994,0.0,iron,200.0,0
667.7758389376104,2,Day,960ef087e05742f2b803829b9a18fb69,2,54.599999999999994,0.0,iron,200.0,0
668.7759554418735,2,Day,960ef087e05742f2b803829b9a18fb69,1,51.99999999999999,0.0,iron,200.0,0
669.781380484812,2,Day,960ef087e05742f2b803829b9a18fb69,1,51.99999999999999,0.0,iron,200.0,0
670.783955488354,2,Day,960ef087e05742f2b803829b9a18fb69,1,51.99999999999999,0.0,iron,200.0,0
671.786722571589,2,Day,960ef087e05742f2b803829b9a18fb69,1,51.99999999999999,0.0,iron,200.0,0
672.7915267720819,2,Day,960ef087e05742f2b803829b9a18fb69,1,51.99999999999999,0.0,iron,200.0,0
673.7921165260486,2,Day,960ef087e05742f2b803829b9a18fb69,1,51.99999999999999,0.0,iron,200.0,0
674.7972059049644,2,Day,960ef087e05742f2b803829b9a18fb69,1,51.99999999999999,0.0,iron,200.0,0
675.8000572775491,2,Day,960ef087e05742f2b803829b9a18fb69,1,51.99999999999999,0.0,iron,200.0,0
676.8068135306239,2,Day,960ef087e05742f2b803829b9a18fb69,1,51.99999999999999,0.0,iron,200.0,0
677.8088347748853,2,Day,960ef087e05742f2b803829b9a18fb69,1,51.99999999999999,0.0,iron,200.0,0
678.8126768581569,2,Day,960ef087e05742f2b803829b9a18fb69,1,51.99999999999999,0.0,iron,200.0,0
679.8193722730502,2,Day,960ef087e05742f2b803829b9a18fb69,1,51.99999999999999,0.0,iron,200.0,0
680.8253041128628,2,Day,960ef087e05742f2b803829b9a18fb69,1,51.99999999999999,0.0,iron,200.0,0
681.8294144831598,2,Day,960ef087e05742f2b803829b9a18fb69,1,51.99999999999999,0.0,iron,200.0,0
682.8370998585597,2,Day,960ef087e05742f2b803829b9a18fb69,1,51.99999999999999,0.0,iron,200.0,0
683.8406871524639,2,Day,960ef087e05742f2b803829b9a18fb69,1,51.99999999999999,0.0,iron,200.0,0
684.8415609002113,2,Day,960ef087e05742f2b803829b9a18fb69,1,51.99999999999999,0.0,iron,200.0,0
685.8480424825102,2,Day,960ef087e05742f2b803829b9a18fb69,2,51.99999999999999,30.0,iron,200.0,0
686.8485223981552,2,Day,960ef087e05742f2b803829b9a18fb69,2,51.99999999999999,30.0,iron,200.0,0
687.8553141946904,2,Day,960ef087e05742f2b803829b9a18fb69,2,51.99999999999999,30.0,iron,200.0,0
688.8622911958955,2,Day,960ef087e05742f2b803829b9a18fb69,2,51.99999999999999,30.0,iron,200.0,0
689.8683409024961,2,Day,960ef087e05742f2b803829b9a18fb69,2,51.99999999999999,30.0,iron,200.0,0
690.8693741941825,2,Day,960ef087e05742f2b803829b9a18fb69,2,51.99999999999999,30.0,iron,200.0,0
691.8743871906772,2,Day,960ef087e05742f2b803829b9a18fb69,2,51.99999999999999,30.0,iron,200.0,0
692.8811332792975,2,Day,960ef087e05742f2b803829b9a18fb69,2,51.99999999999999,30.0,iron,200.0,0
693.8887019846588,2,Day,960ef087e05742f2b803829b9a18fb69,2,51.99999999999999,30.0,iron,200.0,0
694.893599989824,2,Day,960ef087e05742f2b803829b9a18fb69,2,51.99999999999999,30.0,iron,200.0,0
695.9011754910462,2,Day,960ef087e05742f2b803829b9a18fb69,1,50.599999999999994,30.0,iron,200.0,0
696.9081341139972,2,Day,960ef087e05742f2b803829b9a18fb69,1,50.599999999999994,30.0,iron,200.0,0
697.9090136946179,2,Day,960ef087e05742f2b803829b9a18fb69,1,50.599999999999994,30.0,iron,200.0,0
698.9147682334296,2,Day,960ef087e05742f2b803829b9a18fb69,1,50.599999999999994,30.0,iron,200.0,0
699.9194176509045,2,Day,960ef087e05742f2b803829b9a18fb69,1,50.599999999999994,30.0,iron,200.0,0
700.9223270611838,2,Day,960ef087e05742f2b803829b9a18fb69,2,50.599999999999994,0.0,iron,200.0,0
701.9298491426744,2,Day,960ef087e05742f2b803829b9a18fb69,2,50.599999999999994,0.0,iron,200.0,0
702.9312255601399,2,Day,960ef087e05742f2b803829b9a18fb69,2,50.599999999999994,0.0,iron,200.0,0
703.9373651449569,2,Day,960ef087e05742f2b803829b9a18fb69,2,50.599999999999994,0.0,iron,200.0,0
704.943531056866,2,Day,960ef087e05742f2b803829b9a18fb69,2,50.599999999999994,0.0,iron,200.0,0
705.946753599681,2,Day,960ef087e05742f2b803829b9a18fb69,2,50.599999999999994,0.0,iron,200.0,0
706.9469557269476,2,Day,960ef087e05742f2b803829b9a18fb69,2,50.599999999999994,0.0,iron,200.0,0
707.9516101805493,2,Day,960ef087e05742f2b803829b9a18fb69,2,50.599999999999994,0.0,iron,200.0,0
708.9588774344884,2,Day,960ef087e05742f2b803829b9a18fb69,2,50.599999999999994,0.0,iron,200.0,0
709.9631544342265,2,Day,960ef087e05742f2b803829b9a18fb69,2,50.599999999999994,0.0,iron,200.0,0
710.9675727635622,2,Day,960ef087e05742f2b803829b9a18fb69,1,47.99999999999999,0.0,iron,200.0,0
711.968196969945,2,Day,960ef087e05742f2b803829b9a18fb69,1,47.99999999999999,0.0,iron,200.0,0
712.9684572266415,2,Day,960ef087e05742f2b803829b9a18fb69,1,47.99999999999999,0.0,iron,200.0,0
713.9750060145743,2,Day,960ef087e05742f2b803829b9a18fb69,1,47.99999999999999,0.0,iron,200.0,0
714.982185180299,2,Day,960ef087e05742f2b803829b9a18fb69,1,47.99999999999999,0.0,iron,200.0,0
715.9893340165727,2,Day,960ef087e05742f2b803829b9a18fb69,1,47.99999999999999,0.0,iron,200.0,0
716.9962714291178,2,Day,960ef087e05742f2b803829b9a18fb69,1,47.99999999999999,0.0,iron,200.0,0
718.0030185957439,2,Day,960ef087e05742f2b803829b9a18fb69,1,47.99999999999999,0.0,iron,200.0,0
719.0114841377363,2,Day,960ef087e05742f2b803829b9a18fb69,1,47.99999999999999,0.0,iron,200.0,0
720.0151494285092,2,Day,960ef087e05742f2b803829b9a18fb69,1,47.99999999999999,0.0,iron,200.0,0
721.0227494658902,2,Day,960ef087e05742f2b803829b9a18fb69,1,47.99999999999999,0.0,iron,200.0,0
722.026815335732,2,Day,960ef087e05742f2b803829b9a18fb69,1,47.99999999999999,0.0,iron,200.0,0
723.0274414191954,2,Day,960ef087e05742f2b803829b9a18fb69,1,47.99999999999999,0.0,iron,200.0,0
724.0292330021039,2,Day,960ef087e05742f2b803829b9a18fb69,1,47.99999999999999,0.0,iron,200.0,0
725.0319197163917,2,Day,960ef087e05742f2b803829b9a18fb69,1,47.99999999999999,0.0,iron,200.0,0
726.0320303016342,2,Day,960ef087e05742f2b803829b9a18fb69,1,47.99999999999999,0.0,iron,200.0,0
727.0366194294766,2,Day,960ef087e05742f2b803829b9a18fb69,1,47.99999999999999,0.0,iron,200.0,0
728.0429711309262,2,Day,960ef087e05742f2b803829b9a18fb69,2,47.99999999999999,30.0,iron,200.0,0
729.0468146731146,2,Day,960ef087e05742f2b803829b9a18fb69,2,47.99999999999999,30.0,iron,200.0,0
730.0534093044698,2,Day,960ef087e05742f2b803829b9a18fb69,2,47.99999999999999,30.0,iron,200.0,0
731.0539150512777,2,Day,960ef087e05742f2b803829b9a18fb69,2,47.99999999999999,30.0,iron,200.0,0
732.0593926385045,2,Day,960ef087e05742f2b803829b9a18fb69,2,47.99999999999999,30.0,iron,200.0,0
733.0661593046971,2,Day,960ef087e05742f2b803829b9a18fb69,2,47.99999999999999,30.0,iron,200.0,0
734.0706328889355,2,Day,960ef087e05742f2b803829b9a18fb69,2,47.99999999999999,30.0,iron,200.0,0
735.073888218496,2,Day,960ef087e05742f2b803829b9a18fb69,2,47.99999999999999,30.0,iron,200.0,0
736.0808519721031,2,Day,960ef087e05742f2b803829b9a18fb69,2,47.99999999999999,30.0,iron,200.0,0
737.0860170102678,2,Day,960ef087e05742f2b803829b9a18fb69,2,47.99999999999999,30.0,iron,200.0,0
738.0871802591719,2,Day,960ef087e05742f2b803829b9a18fb69,1,46.599999999999994,30.0,iron,200.0,0
739.0942168026231,2,Day,960ef087e05742f2b803829b9a18fb69,1,46.599999999999994,30.0,iron,200.0,0
740.0978383044712,2,Day,960ef087e05742f2b803829b9a18fb69,1,46.599999999999994,30.0,iron,200.0,0
741.1040233462118,2,Day,960ef087e05742f2b803829b9a18fb69,1,46.599999999999994,30.0,iron,200.0,0
742.1111912187189,2,Day,960ef087e05742f2b803829b9a18fb69,1,46.599999999999994,30.0,iron,200.0,0
743.117234590929,2,Day,960ef087e05742f2b803829b9a18fb69,2,46.599999999999994,0.0,iron,200.0,0
744.1200860850513,2,Day,960ef087e05742f2b803829b9a18fb69,2,46.599999999999994,0.0,iron,200.0,0
745.1272618006915,2,Day,960ef087e05742f2b803829b9a18fb69,2,46.599999999999994,0.0,iron,200.0,0
746.134147840552,2,Day,960ef087e05742f2b803829b9a18fb69,2,46.599999999999994,0.0,iron,200.0,0
747.1384257096797,2,Day,960ef087e05742f2b803829b9a18fb69,2,46.599999999999994,0.0,iron,200.0,0
748.1411490896717,2,Day,960ef087e05742f2b803829b9a18fb69,2,46.599999999999994,0.0,iron,200.0,0
749.1432357928716,2,Day,960ef087e05742f2b803829b9a18fb69,2,46.599999999999994,0.0,iron,200.0,0
750.0460107894614,2,Day,960ef087e05742f2b803829b9a18fb69,2,46.599999999999994,0.0,iron,200.0,0
751.1562926270999,2,Day,960ef087e05742f2b803829b9a18fb69,2,46.599999999999994,0.0,iron,200.0,0
752.162832299713,2,Day,960ef087e05742f2b803829b9a18fb69,2,46.599999999999994,0.0,iron,200.0,0
753.1672878284007,2,Day,960ef087e05742f2b803829b9a18fb69,1,43.99999999999999,0.0,iron,200.0,0
754.1737125786021,2,Day,960ef087e05742f2b803829b9a18fb69,1,43.99999999999999,0.0,iron,200.0,0
755.1761734155007,2,Day,960ef087e05742f2b803829b9a18fb69,1,43.99999999999999,0.0,iron,200.0,0
756.1780188307166,2,Day,960ef087e05742f2b803829b9a18fb69,1,43.99999999999999,0.0,iron,200.0,0
757.179203083273,2,Day,960ef087e05742f2b803829b9a18fb69,1,43.99999999999999,0.0,iron,200.0,0
758.1844925391488,2,Day,960ef087e05742f2b803829b9a18fb69,1,43.99999999999999,0.0,iron,200.0,0
759.1890466199256,2,Day,960ef087e05742f2b803829b9a18fb69,1,43.99999999999999,0.0,iron,200.0,0
760.1893082521856,2,Day,960ef087e05742f2b803829b9a18fb69,1,43.99999999999999,0.0,iron,200.0,0
761.1959737460129,2,Day,960ef087e05742f2b803829b9a18fb69,1,43.99999999999999,0.0,iron,200.0,0
762.202728997916,2,Day,960ef087e05742f2b803829b9a18fb69,1,43.99999999999999,0.0,iron,200.0,0
763.2027864544652,2,Day,960ef087e05742f2b803829b9a18fb69,1,43.99999999999999,0.0,iron,200.0,0
764.211702958215,2,Day,960ef087e05742f2b803829b9a18fb69,1,43.99999999999999,0.0,iron,200.0,0
765.2162815434858,2,Day,960ef087e05742f2b803829b9a18fb69,1,43.99999999999999,0.0,iron,200.0,0
766.21924745664,2,Day,960ef087e05742f2b803829b9a18fb69,1,43.99999999999999,0.0,iron,200.0,0
767.2204257040285,2,Day,960ef087e05742f2b803829b9a18fb69,1,43.99999999999999,0.0,iron,200.0,0
768.2276097079739,2,Day,960ef087e05742f2b803829b9a18fb69,1,43.99999999999999,0.0,iron,200.0,0
769.2302571744658,2,Day,960ef087e05742f2b803829b9a18fb69,1,43.99999999999999,0.0,iron,200.0,0
770.2374302553944,2,Day,960ef087e05742f2b803829b9a18fb69,2,43.99999999999999,30.0,iron,200.0,0
771.2431173399091,2,Day,960ef087e05742f2b803829b9a18fb69,2,43.99999999999999,30.0,iron,200.0,0
772.2488968479447,2,Day,960ef087e05742f2b803829b9a18fb69,2,43.99999999999999,30.0,iron,200.0,0
773.2527501336299,2,Day,960ef087e05742f2b803829b9a18fb69,2,43.99999999999999,30.0,iron,200.0,0
774.253188805189,2,Day,960ef087e05742f2b803829b9a18fb69,2,43.99999999999999,30.0,iron,200.0,0
775.257042223122,2,Day,960ef087e05742f2b803829b9a18fb69,2,43.99999999999999,30.0,iron,200.0,0
776.2576353480108,2,Day,960ef087e05742f2b803829b9a18fb69,2,43.99999999999999,30.0,iron,200.0,0
777.2614234262146,2,Day,960ef087e05742f2b803829b9a18fb69,2,43.99999999999999,30.0,iron,200.0,0
778.2638147622347,2,Day,960ef087e05742f2b803829b9a18fb69,2,43.99999999999999,30.0,iron,200.0,0
779.2690263041295,2,Day,960ef087e05742f2b803829b9a18fb69,2,43.99999999999999,30.0,iron,200.0,0
780.2710519824177,2,Night,960ef087e05742f2b803829b9a18fb69,1,42.599999999999994,30.0,iron,200.0,4
781.2726977346465,2,Night,960ef087e05742f2b803829b9a18fb69,1,42.599999999999994,30.0,iron,200.0,10
782.2796059031971,2,Night,960ef087e05742f2b803829b9a18fb69,1,42.599999999999994,30.0,iron,200.0,21
783.2868041093461,2,Night,960ef087e05742f2b803829b9a18fb69,1,42.599999999999994,30.0,iron,200.0,30
784.2899976493791,2,Night,960ef087e05742f2b803829b9a18fb69,1,42.599999999999994,30.0,iron,200.0,41
785.2947302740067,2,Night,960ef087e05742f2b803829b9a18fb69,2,42.599999999999994,0.0,iron,200.0,50
786.301116942428,2,Night,960ef087e05742f2b803829b9a18fb69,2,42.599999999999994,0.0,iron,200.0,58
787.3056183159351,2,Night,960ef087e05742f2b803829b9a18fb69,2,42.599999999999994,0.0,iron,200.0,67
788.3118755207397,2,Night,960ef087e05742f2b803829b9a18fb69,2,42.599999999999994,0.0,iron,200.0,78
789.3136121067218,2,Night,960ef087e05742f2b803829b9a18fb69,2,42.599999999999994,0.0,iron,200.0,87
790.3135558147915,2,Night,960ef087e05742f2b803829b9a18fb69,2,42.599999999999994,0.0,iron,200.0,98
791.3184732650407,2,Night,960ef087e05742f2b803829b9a18fb69,2,42.599999999999994,0.0,iron,200.0,104
792.3260342762806,2,Night,960ef087e05742f2b803829b9a18fb69,2,42.599999999999994,0.0,iron,200.0,115
793.331326069776,2,Night,960ef087e05742f2b803829b9a18fb69,2,42.599999999999994,0.0,iron,200.0,116
794.3390622274019,2,Night,960ef087e05742f2b803829b9a18fb69,2,42.599999999999994,0.0,iron,200.0,116
795.3443139735609,2,Night,960ef087e05742f2b803829b9a18fb69,1,39.99999999999999,0.0,iron,200.0,116
796.3499076017179,2,Night,960ef087e05742f2b803829b9a18fb69,1,39.99999999999999,0.0,iron,200.0,113
797.3527196031064,2,Night,960ef087e05742f2b803829b9a18fb69,1,39.99999999999999,0.0,iron,200.0,113
798.3540170555934,2,Night,960ef087e05742f2b803829b9a18fb69,1,39.99999999999999,0.0,iron,200.0,112
799.3554366426542,2,Night,960ef087e05742f2b803829b9a18fb69,1,39.99999999999999,0.0,iron,200.0,110
800.3584185158834,2,Night,960ef087e05742f2b803829b9a18fb69,1,39.99999999999999,0.0,iron,200.0,108
801.362375095021,2,Night,960ef087e05742f2b803829b9a18fb69,1,39.99999999999999,0.0,iron,200.0,103
802.3680832646787,2,Night,960ef087e05742f2b803829b9a18fb69,1,39.99999999999999,0.0,iron,200.0,102
803.368714557495,2,Night,960ef087e05742f2b803829b9a18fb69,1,39.99999999999999,0.0,iron,200.0,100
804.3746035564691,2,Night,960ef087e05742f2b803829b9a18fb69,1,39.99999999999999,0.0,iron,200.0,97
805.3811008501798,2,Night,960ef087e05742f2b803829b9a18fb69,1,39.99999999999999,0.0,iron,200.0,95
806.3863783054985,2,Night,960ef087e05742f2b803829b9a18fb69,1,39.99999999999999,0.0,iron,200.0,93
807.3905270942487,2,Night,960ef087e05742f2b803829b9a18fb69,1,39.99999999999999,0.0,iron,200.0,93
808.3972010612488,2,Night,960ef087e05742f2b803829b9a18fb69,1,39.99999999999999,0.0,iron,200.0,93
809.397356682457,2,Night,960ef087e05742f2b803829b9a18fb69,1,39.99999999999999,0.0,iron,200.0,93
810.4033438512124,2,Night,960ef087e05742f2b803829b9a18fb69,1,39.99999999999999,0.0,iron,200.0,93
811.4046152294613,2,Night,960ef087e05742f2b803829b9a18fb69,1,39.99999999999999,0.0,iron,200.0,93
812.4061315166764,2,Night,960ef087e05742f2b803829b9a18fb69,2,39.99999999999999,30.0,iron,200.0,93
813.4109881045297,2,Night,960ef087e05742f2b803829b9a18fb69,2,39.99999999999999,30.0,iron,200.0,93
814.4178937650286,2,Night,960ef087e05742f2b803829b9a18fb69,2,39.99999999999999,30.0,iron,200.0,93
815.4235046817921,2,Night,960ef087e05742f2b803829b9a18fb69,2,39.99999999999999,30.0,iron,200.0,93
816.4277174253948,2,Night,960ef087e05742f2b803829b9a18fb69,2,39.99999999999999,30.0,iron,200.0,93
817.429429051932,2,Night,960ef087e05742f2b803829b9a18fb69,2,39.99999999999999,30.0,iron,200.0,93
818.4313956736587,2,Night,960ef087e05742f2b803829b9a18fb69,2,39.99999999999999,30.0,iron,200.0,93
819.4380490412004,2,Night,960ef087e05742f2b803829b9a18fb69,2,39.99999999999999,30.0,iron,200.0,93
820.4392792512663,2,Night,960ef087e05742f2b803829b9a18fb69,2,39.99999999999999,30.0,iron,200.0,93
821.4464170429856,2,Night,960ef087e05742f2b803829b9a18fb69,2,39.99999999999999,30.0,iron,200.0,93
822.4475347138941,2,Night,960ef087e05742f2b803829b9a18fb69,1,38.599999999999994,30.0,iron,200.0,93
823.4516111253761,2,Night,960ef087e05742f2b803829b9a18fb69,1,38.599999999999994,30.0,iron,200.0,93
824.4577943393961,2,Night,960ef087e05742f2b803829b9a18fb69,1,38.599999999999994,30.0,iron,200.0,93
825.4587497967295,2,Night,960ef087e05742f2b803829b9a18fb69,1,38.599999999999994,30.0,iron,200.0,93
826.4645196343772,2,Night,960ef087e05742f2b803829b9a18fb69,1,38.599999999999994,30.0,iron,200.0,93
827.470894260332,2,Night,960ef087e05742f2b803829b9a18fb69,2,38.599999999999994,0.0,iron,200.0,93
828.4737753057852,2,Night,960ef087e05742f2b803829b9a18fb69,2,38.599999999999994,0.0,iron,200.0,93
829.480195260141,2,Night,960ef087e05742f2b803829b9a18fb69,2,38.599999999999994,0.0,iron,200.0,93
830.480645172298,2,Night,960ef087e05742f2b803829b9a18fb69,2,38.599999999999994,0.0,iron,200.0,93
831.4811102980748,2,Night,960ef087e05742f2b803829b9a18fb69,2,38.599999999999994,0.0,iron,200.0,93
832.4879275849089,2,Night,960ef087e05742f2b803829b9a18fb69,2,38.599999999999994,0.0,iron,200.0,93
833.4956925422885,2,Night,960ef087e05742f2b803829b9a18fb69,2,38.599999999999994,0.0,iron,200.0,93
834.4966079550795,2,Night,960ef087e05742f2b803829b9a18fb69,2,38.599999999999994,0.0,iron,200.0,93
835.5019599595107,2,Night,960ef087e05742f2b803829b9a18fb69,2,38.599999999999994,0.0,iron,200.0,93
836.5056416741572,2,Night,960ef087e05742f2b803829b9a18fb69,2,38.599999999999994,0.0,iron,200.0,93
837.5095824608579,2,Night,960ef087e05742f2b803829b9a18fb69,1,35.99999999999999,0.0,iron,200.0,93
838.512250166852,2,Night,960ef087e05742f2b803829b9a18fb69,1,35.99999999999999,0.0,iron,200.0,93
839.5155095001683,2,Night,960ef087e05742f2b803829b9a18fb69,1,35.99999999999999,0.0,iron,200.0,93
840.5186138357967,2,Night,960ef087e05742f2b803829b9a18fb69,1,35.99999999999999,0.0,iron,200.0,93
841.5227912501432,2,Night,960ef087e05742f2b803829b9a18fb69,1,35.99999999999999,0.0,iron,200.0,93
842.5252999141812,2,Night,960ef087e05742f2b803829b9a18fb69,1,35.99999999999999,0.0,iron,200.0,93
843.5270626186393,2,Night,960ef087e05742f2b803829b9a18fb69,1,35.99999999999999,0.0,iron,200.0,92
844.5342838712968,2,Night,960ef087e05742f2b803829b9a18fb69,1,35.99999999999999,0.0,iron,200.0,92
845.5371307036839,2,Night,960ef087e05742f2b803829b9a18fb69,1,35.99999999999999,0.0,iron,200.0,92
846.5429779547267,2,Night,960ef087e05742f2b803829b9a18fb69,1,35.99999999999999,0.0,iron,200.0,92
847.5438371589407,2,Night,960ef087e05742f2b803829b9a18fb69,1,35.99999999999999,0.0,iron,200.0,92
848.5492020728998,2,Night,960ef087e05742f2b803829b9a18fb69,1,35.99999999999999,0.0,iron,200.0,79
849.5526871206239,2,Night,960ef087e05742f2b803829b9a18fb69,1,35.99999999999999,0.0,iron,200.0,79
850.5615819138475,2,Night,960ef087e05742f2b803829b9a18fb69,1,35.99999999999999,0.0,iron,200.0,79
851.5630732448772,2,Night,960ef087e05742f2b803829b9a18fb69,1,35.99999999999999,0.0,iron,200.0,79
852.5706404601224,2,Night,960ef087e05742f2b803829b9a18fb69,1,35.99999999999999,0.0,iron,200.0,79
853.5736024505459,2,Night,960ef087e05742f2b803829b9a18fb69,2,35.99999999999999,30.0,iron,200.0,67
854.5804111994803,2,Night,960ef087e05742f2b803829b9a18fb69,2,35.99999999999999,30.0,iron,200.0,67
855.5868174904026,2,Night,960ef087e05742f2b803829b9a18fb69,2,35.99999999999999,30.0,iron,200.0,67
856.587235996034,2,Night,960ef087e05742f2b803829b9a18fb69,2,35.99999999999999,30.0,iron,200.0,67
857.5917718298733,2,Night,960ef087e05742f2b803829b9a18fb69,2,35.99999999999999,30.0,iron,200.0,67
858.5991924959235,2,Night,960ef087e05742f2b803829b9a18fb69,2,35.99999999999999,30.0,iron,200.0,62
859.6066646645777,2,Night,960ef087e05742f2b803829b9a18fb69,2,35.99999999999999,30.0,iron,200.0,62
860.611446284689,2,Night,960ef087e05742f2b803829b9a18fb69,2,35.99999999999999,30.0,iron,200.0,62
861.6140385000035,2,Night,960ef087e05742f2b803829b9a18fb69,2,35.99999999999999,30.0,iron,200.0,62
862.6153696249239,2,Night,960ef087e05742f2b803829b9a18fb69,2,35.99999999999999,30.0,iron,200.0,62
863.7230260767974,2,Night,960ef087e05742f2b803829b9a18fb69,1,34.599999999999994,30.0,iron,200.0,60
864.7272950364277,2,Night,960ef087e05742f2b803829b9a18fb69,1,34.599999999999994,30.0,iron,200.0,60
865.7285145362839,2,Night,960ef087e05742f2b803829b9a18fb69,1,34.599999999999994,30.0,iron,200.0,60
866.7342368201353,2,Night,960ef087e05742f2b803829b9a18fb69,1,34.599999999999994,30.0,iron,200.0,60
867.7362428638153,2,Night,960ef087e05742f2b803829b9a18fb69,1,34.599999999999994,30.0,iron,200.0,60
868.7372386511415,2,Night,960ef087e05742f2b803829b9a18fb69,2,34.599999999999994,0.0,iron,200.0,58
869.7382059018128,2,Night,960ef087e05742f2b803829b9a18fb69,2,34.599999999999994,0.0,iron,200.0,58
870.7463611550629,2,Night,960ef087e05742f2b803829b9a18fb69,2,34.599999999999994,0.0,iron,200.0,58
871.7478275331669,2,Night,960ef087e05742f2b803829b9a18fb69,2,34.599999999999994,0.0,iron,200.0,58
872.7517329459079,2,Night,960ef087e05742f2b803829b9a18fb69,2,34.599999999999994,0.0,iron,200.0,58
873.7538843587972,2,Night,960ef087e05742f2b803829b9a18fb69,2,34.599999999999994,0.0,iron,200.0,56
874.7544456957839,2,Night,960ef087e05742f2b803829b9a18fb69,2,34.599999999999994,0.0,iron,200.0,56
875.7614710708149,2,Night,960ef087e05742f2b803829b9a18fb69,2,34.599999999999994,0.0,iron,200.0,56
876.7659724028781,2,Night,960ef087e05742f2b803829b9a18fb69,2,34.599999999999994,0.0,iron,200.0,56
877.767184403725,2,Night,960ef087e05742f2b803829b9a18fb69,2,34.599999999999994,0.0,iron,200.0,50
878.7722919932567,2,Night,960ef087e05742f2b803829b9a18fb69,1,31.999999999999993,0.0,iron,200.0,48
879.7780032427981,2,Night,960ef087e05742f2b803829b9a18fb69,1,31.999999999999993,0.0,iron,200.0,48
880.7814132375643,2,Night,960ef087e05742f2b803829b9a18fb69,1,31.999999999999993,0.0,iron,200.0,48
881.7888465318829,2,Night,960ef087e05742f2b803829b9a18fb69,1,31.999999999999993,0.0,iron,200.0,48
882.7914952873252,2,Night,960ef087e05742f2b803829b9a18fb69,1,31.999999999999993,0.0,iron,197.3492206283845,48
883.7957833702676,2,Night,960ef087e05742f2b803829b9a18fb69,1,31.999999999999993,0.0,iron,193.8286914699711,40
884.7996064969338,2,Night,960ef087e05742f2b803829b9a18fb69,1,31.999999999999993,0.0,iron,189.63793959934264,40
885.804110290017,2,Night,960ef087e05742f2b803829b9a18fb69,1,31.999999999999993,0.0,iron,184.615420633927,40
886.8069097422995,2,Night,960ef087e05742f2b803829b9a18fb69,1,31.999999999999993,0.0,iron,183.76743148081005,31
887.8113102414645,2,Night,960ef087e05742f2b803829b9a18fb69,1,31.999999999999993,0.0,iron,183.76743148081005,31
888.8164953677915,2,Night,960ef087e05742f2b803829b9a18fb69,1,31.999999999999993,0.0,iron,183.76743148081005,31
889.8191305776127,2,Night,960ef087e05742f2b803829b9a18fb69,1,31.999999999999993,0.0,iron,183.76743148081005,31
890.8266442068852,2,Night,960ef087e05742f2b803829b9a18fb69,1,31.999999999999993,0.0,iron,183.76743148081005,31
891.8295327066444,2,Night,960ef087e05742f2b803829b9a18fb69,1,31.999999999999993,0.0,iron,183.76743148081005,31
892.9002623809502,2,Night,960ef087e05742f2b803829b9a18fb69,1,31.999999999999993,0.0,iron,183.76743148081005,31
893.9056382039562,2,Night,960ef087e05742f2b803829b9a18fb69,1,31.999999999999993,0.0,iron,183.76743148081005,31
894.9069407032803,2,Night,960ef087e05742f2b803829b9a18fb69,1,31.999999999999993,0.0,iron,183.76743148081005,31
895.9087727852166,2,Night,960ef087e05742f2b803829b9a18fb69,2,31.999999999999993,30.0,iron,183.76743148081005,31
896.9124867883511,2,Night,960ef087e05742f2b803829b9a18fb69,2,31.999999999999993,30.0,iron,183.76743148081005,31
897.9193384097889,2,Night,960ef087e05742f2b803829b9a18fb69,2,31.999999999999993,30.0,iron,183.76743148081005,31
898.9239137456752,2,Night,960ef087e05742f2b803829b9a18fb69,2,31.999999999999993,30.0,iron,183.76743148081005,31
899.929500120692,2,Night,960ef087e05742f2b803829b9a18fb69,2,31.999999999999993,30.0,iron,183.76743148081005,31
900.9350758311339,2,Night,960ef087e05742f2b803829b9a18fb69,2,31.999999999999993,30.0,iron,183.76743148081005,30
901.9390323287807,2,Night,960ef087e05742f2b803829b9a18fb69,2,31.999999999999993,30.0,iron,183.76743148081005,30
902.9396426249295,2,Night,960ef087e05742f2b803829b9a18fb69,2,31.999999999999993,30.0,iron,183.76743148081005,30
903.9464185414836,2,Night,960ef087e05742f2b803829b9a18fb69,2,31.999999999999993,30.0,iron,183.76743148081005,30
904.9516101693735,2,Night,960ef087e05742f2b803829b9a18fb69,2,31.999999999999993,30.0,iron,183.76743148081005,30
905.9591226256453,2,Night,960ef087e05742f2b803829b9a18fb69,1,30.599999999999994,30.0,iron,183.76743148081005,28
906.9649355867878,2,Night,960ef087e05742f2b803829b9a18fb69,1,30.599999999999994,30.0,iron,183.76743148081005,28
907.9684780058451,2,Night,960ef087e05742f2b803829b9a18fb69,1,30.599999999999994,30.0,iron,183.76743148081005,28
908.9728936301544,2,Night,960ef087e05742f2b803829b9a18fb69,1,30.599999999999994,30.0,iron,183.76743148081005,28
909.9767734226771,2,Night,960ef087e05742f2b803829b9a18fb69,1,30.599999999999994,30.0,iron,183.76743148081005,28
910.9784028837457,2,Night,960ef087e05742f2b803829b9a18fb69,2,30.599999999999994,0.0,iron,183.76743148081005,26
911.9849620116875,2,Night,960ef087e05742f2b803829b9a18fb69,2,30.599999999999994,0.0,iron,183.76743148081005,26
912.9887815588154,2,Night,960ef087e05742f2b803829b9a18fb69,2,30.599999999999994,0.0,iron,183.76743148081005,26
913.9889723877423,2,Night,960ef087e05742f2b803829b9a18fb69,2,30.599999999999994,0.0,iron,183.76743148081005,26
914.9891350958496,2,Night,960ef087e05742f2b803829b9a18fb69,2,30.599999999999994,0.0,iron,183.76743148081005,26
915.9897868903354,2,Night,960ef087e05742f2b803829b9a18fb69,2,30.599999999999994,0.0,iron,183.76743148081005,24
916.9922950183973,2,Night,960ef087e05742f2b803829b9a18fb69,2,30.599999999999994,0.0,iron,183.76743148081005,24
917.992939518299,2,Night,960ef087e05742f2b803829b9a18fb69,2,30.599999999999994,0.0,iron,183.76743148081005,24
918.9970147246495,2,Night,960ef087e05742f2b803829b9a18fb69,2,30.599999999999994,0.0,iron,183.76743148081005,24
919.997422517743,2,Night,960ef087e05742f2b803829b9a18fb69,2,30.599999999999994,0.0,iron,183.76743148081005,18
921.0045457608066,2,Night,960ef087e05742f2b803829b9a18fb69,1,27.999999999999993,0.0,iron,183.76743148081005,16
922.0128765907139,2,Night,960ef087e05742f2b803829b9a18fb69,1,27.999999999999993,0.0,iron,183.76743148081005,16
923.0150755494833,2,Night,960ef087e05742f2b803829b9a18fb69,1,27.999999999999993,0.0,iron,183.76743148081005,16
924.0189465875737,2,Night,960ef087e05742f2b803829b9a18fb69,1,27.999999999999993,0.0,iron,183.76743148081005,16
925.0232358421199,2,Night,960ef087e05742f2b803829b9a18fb69,1,27.999999999999993,0.0,iron,182.50579396961257,15
926.0254197595641,2,Night,960ef087e05742f2b803829b9a18fb69,1,27.999999999999993,0.0,iron,179.17725732084364,8
927.027509085834,2,Night,960ef087e05742f2b803829b9a18fb69,1,27.999999999999993,0.0,iron,175.20279463846236,8
928.0322383400053,2,Night,960ef087e05742f2b803829b9a18fb69,1,27.999999999999993,0.0,iron,170.1791483676061,8
929.0387465106323,2,Night,960ef087e05742f2b803829b9a18fb69,1,27.999999999999993,0.0,iron,167.78249399038032,0
930.0436071283184,2,Night,960ef087e05742f2b803829b9a18fb69,1,27.999999999999993,0.0,iron,167.78249399038032,0
931.04376387503,2,Night,960ef087e05742f2b803829b9a18fb69,1,27.999999999999993,0.0,iron,167.78249399038032,0
932.0460120881908,2,Night,960ef087e05742f2b803829b9a18fb69,1,27.999999999999993,0.0,iron,167.78249399038032,0
933.0464291735552,2,Night,960ef087e05742f2b803829b9a18fb69,1,27.999999999999993,0.0,iron,167.78249399038032,0
934.0468526715413,2,Night,960ef087e05742f2b803829b9a18fb69,1,27.999999999999993,0.0,iron,167.78249399038032,0
935.0504063316621,2,Night,960ef087e05742f2b803829b9a18fb69,1,27.999999999999993,0.0,iron,167.78249399038032,0
936.051052456256,2,Night,960ef087e05742f2b803829b9a18fb69,1,27.999999999999993,0.0,iron,167.78249399038032,0
937.054907837417,2,Night,960ef087e05742f2b803829b9a18fb69,1,27.999999999999993,0.0,iron,167.78249399038032,0
938.0615671263076,2,Night,960ef087e05742f2b803829b9a18fb69,2,27.999999999999993,30.0,iron,167.78249399038032,0
939.0648437533528,2,Night,960ef087e05742f2b803829b9a18fb69,2,27.999999999999993,30.0,iron,167.78249399038032,0
940.0713470950723,2,Night,960ef087e05742f2b803829b9a18fb69,2,27.999999999999993,30.0,iron,167.78249399038032,0
941.0771849271841,2,Night,960ef087e05742f2b803829b9a18fb69,2,27.999999999999993,30.0,iron,167.78249399038032,0
942.079104679171,2,Night,960ef087e05742f2b803829b9a18fb69,2,27.999999999999993,30.0,iron,167.78249399038032,0
943.0838880999945,2,Night,960ef087e05742f2b803829b9a18fb69,2,27.999999999999993,30.0,iron,167.78249399038032,0
944.0875391843729,2,Night,960ef087e05742f2b803829b9a18fb69,2,27.999999999999993,30.0,iron,167.78249399038032,0
945.0896357251331,2,Night,960ef087e05742f2b803829b9a18fb69,2,27.999999999999993,30.0,iron,167.78249399038032,0
946.0922516430728,2,Night,960ef087e05742f2b803829b9a18fb69,2,27.999999999999993,30.0,iron,167.78249399038032,0
947.0928084282205,2,Night,960ef087e05742f2b803829b9a18fb69,2,27.999999999999993,30.0,iron,167.78249399038032,0
948.1003008028492,2,Night,960ef087e05742f2b803829b9a18fb69,1,26.599999999999994,30.0,iron,167.78249399038032,0
949.1038110121153,2,Night,960ef087e05742f2b803829b9a18fb69,1,26.599999999999994,30.0,iron,167.78249399038032,0
950.1038917154074,2,Night,960ef087e05742f2b803829b9a18fb69,1,26.599999999999994,30.0,iron,167.78249399038032,0
951.1054731332697,2,Night,960ef087e05742f2b803829b9a18fb69,1,26.599999999999994,30.0,iron,167.78249399038032,0
952.1058850875124,2,Night,960ef087e05742f2b803829b9a18fb69,1,26.599999999999994,30.0,iron,167.78249399038032,0
953.1151834228076,2,Night,960ef087e05742f2b803829b9a18fb69,2,26.599999999999994,0.0,iron,167.78249399038032,0
954.1225258847699,2,Night,960ef087e05742f2b803829b9a18fb69,2,26.599999999999994,0.0,iron,167.78249399038032,0
955.1277943463065,2,Night,960ef087e05742f2b803829b9a18fb69,2,26.599999999999994,0.0,iron,167.78249399038032,0
956.1338981399313,2,Night,960ef087e05742f2b803829b9a18fb69,2,26.599999999999994,0.0,iron,167.78249399038032,0
957.1346179712564,2,Night,960ef087e05742f2b803829b9a18fb69,2,26.599999999999994,0.0,iron,167.78249399038032,0
958.1417936393991,2,Night,960ef087e05742f2b803829b9a18fb69,2,26.599999999999994,0.0,iron,167.78249399038032,0
959.1463395580649,2,Night,960ef087e05742f2b803829b9a18fb69,2,26.599999999999994,0.0,iron,167.78249399038032,0
960.0015575163998,3,Day,960ef087e05742f2b803829b9a18fb69,2,26.599999999999994,0.0,iron,167.78249399038032,0
961.1661248547025,3,Day,960ef087e05742f2b803829b9a18fb69,2,26.599999999999994,0.0,iron,167.78249399038032,0
962.1698348931968,3,Day,960ef087e05742f2b803829b9a18fb69,2,26.599999999999994,0.0,iron,167.78249399038032,0
963.1755440970883,3,Day,960ef087e05742f2b803829b9a18fb69,1,23.999999999999993,0.0,iron,167.78249399038032,0
964.1827473100275,3,Day,960ef087e05742f2b803829b9a18fb69,1,23.999999999999993,0.0,iron,167.78249399038032,0
965.1858712714165,3,Day,960ef087e05742f2b803829b9a18fb69,1,23.999999999999993,0.0,iron,167.78249399038032,0
966.1915549351834,3,Day,960ef087e05742f2b803829b9a18fb69,1,23.999999999999993,0.0,iron,167.78249399038032,0
967.1959339370951,3,Day,960ef087e05742f2b803829b9a18fb69,1,23.999999999999993,0.0,iron,167.78249399038032,0
968.2014848501422,3,Day,960ef087e05742f2b803829b9a18fb69,1,23.999999999999993,0.0,iron,167.78249399038032,0
969.2025842722505,3,Day,960ef087e05742f2b803829b9a18fb69,1,23.999999999999993,0.0,iron,167.78249399038032,0
970.2091947714798,3,Day,960ef087e05742f2b803829b9a18fb69,1,23.999999999999993,0.0,iron,167.78249399038032,0
971.209421263542,3,Day,960ef087e05742f2b803829b9a18fb69,1,23.999999999999993,0.0,iron,167.78249399038032,0
972.2152398554608,3,Day,960ef087e05742f2b803829b9a18fb69,1,23.999999999999993,0.0,iron,167.78249399038032,0
973.2208702256903,3,Day,960ef087e05742f2b803829b9a18fb69,1,23.999999999999993,0.0,iron,167.78249399038032,0
974.2238256409764,3,Day,960ef087e05742f2b803829b9a18fb69,1,23.999999999999993,0.0,iron,167.78249399038032,0
975.2248915568925,3,Day,960ef087e05742f2b803829b9a18fb69,1,23.999999999999993,0.0,iron,167.78249399038032,0
976.2325935107656,3,Day,960ef087e05742f2b803829b9a18fb69,1,23.999999999999993,0.0,iron,167.78249399038032,0
977.2401183508337,3,Day,960ef087e05742f2b803829b9a18fb69,1,23.999999999999993,0.0,iron,167.78249399038032,0
978.2448205961846,3,Day,960ef087e05742f2b803829b9a18fb69,1,23.999999999999993,0.0,iron,167.78249399038032,0
979.2472775587812,3,Day,960ef087e05742f2b803829b9a18fb69,1,23.999999999999993,0.0,iron,167.78249399038032,0
980.2481969697401,3,Day,960ef087e05742f2b803829b9a18fb69,2,23.999999999999993,30.0,iron,167.78249399038032,0
981.2523358040489,3,Day,960ef087e05742f2b803829b9a18fb69,2,23.999999999999993,30.0,iron,167.78249399038032,0
982.2551442198455,3,Day,960ef087e05742f2b803829b9a18fb69,2,23.999999999999993,30.0,iron,167.78249399038032,0
983.2562693920918,3,Day,960ef087e05742f2b803829b9a18fb69,2,23.999999999999993,30.0,iron,167.78249399038032,0
984.2602474326268,3,Day,960ef087e05742f2b803829b9a18fb69,2,23.999999999999993,30.0,iron,167.78249399038032,0
985.2609073119238,3,Day,960ef087e05742f2b803829b9a18fb69,2,23.999999999999993,30.0,iron,167.78249399038032,0
986.2636644765735,3,Day,960ef087e05742f2b803829b9a18fb69,2,23.999999999999993,30.0,iron,167.78249399038032,0
987.2661364362575,3,Day,960ef087e05742f2b803829b9a18fb69,2,23.999999999999993,30.0,iron,167.78249399038032,0
988.2726269802079,3,Day,960ef087e05742f2b803829b9a18fb69,2,23.999999999999993,30.0,iron,167.78249399038032,0
989.2792983530089,3,Day,960ef087e05742f2b803829b9a18fb69,2,23.999999999999993,30.0,iron,167.78249399038032,0
990.2809541961178,3,Day,960ef087e05742f2b803829b9a18fb69,1,22.599999999999994,30.0,iron,167.78249399038032,0
991.282285854686,3,Day,960ef087e05742f2b803829b9a18fb69,1,22.599999999999994,30.0,iron,167.78249399038032,0
992.2840572353452,3,Day,960ef087e05742f2b803829b9a18fb69,1,22.599999999999994,30.0,iron,167.78249399038032,0
993.285471605137,3,Day,960ef087e05742f2b803829b9a18fb69,1,22.599999999999994,30.0,iron,167.78249399038032,0
994.2892436510883,3,Day,960ef087e05742f2b803829b9a18fb69,1,22.599999999999994,30.0,iron,167.78249399038032,0
995.2895684875548,3,Day,960ef087e05742f2b803829b9a18fb69,2,22.599999999999994,0.0,iron,167.78249399038032,0
996.2990691978484,3,Day,960ef087e05742f2b803829b9a18fb69,2,22.599999999999994,0.0,iron,167.78249399038032,0
997.3037497363985,3,Day,960ef087e05742f2b803829b9a18fb69,2,22.599999999999994,0.0,iron,167.78249399038032,0
998.3078640270978,3,Day,960ef087e05742f2b803829b9a18fb69,2,22.599999999999994,0.0,iron,167.78249399038032,0
999.3121137339622,3,Day,960ef087e05742f2b803829b9a18fb69,2,22.599999999999994,0.0,iron,167.78249399038032,0
1000.3181515685283,3,Day,960ef087e05742f2b803829b9a18fb69,2,22.599999999999994,0.0,iron,167.78249399038032,0
1001.3185730627738,3,Day,960ef087e05742f2b803829b9a18fb69,2,22.599999999999994,0.0,iron,167.78249399038032,0
1002.3247209801339,3,Day,960ef087e05742f2b803829b9a18fb69,2,22.599999999999994,0.0,iron,167.78249399038032,0
1003.3315916918218,3,Day,960ef087e05742f2b803829b9a18fb69,2,22.599999999999994,0.0,iron,167.78249399038032,0
1004.3378915651701,3,Day,960ef087e05742f2b803829b9a18fb69,2,22.599999999999994,0.0,iron,167.78249399038032,0
1005.3436525189318,3,Day,960ef087e05742f2b803829b9a18fb69,3,19.999999999999993,0.0,iron,167.78249399038032,0
1006.344715103507,3,Day,960ef087e05742f2b803829b9a18fb69,3,19.999999999999993,0.0,iron,167.78249399038032,0
1007.3456945614889,3,Day,960ef087e05742f2b803829b9a18fb69,3,19.999999999999993,0.0,iron,167.78249399038032,0
1008.3519858927466,3,Day,960ef087e05742f2b803829b9a18fb69,3,19.999999999999993,0.0,iron,167.78249399038032,0
1009.3595552206971,3,Day,960ef087e05742f2b803829b9a18fb69,3,19.999999999999993,0.0,iron,167.78249399038032,0
1010.3623874317855,3,Day,960ef087e05742f2b803829b9a18fb69,3,19.999999999999993,0.0,iron,167.78249399038032,0
1011.3669272214174,3,Day,960ef087e05742f2b803829b9a18fb69,3,19.999999999999993,0.0,iron,167.78249399038032,0
1012.3703435966745,3,Day,960ef087e05742f2b803829b9a18fb69,3,19.999999999999993,0.0,iron,167.78249399038032,0
1013.376015227288,3,Day,960ef087e05742f2b803829b9a18fb69,3,19.999999999999993,0.0,iron,167.78249399038032,0
1014.3796462235041,3,Day,960ef087e05742f2b803829b9a18fb69,3,19.999999999999993,0.0,iron,167.78249399038032,0
1015.3853433495387,3,Day,960ef087e05742f2b803829b9a18fb69,3,19.999999999999993,0.0,iron,167.78249399038032,0
1016.3911292194389,3,Day,960ef087e05742f2b803829b9a18fb69,3,19.999999999999993,0.0,iron,167.78249399038032,0
1017.3978363452479,3,Day,960ef087e05742f2b803829b9a18fb69,3,19.999999999999993,0.0,iron,167.78249399038032,0
1018.398577219341,3,Day,960ef087e05742f2b803829b9a18fb69,3,19.999999999999993,0.0,iron,167.78249399038032,0
1019.4018401401117,3,Day,960ef087e05742f2b803829b9a18fb69,3,19.999999999999993,0.0,iron,167.78249399038032,0
1020.4065669337288,3,Day,960ef087e05742f2b803829b9a18fb69,3,19.999999999999993,0.0,iron,167.78249399038032,0
1021.41344105592,3,Day,960ef087e05742f2b803829b9a18fb69,3,19.999999999999993,0.0,iron,167.78249399038032,0
1022.4147785189562,3,Day,960ef087e05742f2b803829b9a18fb69,2,70.0,30.0,iron,200.0,0
1023.4182104426436,3,Day,960ef087e05742f2b803829b9a18fb69,2,70.0,30.0,iron,200.0,0
1024.4196619372815,3,Day,960ef087e05742f2b803829b9a18fb69,2,70.0,30.0,iron,200.0,0
1025.4228582731448,3,Day,960ef087e05742f2b803829b9a18fb69,2,70.0,30.0,iron,200.0,0
1026.424723350443,3,Day,960ef087e05742f2b803829b9a18fb69,2,70.0,30.0,iron,200.0,0
1027.4318175185472,3,Day,960ef087e05742f2b803829b9a18fb69,2,70.0,30.0,iron,200.0,0
1028.4322567656636,3,Day,960ef087e05742f2b803829b9a18fb69,2,70.0,30.0,iron,200.0,0
1029.4379793503322,3,Day,960ef087e05742f2b803829b9a18fb69,2,70.0,30.0,iron,200.0,0
1030.4384678099304,3,Day,960ef087e05742f2b803829b9a18fb69,2,70.0,30.0,iron,200.0,0
1031.445250724908,3,Day,960ef087e05742f2b803829b9a18fb69,2,70.0,30.0,iron,200.0,0
1032.4495642646216,3,Day,960ef087e05742f2b803829b9a18fb69,1,68.6,30.0,iron,200.0,0
1033.4562081401236,3,Day,960ef087e05742f2b803829b9a18fb69,1,68.6,30.0,iron,200.0,0
1034.4633514289744,3,Day,960ef087e05742f2b803829b9a18fb69,1,68.6,30.0,iron,200.0,0
1035.4663608898409,3,Day,960ef087e05742f2b803829b9a18fb69,1,68.6,30.0,iron,200.0,0
1036.4688100190833,3,Day,960ef087e05742f2b803829b9a18fb69,1,68.6,30.0,iron,200.0,0
1037.4713615076616,3,Day,960ef087e05742f2b803829b9a18fb69,2,68.6,0.0,iron,200.0,0
1038.4718221765943,3,Day,960ef087e05742f2b803829b9a18fb69,2,68.6,0.0,iron,200.0,0
1039.4794502146542,3,Day,960ef087e05742f2b803829b9a18fb69,2,68.6,0.0,iron,200.0,0
1040.4803637983277,3,Day,960ef087e05742f2b803829b9a18fb69,2,68.6,0.0,iron,200.0,0
1041.4809852535836,3,Day,960ef087e05742f2b803829b9a18fb69,2,68.6,0.0,iron,200.0,0
1042.4823649581522,3,Day,960ef087e05742f2b803829b9a18fb69,2,68.6,0.0,iron,200.0,0
1043.4872861695476,3,Day,960ef087e05742f2b803829b9a18fb69,2,68.6,0.0,iron,200.0,0
1044.493060380686,3,Day,960ef087e05742f2b803829b9a18fb69,2,68.6,0.0,iron,200.0,0
1045.4946190798655,3,Day,960ef087e05742f2b803829b9a18fb69,2,68.6,0.0,iron,200.0,0
1046.497578540817,3,Day,960ef087e05742f2b803829b9a18fb69,2,68.6,0.0,iron,200.0,0
1047.5063121593557,3,Day,960ef087e05742f2b803829b9a18fb69,1,66.0,0.0,iron,200.0,0
1048.5111519969068,3,Day,960ef087e05742f2b803829b9a18fb69,1,66.0,0.0,iron,200.0,0
1049.5127474111505,3,Day,960ef087e05742f2b803829b9a18fb69,1,66.0,0.0,iron,200.0,0
1050.5142096672207,3,Day,960ef087e05742f2b803829b9a18fb69,1,66.0,0.0,iron,200.0,0
1051.5209270757623,3,Day,960ef087e05742f2b803829b9a18fb69,1,66.0,0.0,iron,200.0,0
1052.5279846633784,3,Day,960ef087e05742f2b803829b9a18fb69,1,66.0,0.0,iron,200.0,0
1053.5287245824002,3,Day,960ef087e05742f2b803829b9a18fb69,1,66.0,0.0,iron,200.0,0
1054.5355636649765,3,Day,960ef087e05742f2b803829b9a18fb69,1,66.0,0.0,iron,200.0,0
1055.5378352934495,3,Day,960ef087e05742f2b803829b9a18fb69,1,66.0,0.0,iron,200.0,0
1056.5395659185015,3,Day,960ef087e05742f2b803829b9a18fb69,1,66.0,0.0,iron,200.0,0
1057.5431331638247,3,Day,960ef087e05742f2b803829b9a18fb69,1,66.0,0.0,iron,200.0,0
1058.5458905436099,3,Day,960ef087e05742f2b803829b9a18fb69,1,66.0,0.0,iron,200.0,0
1059.5512315453961,3,Day,960ef087e05742f2b803829b9a18fb69,1,66.0,0.0,iron,200.0,0
1060.5552595001645,3,Day,960ef087e05742f2b803829b9a18fb69,1,66.0,0.0,iron,200.0,0
1061.56296037836,3,Day,960ef087e05742f2b803829b9a18fb69,1,66.0,0.0,iron,200.0,0
1062.5648747920059,3,Day,960ef087e05742f2b803829b9a18fb69,1,66.0,0.0,iron,200.0,0
1063.5662832562812,3,Day,960ef087e05742f2b803829b9a18fb69,1,66.0,0.0,iron,200.0,0
1064.5679422509857,3,Day,960ef087e05742f2b803829b9a18fb69,2,66.0,30.0,iron,200.0,0
1065.5680652074516,3,Day,960ef087e05742f2b803829b9a18fb69,2,66.0,30.0,iron,200.0,0
1066.5728509137407,3,Day,960ef087e05742f2b803829b9a18fb69,2,66.0,30.0,iron,200.0,0
1067.5779657047242,3,Day,960ef087e05742f2b803829b9a18fb69,2,66.0,30.0,iron,200.0,0
1068.5796337472275,3,Day,960ef087e05742f2b803829b9a18fb69,2,66.0,30.0,iron,200.0,0
1069.5811655409634,3,Day,960ef087e05742f2b803829b9a18fb69,2,66.0,30.0,iron,200.0,0
1070.5810783756897,3,Day,960ef087e05742f2b803829b9a18fb69,2,66.0,30.0,iron,200.0,0
1071.5847113779746,3,Day,960ef087e05742f2b803829b9a18fb69,2,66.0,30.0,iron,200.0,0
1072.585280995816,3,Day,960ef087e05742f2b803829b9a18fb69,2,66.0,30.0,iron,200.0,0
1073.5908183269203,3,Day,960ef087e05742f2b803829b9a18fb69,2,66.0,30.0,iron,200.0,0
1074.5933432872407,3,Day,960ef087e05742f2b803829b9a18fb69,1,64.6,30.0,iron,200.0,0
1075.598931832239,3,Day,960ef087e05742f2b803829b9a18fb69,1,64.6,30.0,iron,200.0,0
1076.605005830992,3,Day,960ef087e05742f2b803829b9a18fb69,1,64.6,30.0,iron,200.0,0
1077.6106269117445,3,Day,960ef087e05742f2b803829b9a18fb69,1,64.6,30.0,iron,200.0,0
1078.6136165326461,3,Day,960ef087e05742f2b803829b9a18fb69,1,64.6,30.0,iron,200.0,0
1079.616476739291,3,Day,960ef087e05742f2b803829b9a18fb69,2,64.6,0.0,iron,200.0,0
1080.6187693695538,3,Day,960ef087e05742f2b803829b9a18fb69,2,64.6,0.0,iron,200.0,0
1081.6194124529138,3,Day,960ef087e05742f2b803829b9a18fb69,2,64.6,0.0,iron,200.0,0
1082.624529785011,3,Day,960ef087e05742f2b803829b9a18fb69,2,64.6,0.0,iron,200.0,0
1083.62601765804,3,Day,960ef087e05742f2b803829b9a18fb69,2,64.6,0.0,iron,200.0,0
1084.6321549071,3,Day,960ef087e05742f2b803829b9a18fb69,2,64.6,0.0,iron,200.0,0
1085.6338763670065,3,Day,960ef087e05742f2b803829b9a18fb69,2,64.6,0.0,iron,200.0,0
1086.6392596620135,3,Day,960ef087e05742f2b803829b9a18fb69,2,64.6,0.0,iron,200.0,0
1087.6394595359452,3,Day,960ef087e05742f2b803829b9a18fb69,2,64.6,0.0,iron,200.0,0
1088.6437361603603,3,Day,960ef087e05742f2b803829b9a18fb69,2,64.6,0.0,iron,200.0,0
1089.6495019993745,3,Day,960ef087e05742f2b803829b9a18fb69,1,61.99999999999999,0.0,iron,200.0,0
1090.652401253581,3,Day,960ef087e05742f2b803829b9a18fb69,1,61.99999999999999,0.0,iron,200.0,0
1091.6526560452767,3,Day,960ef087e05742f2b803829b9a18fb69,1,61.99999999999999,0.0,iron,200.0,0
1092.6544052520767,3,Day,960ef087e05742f2b803829b9a18fb69,1,61.99999999999999,0.0,iron,200.0,0
1093.660638963338,3,Day,960ef087e05742f2b803829b9a18fb69,1,61.99999999999999,0.0,iron,200.0,0
1094.6633358355612,3,Day,960ef087e05742f2b803829b9a18fb69,1,61.99999999999999,0.0,iron,200.0,0
1095.6641490012407,3,Day,960ef087e05742f2b803829b9a18fb69,1,61.99999999999999,0.0,iron,200.0,0
1096.6649837065488,3,Day,960ef087e05742f2b803829b9a18fb69,1,61.99999999999999,0.0,iron,200.0,0
1097.6686737053096,3,Day,960ef087e05742f2b803829b9a18fb69,1,61.99999999999999,0.0,iron,200.0,0
1098.6755944942124,3,Day,960ef087e05742f2b803829b9a18fb69,1,61.99999999999999,0.0,iron,200.0,0
1099.681325290352,3,Day,960ef087e05742f2b803829b9a18fb69,1,61.99999999999999,0.0,iron,200.0,0
1100.6820065770298,3,Day,960ef087e05742f2b803829b9a18fb69,1,61.99999999999999,0.0,iron,200.0,0
1101.6835693726316,3,Day,960ef087e05742f2b803829b9a18fb69,1,61.99999999999999,0.0,iron,200.0,0
1102.6909027467482,3,Day,960ef087e05742f2b803829b9a18fb69,1,61.99999999999999,0.0,iron,200.0,0
1103.695722327102,3,Day,960ef087e05742f2b803829b9a18fb69,1,61.99999999999999,0.0,iron,200.0,0
1104.7026977450587,3,Day,960ef087e05742f2b803829b9a18fb69,1,61.99999999999999,0.0,iron,200.0,0
1105.7091307011433,3,Day,960ef087e05742f2b803829b9a18fb69,1,61.99999999999999,0.0,iron,200.0,0
1106.7126105725765,3,Day,960ef087e05742f2b803829b9a18fb69,2,61.99999999999999,30.0,iron,200.0,0
1107.7183988662437,3,Day,960ef087e05742f2b803829b9a18fb69,2,61.99999999999999,30.0,iron,200.0,0
1108.7252947851084,3,Day,960ef087e05742f2b803829b9a18fb69,2,61.99999999999999,30.0,iron,200.0,0
1109.7309509515762,3,Day,960ef087e05742f2b803829b9a18fb69,2,61.99999999999999,30.0,iron,200.0,0
1110.736309660133,3,Day,960ef087e05742f2b803829b9a18fb69,2,61.99999999999999,30.0,iron,200.0,0
1111.7390552824363,3,Day,960ef087e05742f2b803829b9a18fb69,2,61.99999999999999,30.0,iron,200.0,0
1112.7434562817216,3,Day,960ef087e05742f2b803829b9a18fb69,2,61.99999999999999,30.0,iron,200.0,0
1113.7474173638038,3,Day,960ef087e05742f2b803829b9a18fb69,2,61.99999999999999,30.0,iron,200.0,0
1114.748368119821,3,Day,960ef087e05742f2b803829b9a18fb69,2,61.99999999999999,30.0,iron,200.0,0
1115.7558629112318,3,Day,960ef087e05742f2b803829b9a18fb69,2,61.99999999999999,30.0,iron,200.0,0
1116.7619265760295,3,Day,960ef087e05742f2b803829b9a18fb69,1,60.599999999999994,30.0,iron,200.0,0
1117.7692476138473,3,Day,960ef087e05742f2b803829b9a18fb69,1,60.599999999999994,30.0,iron,200.0,0
1118.7731607034802,3,Day,960ef087e05742f2b803829b9a18fb69,1,60.599999999999994,30.0,iron,200.0,0
1119.7787030800246,3,Day,960ef087e05742f2b803829b9a18fb69,1,60.599999999999994,30.0,iron,200.0,0
1120.785125493072,3,Day,960ef087e05742f2b803829b9a18fb69,1,60.599999999999994,30.0,iron,200.0,0
1121.7928414908238,3,Day,960ef087e05742f2b803829b9a18fb69,2,60.599999999999994,0.0,iron,200.0,0
1122.79494977789,3,Day,960ef087e05742f2b803829b9a18fb69,2,60.599999999999994,0.0,iron,200.0,0
1123.797816154547,3,Day,960ef087e05742f2b803829b9a18fb69,2,60.599999999999994,0.0,iron,200.0,0
1124.804158152081,3,Day,960ef087e05742f2b803829b9a18fb69,2,60.599999999999994,0.0,iron,200.0,0
1125.8108936981298,3,Day,960ef087e05742f2b803829b9a18fb69,2,60.599999999999994,0.0,iron,200.0,0
1126.816417356953,3,Day,960ef087e05742f2b803829b9a18fb69,2,60.599999999999994,0.0,iron,200.0,0
1127.8232101062313,3,Day,960ef087e05742f2b803829b9a18fb69,2,60.599999999999994,0.0,iron,200.0,0
1128.824453401845,3,Day,960ef087e05742f2b803829b9a18fb69,2,60.599999999999994,0.0,iron,200.0,0
1129.827520698309,3,Day,960ef087e05742f2b803829b9a18fb69,2,60.599999999999994,0.0,iron,200.0,0
1130.833894988522,3,Day,960ef087e05742f2b803829b9a18fb69,2,60.599999999999994,0.0,iron,200.0,0
1131.8348018657416,3,Day,960ef087e05742f2b803829b9a18fb69,1,57.99999999999999,0.0,iron,200.0,0
1132.9183858684264,3,Day,960ef087e05742f2b803829b9a18fb69,1,57.99999999999999,0.0,iron,200.0,0
1133.9199307449162,3,Day,960ef087e05742f2b803829b9a18fb69,1,57.99999999999999,0.0,iron,200.0,0
1134.927052746527,3,Day,960ef087e05742f2b803829b9a18fb69,1,57.99999999999999,0.0,iron,200.0,0
1135.9316197475418,3,Day,960ef087e05742f2b803829b9a18fb69,1,57.99999999999999,0.0,iron,200.0,0
1136.933710073121,3,Day,960ef087e05742f2b803829b9a18fb69,1,57.99999999999999,0.0,iron,200.0,0
1137.939378037583,3,Day,960ef087e05742f2b803829b9a18fb69,1,57.99999999999999,0.0,iron,200.0,0
1138.9446629947051,3,Day,960ef087e05742f2b803829b9a18fb69,1,57.99999999999999,0.0,iron,200.0,0
1139.9486393728293,3,Day,960ef087e05742f2b803829b9a18fb69,1,57.99999999999999,0.0,iron,200.0,0
1140.9513365775347,3,Day,960ef087e05742f2b803829b9a18fb69,1,57.99999999999999,0.0,iron,200.0,0
1141.9536202815361,3,Day,960ef087e05742f2b803829b9a18fb69,1,57.99999999999999,0.0,iron,200.0,0
1142.9573927796446,3,Day,960ef087e05742f2b803829b9a18fb69,1,57.99999999999999,0.0,iron,200.0,0
1143.9605136979371,3,Day,960ef087e05742f2b803829b9a18fb69,1,57.99999999999999,0.0,iron,200.0,0
1144.9653289085254,3,Day,960ef087e05742f2b803829b9a18fb69,1,57.99999999999999,0.0,iron,200.0,0
1145.9702842431143,3,Day,960ef087e05742f2b803829b9a18fb69,1,57.99999999999999,0.0,iron,200.0,0
1146.9756261152215,3,Day,960ef087e05742f2b803829b9a18fb69,1,57.99999999999999,0.0,iron,200.0,0
1147.9758564969525,3,Day,960ef087e05742f2b803829b9a18fb69,1,57.99999999999999,0.0,iron,200.0,0
1148.9817346683703,3,Day,960ef087e05742f2b803829b9a18fb69,2,57.99999999999999,30.0,iron,200.0,0
1149.9892850061879,3,Day,960ef087e05742f2b803829b9a18fb69,2,57.99999999999999,30.0,iron,200.0,0
1150.997107965406,3,Day,960ef087e05742f2b803829b9a18fb69,2,57.99999999999999,30.0,iron,200.0,0
1151.998616097495,3,Day,960ef087e05742f2b803829b9a18fb69,2,57.99999999999999,30.0,iron,200.0,0
1153.001136812847,3,Day,960ef087e05742f2b803829b9a18fb69,2,57.99999999999999,30.0,iron,200.0,0
1154.0040342677385,3,Day,960ef087e05742f2b803829b9a18fb69,2,57.99999999999999,30.0,iron,200.0,0
1155.0074288467877,3,Day,960ef087e05742f2b803829b9a18fb69,2,57.99999999999999,30.0,iron,200.0,0
1156.0104589760303,3,Day,960ef087e05742f2b803829b9a18fb69,2,57.99999999999999,30.0,iron,200.0,0
1157.0174602200277,3,Day,960ef087e05742f2b803829b9a18fb69,2,57.99999999999999,30.0,iron,200.0,0
1158.0241748895496,3,Day,960ef087e05742f2b803829b9a18fb69,2,57.99999999999999,30.0,iron,200.0,0
1159.026704100892,3,Day,960ef087e05742f2b803829b9a18fb69,1,56.599999999999994,30.0,iron,200.0,0
1160.0309535101987,3,Day,960ef087e05742f2b803829b9a18fb69,1,56.599999999999994,30.0,iron,200.0,0
1161.0332506424747,3,Day,960ef087e05742f2b803829b9a18fb69,1,56.599999999999994,30.0,iron,200.0,0
1162.0364537257701,3,Day,960ef087e05742f2b803829b9a18fb69,1,56.599999999999994,30.0,iron,200.0,0
1163.0397311467677,3,Day,960ef087e05742f2b803829b9a18fb69,1,56.599999999999994,30.0,iron,200.0,0
1164.042022431735,3,Day,960ef087e05742f2b803829b9a18fb69,2,56.599999999999994,0.0,iron,200.0,0
1165.0435830513015,3,Day,960ef087e05742f2b803829b9a18fb69,2,56.599999999999994,0.0,iron,200.0,0
1166.0482857222669,3,Day,960ef087e05742f2b803829b9a18fb69,2,56.599999999999994,0.0,iron,200.0,0
1167.048661056906,3,Day,960ef087e05742f2b803829b9a18fb69,2,56.599999999999994,0.0,iron,200.0,0
1168.0511102643795,3,Day,960ef087e05742f2b803829b9a18fb69,2,56.599999999999994,0.0,iron,200.0,0
1169.0532503882423,3,Day,960ef087e05742f2b803829b9a18fb69,2,56.599999999999994,0.0,iron,200.0,0
1170.0321408514865,3,Day,960ef087e05742f2b803829b9a18fb69,2,56.599999999999994,0.0,iron,200.0,0
1171.19538343139,3,Day,960ef087e05742f2b803829b9a18fb69,2,56.599999999999994,0.0,iron,200.0,0
1172.1984895612113,3,Day,960ef087e05742f2b803829b9a18fb69,2,56.599999999999994,0.0,iron,200.0,0
1173.203172268346,3,Day,960ef087e05742f2b803829b9a18fb69,2,56.599999999999994,0.0,iron,200.0,0
1174.2037180690095,3,Day,960ef087e05742f2b803829b9a18fb69,1,53.99999999999999,0.0,iron,200.0,0
1175.2045172760263,3,Day,960ef087e05742f2b803829b9a18fb69,1,53.99999999999999,0.0,iron,200.0,0
1176.2046029833145,3,Day,960ef087e05742f2b803829b9a18fb69,1,53.99999999999999,0.0,iron,200.0,0
1177.2064942778088,3,Day,960ef087e05742f2b803829b9a18fb69,1,53.99999999999999,0.0,iron,200.0,0
1178.2136260308325,3,Day,960ef087e05742f2b803829b9a18fb69,1,53.99999999999999,0.0,iron,200.0,0
1179.220482907258,3,Day,960ef087e05742f2b803829b9a18fb69,1,53.99999999999999,0.0,iron,200.0,0
1180.222609109711,3,Day,960ef087e05742f2b803829b9a18fb69,1,53.99999999999999,0.0,iron,200.0,0
1181.2236374481581,3,Day,960ef087e05742f2b803829b9a18fb69,1,53.99999999999999,0.0,iron,200.0,0
1182.2272583269514,3,Day,960ef087e05742f2b803829b9a18fb69,1,53.99999999999999,0.0,iron,200.0,0
1183.2285196995363,3,Day,960ef087e05742f2b803829b9a18fb69,1,53.99999999999999,0.0,iron,200.0,0
1184.231174532324,3,Day,960ef087e05742f2b803829b9a18fb69,1,53.99999999999999,0.0,iron,200.0,0
1185.2374527412467,3,Day,960ef087e05742f2b803829b9a18fb69,1,53.99999999999999,0.0,iron,200.0,0
1186.2442415715195,3,Day,960ef087e05742f2b803829b9a18fb69,1,53.99999999999999,0.0,iron,200.0,0
1187.2503410726786,3,Day,960ef087e05742f2b803829b9a18fb69,1,53.99999999999999,0.0,iron,200.0,0
1188.2535013691522,3,Day,960ef087e05742f2b803829b9a18fb69,1,53.99999999999999,0.0,iron,200.0,0
1189.253680656664,3,Day,960ef087e05742f2b803829b9a18fb69,1,53.99999999999999,0.0,iron,200.0,0
1190.4004169986583,3,Day,960ef087e05742f2b803829b9a18fb69,2,53.99999999999999,30.0,iron,200.0,0
1191.407454833854,3,Day,960ef087e05742f2b803829b9a18fb69,2,53.99999999999999,30.0,iron,200.0,0
1192.409762953408,3,Day,960ef087e05742f2b803829b9a18fb69,2,53.99999999999999,30.0,iron,200.0,0
1193.416052246932,3,Day,960ef087e05742f2b803829b9a18fb69,2,53.99999999999999,30.0,iron,200.0,0
1194.4175335844047,3,Day,960ef087e05742f2b803829b9a18fb69,2,53.99999999999999,30.0,iron,200.0,0
1195.419083669316,3,Day,960ef087e05742f2b803829b9a18fb69,2,53.99999999999999,30.0,iron,200.0,0
1196.4224561629817,3,Day,960ef087e05742f2b803829b9a18fb69,2,53.99999999999999,30.0,iron,200.0,0
1197.4266519979574,3,Day,960ef087e05742f2b803829b9a18fb69,2,53.99999999999999,30.0,iron,200.0,0
1198.4266261174344,3,Day,960ef087e05742f2b803829b9a18fb69,2,53.99999999999999,30.0,iron,200.0,0
1199.4282385408878,3,Day,960ef087e05742f2b803829b9a18fb69,2,53.99999999999999,30.0,iron,200.0,0
1200.4315724126063,3,Day,960ef087e05742f2b803829b9a18fb69,1,52.599999999999994,30.0,iron,200.0,0
1201.4394344915636,3,Day,960ef087e05742f2b803829b9a18fb69,1,52.599999999999994,30.0,iron,200.0,0
1202.4464255766943,3,Day,960ef087e05742f2b803829b9a18fb69,1,52.599999999999994,30.0,iron,200.0,0
1203.4508897410706,3,Day,960ef087e05742f2b803829b9a18fb69,1,52.599999999999994,30.0,iron,200.0,0
1204.4567674919963,3,Day,960ef087e05742f2b803829b9a18fb69,1,52.599999999999994,30.0,iron,200.0,0
1205.4627009988762,3,Day,960ef087e05742f2b803829b9a18fb69,2,52.599999999999994,0.0,iron,200.0,0
1206.4661198384129,3,Day,960ef087e05742f2b803829b9a18fb69,2,52.599999999999994,0.0,iron,200.0,0
1207.473021834623,3,Day,960ef087e05742f2b803829b9a18fb69,2,52.599999999999994,0.0,iron,200.0,0
1208.4782485836186,3,Day,960ef087e05742f2b803829b9a18fb69,2,52.599999999999994,0.0,iron,200.0,0
1209.480555371847,3,Day,960ef087e05742f2b803829b9a18fb69,2,52.599999999999994,0.0,iron,200.0,0
1210.4828673335724,3,Day,960ef087e05742f2b803829b9a18fb69,2,52.599999999999994,0.0,iron,200.0,0
1211.4873220790178,3,Day,960ef087e05742f2b803829b9a18fb69,2,52.599999999999994,0.0,iron,200.0,0
1212.4905024170876,3,Day,960ef087e05742f2b803829b9a18fb69,2,52.599999999999994,0.0,iron,200.0,0
1213.4923959546722,3,Day,960ef087e05742f2b803829b9a18fb69,2,52.599999999999994,0.0,iron,200.0,0
1214.4949632873759,3,Day,960ef087e05742f2b803829b9a18fb69,2,52.599999999999994,0.0,iron,200.0,0
1215.4973405334167,3,Day,960ef087e05742f2b803829b9a18fb69,1,49.99999999999999,0.0,iron,200.0,0
1216.5024587414227,3,Day,960ef087e05742f2b803829b9a18fb69,1,49.99999999999999,0.0,iron,200.0,0
1217.5038049914874,3,Day,960ef087e05742f2b803829b9a18fb69,1,49.99999999999999,0.0,iron,200.0,0
1218.50844678469,3,Day,960ef087e05742f2b803829b9a18fb69,1,49.99999999999999,0.0,iron,200.0,0
1219.5122256628238,3,Day,960ef087e05742f2b803829b9a18fb69,1,49.99999999999999,0.0,iron,200.0,0
1220.5147156189196,3,Day,960ef087e05742f2b803829b9a18fb69,1,49.99999999999999,0.0,iron,200.0,0
1221.5184918656014,3,Day,960ef087e05742f2b803829b9a18fb69,1,49.99999999999999,0.0,iron,200.0,0
1222.5236642332748,3,Day,960ef087e05742f2b803829b9a18fb69,1,49.99999999999999,0.0,iron,200.0,0
1223.5287553165108,3,Day,960ef087e05742f2b803829b9a18fb69,1,49.99999999999999,0.0,iron,200.0,0
1224.535267651081,3,Day,960ef087e05742f2b803829b9a18fb69,1,49.99999999999999,0.0,iron,200.0,0
1225.5403010724112,3,Day,960ef087e05742f2b803829b9a18fb69,1,49.99999999999999,0.0,iron,200.0,0
1226.546866111923,3,Day,960ef087e05742f2b803829b9a18fb69,1,49.99999999999999,0.0,iron,200.0,0
1227.550471399445,3,Day,960ef087e05742f2b803829b9a18fb69,1,49.99999999999999,0.0,iron,200.0,0
1228.55640998343,3,Day,960ef087e05742f2b803829b9a18fb69,1,49.99999999999999,0.0,iron,200.0,0
1229.5642585693859,3,Day,960ef087e05742f2b803829b9a18fb69,1,49.99999999999999,0.0,iron,200.0,0
1230.5692263189703,3,Day,960ef087e05742f2b803829b9a18fb69,1,49.99999999999999,0.0,iron,200.0,0
1231.5718350699171,3,Day,960ef087e05742f2b803829b9a18fb69,1,49.99999999999999,0.0,iron,200.0,0
1232.57614948228,3,Day,960ef087e05742f2b803829b9a18fb69,2,49.99999999999999,30.0,iron,200.0,0
1233.582166526001,3,Day,960ef087e05742f2b803829b9a18fb69,2,49.99999999999999,30.0,iron,200.0,0
1234.585531604942,3,Day,960ef087e05742f2b803829b9a18fb69,2,49.99999999999999,30.0,iron,200.0,0
1235.5867543146014,3,Day,960ef087e05742f2b803829b9a18fb69,2,49.99999999999999,30.0,iron,200.0,0
1236.588212607894,3,Day,960ef087e05742f2b803829b9a18fb69,2,49.99999999999999,30.0,iron,200.0,0
1237.595368986018,3,Day,960ef087e05742f2b803829b9a18fb69,2,49.99999999999999,30.0,iron,200.0,0
1238.5962827415206,3,Day,960ef087e05742f2b803829b9a18fb69,2,49.99999999999999,30.0,iron,200.0,0
1239.6026427051984,3,Day,960ef087e05742f2b803829b9a18fb69,2,49.99999999999999,30.0,iron,200.0,0
1240.6080229561776,3,Day,960ef087e05742f2b803829b9a18fb69,2,49.99999999999999,30.0,iron,200.0,0
1241.6102908691391,3,Day,960ef087e05742f2b803829b9a18fb69,2,49.99999999999999,30.0,iron,200.0,0
1242.6116162827238,3,Day,960ef087e05742f2b803829b9a18fb69,1,48.599999999999994,30.0,iron,200.0,0
1243.611602531746,3,Day,960ef087e05742f2b803829b9a18fb69,1,48.599999999999994,30.0,iron,200.0,0
1244.6187978256494,3,Day,960ef087e05742f2b803829b9a18fb69,1,48.599999999999994,30.0,iron,200.0,0
1245.6220954088494,3,Day,960ef087e05742f2b803829b9a18fb69,1,48.599999999999994,30.0,iron,200.0,0
1246.6262851939537,3,Day,960ef087e05742f2b803829b9a18fb69,1,48.599999999999994,30.0,iron,200.0,0
1247.6312529430725,3,Day,960ef087e05742f2b803829b9a18fb69,2,48.599999999999994,0.0,iron,200.0,0
1248.6383466511033,3,Day,960ef087e05742f2b803829b9a18fb69,2,48.599999999999994,0.0,iron,200.0,0
1249.6447425717488,3,Day,960ef087e05742f2b803829b9a18fb69,2,48.599999999999994,0.0,iron,200.0,0
1250.6482849912718,3,Day,960ef087e05742f2b803829b9a18fb69,2,48.599999999999994,0.0,iron,200.0,0
1251.6497598630376,3,Day,960ef087e05742f2b803829b9a18fb69,2,48.599999999999994,0.0,iron,200.0,0
1252.654892991297,3,Day,960ef087e05742f2b803829b9a18fb69,2,48.599999999999994,0.0,iron,200.0,0
1253.6615532780997,3,Day,960ef087e05742f2b803829b9a18fb69,2,48.599999999999994,0.0,iron,200.0,0
1254.6665879427455,3,Day,960ef087e05742f2b803829b9a18fb69,2,48.599999999999994,0.0,iron,200.0,0
1255.6711251097731,3,Day,960ef087e05742f2b803829b9a18fb69,2,48.599999999999994,0.0,iron,200.0,0
1256.6744522377849,3,Day,960ef087e05742f2b803829b9a18fb69,2,48.599999999999994,0.0,iron,200.0,0
1257.675775530748,3,Day,960ef087e05742f2b803829b9a18fb69,1,45.99999999999999,0.0,iron,200.0,0
1258.6777717811055,3,Day,960ef087e05742f2b803829b9a18fb69,1,45.99999999999999,0.0,iron,200.0,0
1259.6805378254503,3,Day,960ef087e05742f2b803829b9a18fb69,1,45.99999999999999,0.0,iron,200.0,0
1260.6875611031428,3,Night,960ef087e05742f2b803829b9a18fb69,1,45.99999999999999,0.0,iron,200.0,8
1261.6946184798144,3,Night,960ef087e05742f2b803829b9a18fb69,1,45.99999999999999,0.0,iron,200.0,14
1262.7010008133948,3,Night,960ef087e05742f2b803829b9a18fb69,1,45.99999999999999,0.0,iron,200.0,25
1263.7023451430723,3,Night,960ef087e05742f2b803829b9a18fb69,1,45.99999999999999,0.0,iron,200.0,34
1264.7094381507486,3,Night,960ef087e05742f2b803829b9a18fb69,1,45.99999999999999,0.0,iron,200.0,45
1265.7111939005554,3,Night,960ef087e05742f2b803829b9a18fb69,1,45.99999999999999,0.0,iron,200.0,54
1266.7122098561376,3,Night,960ef087e05742f2b803829b9a18fb69,1,45.99999999999999,0.0,iron,200.0,55
1267.717577144038,3,Night,960ef087e05742f2b803829b9a18fb69,1,45.99999999999999,0.0,iron,200.0,64
1268.722611518111,3,Night,960ef087e05742f2b803829b9a18fb69,1,45.99999999999999,0.0,iron,200.0,75
1269.7248114449903,3,Night,960ef087e05742f2b803829b9a18fb69,1,45.99999999999999,0.0,iron,200.0,84
1270.7295763995498,3,Night,960ef087e05742f2b803829b9a18fb69,1,45.99999999999999,0.0,iron,200.0,95
1271.7349496600218,3,Night,960ef087e05742f2b803829b9a18fb69,1,45.99999999999999,0.0,iron,200.0,94
1272.7349881986156,3,Night,960ef087e05742f2b803829b9a18fb69,1,45.99999999999999,0.0,iron,200.0,105
1273.7353449491784,3,Night,960ef087e05742f2b803829b9a18fb69,1,45.99999999999999,0.0,iron,200.0,114
1274.7413164433092,3,Night,960ef087e05742f2b803829b9a18fb69,2,45.99999999999999,30.0,iron,200.0,125
1275.7422984056175,3,Night,960ef087e05742f2b803829b9a18fb69,2,45.99999999999999,30.0,iron,200.0,127
1276.7426287443377,3,Night,960ef087e05742f2b803829b9a18fb69,2,45.99999999999999,30.0,iron,200.0,118
1277.7488506683148,3,Night,960ef087e05742f2b803829b9a18fb69,2,45.99999999999999,30.0,iron,200.0,118
1278.75275891833,3,Night,960ef087e05742f2b803829b9a18fb69,2,45.99999999999999,30.0,iron,200.0,118
1279.761470418889,3,Night,960ef087e05742f2b803829b9a18fb69,2,45.99999999999999,30.0,iron,200.0,118
1280.7615211708471,3,Night,960ef087e05742f2b803829b9a18fb69,2,45.99999999999999,30.0,iron,200.0,118
1281.7680307491682,3,Night,960ef087e05742f2b803829b9a18fb69,2,45.99999999999999,30.0,iron,200.0,112
1282.7737303292379,3,Night,960ef087e05742f2b803829b9a18fb69,2,45.99999999999999,30.0,iron,200.0,112
1283.776463910006,3,Night,960ef087e05742f2b803829b9a18fb69,2,45.99999999999999,30.0,iron,200.0,112
1284.7768569956534,3,Night,960ef087e05742f2b803829b9a18fb69,1,44.599999999999994,30.0,iron,200.0,112
1285.7802530415356,3,Night,960ef087e05742f2b803829b9a18fb69,1,44.599999999999994,30.0,iron,200.0,112
1286.7865679170936,3,Night,960ef087e05742f2b803829b9a18fb69,1,44.599999999999994,30.0,iron,200.0,112
1287.7876345417462,3,Night,960ef087e05742f2b803829b9a18fb69,1,44.599999999999994,30.0,iron,200.0,112
1288.7893172493204,3,Night,960ef087e05742f2b803829b9a18fb69,1,44.599999999999994,30.0,iron,200.0,112
1289.7943212105893,3,Night,960ef087e05742f2b803829b9a18fb69,2,44.599999999999994,0.0,iron,200.0,112
1290.7955325427465,3,Night,960ef087e05742f2b803829b9a18fb69,2,44.599999999999994,0.0,iron,200.0,112
1291.7969102491625,3,Night,960ef087e05742f2b803829b9a18fb69,2,44.599999999999994,0.0,iron,200.0,112
1292.803968291264,3,Night,960ef087e05742f2b803829b9a18fb69,2,44.599999999999994,0.0,iron,200.0,112
1293.8081154543906,3,Night,960ef087e05742f2b803829b9a18fb69,2,44.599999999999994,0.0,iron,200.0,110
1294.8152062534355,3,Night,960ef087e05742f2b803829b9a18fb69,2,44.599999999999994,0.0,iron,200.0,110
1295.8214221680537,3,Night,960ef087e05742f2b803829b9a18fb69,2,44.599999999999994,0.0,iron,200.0,110
1296.8273648307659,3,Night,960ef087e05742f2b803829b9a18fb69,2,44.599999999999994,0.0,iron,200.0,110
1297.8277524947189,3,Night,960ef087e05742f2b803829b9a18fb69,2,44.599999999999994,0.0,iron,200.0,110
1298.833748580888,3,Night,960ef087e05742f2b803829b9a18fb69,2,44.599999999999994,0.0,iron,200.0,108
1299.834813375026,3,Night,960ef087e05742f2b803829b9a18fb69,1,41.99999999999999,0.0,iron,200.0,108
1300.8354407460429,3,Night,960ef087e05742f2b803829b9a18fb69,1,41.99999999999999,0.0,iron,200.0,108
1301.8427407876588,3,Night,960ef087e05742f2b803829b9a18fb69,1,41.99999999999999,0.0,iron,200.0,108
1302.849570787046,3,Night,960ef087e05742f2b803829b9a18fb69,1,41.99999999999999,0.0,iron,200.0,108
1303.849669834599,3,Night,960ef087e05742f2b803829b9a18fb69,1,41.99999999999999,0.0,iron,200.0,106
1304.8566398308612,3,Night,960ef087e05742f2b803829b9a18fb69,1,41.99999999999999,0.0,iron,200.0,106
1305.8605779162608,3,Night,960ef087e05742f2b803829b9a18fb69,1,41.99999999999999,0.0,iron,200.0,106
1306.8615819974802,3,Night,960ef087e05742f2b803829b9a18fb69,1,41.99999999999999,0.0,iron,200.0,106
1307.8678239979781,3,Night,960ef087e05742f2b803829b9a18fb69,1,41.99999999999999,0.0,iron,200.0,106
1308.8705477952026,3,Night,960ef087e05742f2b803829b9a18fb69,1,41.99999999999999,0.0,iron,200.0,104
1309.876001833938,3,Night,960ef087e05742f2b803829b9a18fb69,1,41.99999999999999,0.0,iron,200.0,104
1310.87861337699,3,Night,960ef087e05742f2b803829b9a18fb69,1,41.99999999999999,0.0,iron,200.0,104
1311.8853453337215,3,Night,960ef087e05742f2b803829b9a18fb69,1,41.99999999999999,0.0,iron,200.0,104
1312.935770962853,3,Night,960ef087e05742f2b803829b9a18fb69,1,41.99999999999999,0.0,iron,200.0,103
1313.9394517950714,3,Night,960ef087e05742f2b803829b9a18fb69,1,41.99999999999999,0.0,iron,200.0,100
1314.9414610955864,3,Night,960ef087e05742f2b803829b9a18fb69,1,41.99999999999999,0.0,iron,200.0,100
1315.9471686766483,3,Night,960ef087e05742f2b803829b9a18fb69,1,41.99999999999999,0.0,iron,200.0,100
1316.947917508427,3,Night,960ef087e05742f2b803829b9a18fb69,2,41.99999999999999,30.0,iron,200.0,100
1317.9514481346123,3,Night,960ef087e05742f2b803829b9a18fb69,2,41.99999999999999,30.0,iron,200.0,97
1318.9524473799393,3,Night,960ef087e05742f2b803829b9a18fb69,2,41.99999999999999,30.0,iron,200.0,94
1319.9567567147315,3,Night,960ef087e05742f2b803829b9a18fb69,2,41.99999999999999,30.0,iron,200.0,94
1320.9636137620546,3,Night,960ef087e05742f2b803829b9a18fb69,2,41.99999999999999,30.0,iron,200.0,90
1321.9709193040617,3,Night,960ef087e05742f2b803829b9a18fb69,2,41.99999999999999,30.0,iron,200.0,90
1322.9771251766942,3,Night,960ef087e05742f2b803829b9a18fb69,2,41.99999999999999,30.0,iron,200.0,88
1323.97751242714,3,Night,960ef087e05742f2b803829b9a18fb69,2,41.99999999999999,30.0,iron,200.0,86
1324.9791892995127,3,Night,960ef087e05742f2b803829b9a18fb69,2,41.99999999999999,30.0,iron,200.0,85
1325.9832515921444,3,Night,960ef087e05742f2b803829b9a18fb69,2,41.99999999999999,30.0,iron,200.0,83
1326.9889555969276,3,Night,960ef087e05742f2b803829b9a18fb69,1,40.599999999999994,30.0,iron,200.0,80
1327.992708007805,3,Night,960ef087e05742f2b803829b9a18fb69,1,40.599999999999994,30.0,iron,200.0,76
1328.999481673818,3,Night,960ef087e05742f2b803829b9a18fb69,1,40.599999999999994,30.0,iron,200.0,74
1330.0025269230828,3,Night,960ef087e05742f2b803829b9a18fb69,1,40.599999999999994,30.0,iron,200.0,74
1331.0041036731564,3,Night,960ef087e05742f2b803829b9a18fb69,1,40.599999999999994,30.0,iron,200.0,74
1332.0070759188384,3,Night,960ef087e05742f2b803829b9a18fb69,2,40.599999999999994,0.0,iron,200.0,74
1333.0098196673207,3,Night,960ef087e05742f2b803829b9a18fb69,2,40.599999999999994,0.0,iron,200.0,74
1334.0168950413354,3,Night,960ef087e05742f2b803829b9a18fb69,2,40.599999999999994,0.0,iron,200.0,72
1335.0218848325312,3,Night,960ef087e05742f2b803829b9a18fb69,2,40.599999999999994,0.0,iron,200.0,72
1336.0268934196793,3,Night,960ef087e05742f2b803829b9a18fb69,2,40.599999999999994,0.0,iron,200.0,72
1337.0271167485043,3,Night,960ef087e05742f2b803829b9a18fb69,2,40.599999999999994,0.0,iron,200.0,72
1338.0323598356918,3,Night,960ef087e05742f2b803829b9a18fb69,2,40.599999999999994,0.0,iron,200.0,72
1339.0384350474924,3,Night,960ef087e05742f2b803829b9a18fb69,2,40.599999999999994,0.0,iron,200.0,71
1340.0461145904846,3,Night,960ef087e05742f2b803829b9a18fb69,2,40.599999999999994,0.0,iron,200.0,65
1341.0515379635617,3,Night,960ef087e05742f2b803829b9a18fb69,2,40.599999999999994,0.0,iron,200.0,65
1342.057996422518,3,Night,960ef087e05742f2b803829b9a18fb69,1,37.99999999999999,0.0,iron,200.0,65
1343.0641342974268,3,Night,960ef087e05742f2b803829b9a18fb69,1,37.99999999999999,0.0,iron,200.0,65
1344.0650340514258,3,Night,960ef087e05742f2b803829b9a18fb69,1,37.99999999999999,0.0,iron,200.0,64
1345.0662725078873,3,Night,960ef087e05742f2b803829b9a18fb69,1,37.99999999999999,0.0,iron,197.93030977947637,57
1346.0669248402119,3,Night,960ef087e05742f2b803829b9a18fb69,1,37.99999999999999,0.0,iron,197.69903958542272,57
1347.071450712625,3,Night,960ef087e05742f2b803829b9a18fb69,1,37.99999999999999,0.0,iron,192.67641022335738,57
1348.0768581675366,3,Night,960ef087e05742f2b803829b9a18fb69,1,37.99999999999999,0.0,iron,187.64937294879928,57
1349.0820195400156,3,Night,960ef087e05742f2b803829b9a18fb69,1,37.99999999999999,0.0,iron,182.62356608640403,45
1350.0893736653961,3,Night,960ef087e05742f2b803829b9a18fb69,1,37.99999999999999,0.0,iron,177.58679545950145,43
1351.094975209795,3,Night,960ef087e05742f2b803829b9a18fb69,1,37.99999999999999,0.0,iron,172.55878773750737,41
1352.100768711418,3,Night,960ef087e05742f2b803829b9a18fb69,1,37.99999999999999,0.0,iron,172.4435519077815,30
1353.1021517892368,3,Night,960ef087e05742f2b803829b9a18fb69,1,37.99999999999999,0.0,iron,172.4435519077815,28
1354.1073473766446,3,Night,960ef087e05742f2b803829b9a18fb69,1,37.99999999999999,0.0,iron,172.4435519077815,15
1355.1112375073135,3,Night,960ef087e05742f2b803829b9a18fb69,1,37.99999999999999,0.0,iron,172.4435519077815,15
1356.1172315459698,3,Night,960ef087e05742f2b803829b9a18fb69,1,37.99999999999999,0.0,iron,172.4435519077815,15
1357.1186510864645,3,Night,960ef087e05742f2b803829b9a18fb69,1,37.99999999999999,0.0,iron,172.4435519077815,15
1358.1208347128704,3,Night,960ef087e05742f2b803829b9a18fb69,1,37.99999999999999,0.0,iron,172.4435519077815,9
1359.121451546438,3,Night,960ef087e05742f2b803829b9a18fb69,2,37.99999999999999,30.0,iron,172.4435519077815,0
1360.1249552513473,3,Night,960ef087e05742f2b803829b9a18fb69,2,37.99999999999999,30.0,iron,172.4435519077815,0
1361.126362584997,3,Night,960ef087e05742f2b803829b9a18fb69,2,37.99999999999999,30.0,iron,172.4435519077815,0
1362.1297732545063,3,Night,960ef087e05742f2b803829b9a18fb69,2,37.99999999999999,30.0,iron,172.4435519077815,0
1363.137388461735,3,Night,960ef087e05742f2b803829b9a18fb69,2,37.99999999999999,30.0,iron,172.4435519077815,0
1364.1427649934776,3,Night,960ef087e05742f2b803829b9a18fb69,2,37.99999999999999,30.0,iron,172.4435519077815,0
1365.1502176662907,3,Night,960ef087e05742f2b803829b9a18fb69,2,37.99999999999999,30.0,iron,172.4435519077815,0
1366.151848084759,3,Night,960ef087e05742f2b803829b9a18fb69,2,37.99999999999999,30.0,iron,172.4435519077815,0
1367.1562897451222,3,Night,960ef087e05742f2b803829b9a18fb69,2,37.99999999999999,30.0,iron,172.4435519077815,0
1368.163899494335,3,Night,960ef087e05742f2b803829b9a18fb69,2,37.99999999999999,30.0,iron,172.4435519077815,0
1369.1709965723567,3,Night,960ef087e05742f2b803829b9a18fb69,1,36.599999999999994,30.0,iron,172.4435519077815,0
1370.1716011175886,3,Night,960ef087e05742f2b803829b9a18fb69,1,36.599999999999994,30.0,iron,172.4435519077815,0
1371.1754584088922,3,Night,960ef087e05742f2b803829b9a18fb69,1,36.599999999999994,30.0,iron,172.4435519077815,0
1372.176285745576,3,Night,960ef087e05742f2b803829b9a18fb69,1,36.599999999999994,30.0,iron,172.4435519077815,0
1373.1791772050783,3,Night,960ef087e05742f2b803829b9a18fb69,1,36.599999999999994,30.0,iron,172.4435519077815,0
1374.1791577106342,3,Night,960ef087e05742f2b803829b9a18fb69,2,36.599999999999994,0.0,iron,172.4435519077815,0
1375.185449004639,3,Night,960ef087e05742f2b803829b9a18fb69,2,36.599999999999994,0.0,iron,172.4435519077815,0
1376.1930560059845,3,Night,960ef087e05742f2b803829b9a18fb69,2,36.599999999999994,0.0,iron,172.4435519077815,0
1377.1998133771122,3,Night,960ef087e05742f2b803829b9a18fb69,2,36.599999999999994,0.0,iron,172.4435519077815,0
1378.2054998762906,3,Night,960ef087e05742f2b803829b9a18fb69,2,36.599999999999994,0.0,iron,172.4435519077815,0
1379.205984161701,3,Night,960ef087e05742f2b803829b9a18fb69,2,36.599999999999994,0.0,iron,172.4435519077815,0
1380.2077898322605,3,Night,960ef087e05742f2b803829b9a18fb69,2,36.599999999999994,0.0,iron,172.4435519077815,0
1381.2121230410412,3,Night,960ef087e05742f2b803829b9a18fb69,2,36.599999999999994,0.0,iron,172.4435519077815,0
1382.217360460665,3,Night,960ef087e05742f2b803829b9a18fb69,2,36.599999999999994,0.0,iron,172.4435519077815,0
1383.2215811251663,3,Night,960ef087e05742f2b803829b9a18fb69,2,36.599999999999994,0.0,iron,172.4435519077815,0
1384.225669335574,3,Night,960ef087e05742f2b803829b9a18fb69,1,33.99999999999999,0.0,iron,172.4435519077815,0
1385.2269413382746,3,Night,960ef087e05742f2b803829b9a18fb69,1,33.99999999999999,0.0,iron,172.4435519077815,0
1386.2286715484224,3,Night,960ef087e05742f2b803829b9a18fb69,1,33.99999999999999,0.0,iron,172.4435519077815,0
1387.2308631716296,3,Night,960ef087e05742f2b803829b9a18fb69,1,33.99999999999999,0.0,iron,172.4435519077815,0
1388.2322725895792,3,Night,960ef087e05742f2b803829b9a18fb69,1,33.99999999999999,0.0,iron,172.4435519077815,0
1389.238766791299,3,Night,960ef087e05742f2b803829b9a18fb69,1,33.99999999999999,0.0,iron,172.4435519077815,0
1390.23960391758,3,Night,960ef087e05742f2b803829b9a18fb69,1,33.99999999999999,0.0,iron,172.4435519077815,0
1391.244933257345,3,Night,960ef087e05742f2b803829b9a18fb69,1,33.99999999999999,0.0,iron,172.4435519077815,0
1392.2518130498938,3,Night,960ef087e05742f2b803829b9a18fb69,1,33.99999999999999,0.0,iron,172.4435519077815,0
1393.254677219782,3,Night,960ef087e05742f2b803829b9a18fb69,1,33.99999999999999,0.0,iron,172.4435519077815,0
1394.2558916392736,3,Night,960ef087e05742f2b803829b9a18fb69,1,33.99999999999999,0.0,iron,172.4435519077815,0
1395.2569507244043,3,Night,960ef087e05742f2b803829b9a18fb69,1,33.99999999999999,0.0,iron,172.4435519077815,0
1396.2622268437408,3,Night,960ef087e05742f2b803829b9a18fb69,1,33.99999999999999,0.0,iron,172.4435519077815,0
1397.266919720918,3,Night,960ef087e05742f2b803829b9a18fb69,1,33.99999999999999,0.0,iron,172.4435519077815,0
1398.2695302595384,3,Night,960ef087e05742f2b803829b9a18fb69,1,33.99999999999999,0.0,iron,172.4435519077815,0
1399.2740662214346,3,Night,960ef087e05742f2b803829b9a18fb69,1,33.99999999999999,0.0,iron,172.4435519077815,0
1400.3970962595195,3,Night,960ef087e05742f2b803829b9a18fb69,2,33.99999999999999,30.0,iron,172.4435519077815,0
1401.4001914686523,3,Night,960ef087e05742f2b803829b9a18fb69,2,33.99999999999999,30.0,iron,172.4435519077815,0
1402.4042937243357,3,Night,960ef087e05742f2b803829b9a18fb69,2,33.99999999999999,30.0,iron,172.4435519077815,0
1403.408987434581,3,Night,960ef087e05742f2b803829b9a18fb69,2,33.99999999999999,30.0,iron,172.4435519077815,0
1404.4092698511668,3,Night,960ef087e05742f2b803829b9a18fb69,2,33.99999999999999,30.0,iron,172.4435519077815,0
1405.4135012621991,3,Night,960ef087e05742f2b803829b9a18fb69,2,33.99999999999999,30.0,iron,172.4435519077815,0
1406.4144831793383,3,Night,960ef087e05742f2b803829b9a18fb69,2,33.99999999999999,30.0,iron,172.4435519077815,0
1407.414802972693,3,Night,960ef087e05742f2b803829b9a18fb69,2,33.99999999999999,30.0,iron,172.4435519077815,0
1408.4191381824203,3,Night,960ef087e05742f2b803829b9a18fb69,2,33.99999999999999,30.0,iron,172.4435519077815,0
1409.4211405520327,3,Night,960ef087e05742f2b803829b9a18fb69,2,33.99999999999999,30.0,iron,172.4435519077815,0
1410.4271780950949,3,Night,960ef087e05742f2b803829b9a18fb69,1,32.599999999999994,30.0,iron,172.4435519077815,0
1411.429244470317,3,Night,960ef087e05742f2b803829b9a18fb69,1,32.599999999999994,30.0,iron,172.4435519077815,0
1412.4320881334133,3,Night,960ef087e05742f2b803829b9a18fb69,1,32.599999999999994,30.0,iron,172.4435519077815,0
1413.4332710928284,3,Night,960ef087e05742f2b803829b9a18fb69,1,32.599999999999994,30.0,iron,172.4435519077815,0
1414.4361494686455,3,Night,960ef087e05742f2b803829b9a18fb69,1,32.599999999999994,30.0,iron,172.4435519077815,0
1415.4439105461352,3,Night,960ef087e05742f2b803829b9a18fb69,2,32.599999999999994,0.0,iron,172.4435519077815,0
1416.4493407113478,3,Night,960ef087e05742f2b803829b9a18fb69,2,32.599999999999994,0.0,iron,172.4435519077815,0
1417.4538574637845,3,Night,960ef087e05742f2b803829b9a18fb69,2,32.599999999999994,0.0,iron,172.4435519077815,0
1418.4584546713158,3,Night,960ef087e05742f2b803829b9a18fb69,2,32.599999999999994,0.0,iron,172.4435519077815,0
1419.4640571279451,3,Night,960ef087e05742f2b803829b9a18fb69,2,32.599999999999994,0.0,iron,172.4435519077815,0
1420.4670342504978,3,Night,960ef087e05742f2b803829b9a18fb69,2,32.599999999999994,0.0,iron,172.4435519077815,0
1421.469303581398,3,Night,960ef087e05742f2b803829b9a18fb69,2,32.599999999999994,0.0,iron,172.4435519077815,0
1422.475712957792,3,Night,960ef087e05742f2b803829b9a18fb69,2,32.599999999999994,0.0,iron,172.4435519077815,0
1423.4758587917313,3,Night,960ef087e05742f2b803829b9a18fb69,2,32.599999999999994,0.0,iron,172.4435519077815,0
1424.4801712404005,3,Night,960ef087e05742f2b803829b9a18fb69,2,32.599999999999994,0.0,iron,172.4435519077815,0
1425.4841250693426,3,Night,960ef087e05742f2b803829b9a18fb69,1,29.999999999999993,0.0,iron,172.4435519077815,0
1426.4876840286888,3,Night,960ef087e05742f2b803829b9a18fb69,1,29.999999999999993,0.0,iron,172.4435519077815,0
1427.4887710688636,3,Night,960ef087e05742f2b803829b9a18fb69,1,29.999999999999993,0.0,iron,172.4435519077815,0
1428.4955458249897,3,Night,960ef087e05742f2b803829b9a18fb69,1,29.999999999999993,0.0,iron,172.4435519077815,0
1429.497057825327,3,Night,960ef087e05742f2b803829b9a18fb69,1,29.999999999999993,0.0,iron,172.4435519077815,0
1430.5015551620163,3,Night,960ef087e05742f2b803829b9a18fb69,1,29.999999999999993,0.0,iron,172.4435519077815,0
1431.5037169503048,3,Night,960ef087e05742f2b803829b9a18fb69,1,29.999999999999993,0.0,iron,172.4435519077815,0
1432.5046537001617,3,Night,960ef087e05742f2b803829b9a18fb69,1,29.999999999999993,0.0,iron,172.4435519077815,0
1433.508984663058,3,Night,960ef087e05742f2b803829b9a18fb69,1,29.999999999999993,0.0,iron,172.4435519077815,0
1434.5136167341843,3,Night,960ef087e05742f2b803829b9a18fb69,1,29.999999999999993,0.0,iron,172.4435519077815,0
1435.5158433681354,3,Night,960ef087e05742f2b803829b9a18fb69,1,29.999999999999993,0.0,iron,172.4435519077815,0
1436.5190624045208,3,Night,960ef087e05742f2b803829b9a18fb69,1,29.999999999999993,0.0,iron,172.4435519077815,0
1437.5218443181366,3,Night,960ef087e05742f2b803829b9a18fb69,1,29.999999999999993,0.0,iron,172.4435519077815,0
1438.526852814015,3,Night,960ef087e05742f2b803829b9a18fb69,1,29.999999999999993,0.0,iron,172.4435519077815,0
1439.5295013645664,3,Night,960ef087e05742f2b803829b9a18fb69,1,29.999999999999993,0.0,iron,172.4435519077815,0
1440.5332711571828,4,Day,960ef087e05742f2b803829b9a18fb69,1,29.999999999999993,0.0,iron,172.4435519077815,0
1441.5410694503225,4,Day,960ef087e05742f2b803829b9a18fb69,1,29.999999999999993,0.0,iron,172.4435519077815,0
1442.546733608935,4,Day,960ef087e05742f2b803829b9a18fb69,2,29.999999999999993,30.0,iron,172.4435519077815,0
1443.5504270684905,4,Day,960ef087e05742f2b803829b9a18fb69,2,29.999999999999993,30.0,iron,172.4435519077815,0
1444.550948397722,4,Day,960ef087e05742f2b803829b9a18fb69,2,29.999999999999993,30.0,iron,172.4435519077815,0
1445.55734615447,4,Day,960ef087e05742f2b803829b9a18fb69,2,29.999999999999993,30.0,iron,172.4435519077815,0
1446.5587146515027,4,Day,960ef087e05742f2b803829b9a18fb69,2,29.999999999999993,30.0,iron,172.4435519077815,0
1447.5592411058024,4,Day,960ef087e05742f2b803829b9a18fb69,2,29.999999999999993,30.0,iron,172.4435519077815,0
1448.56267439574,4,Day,960ef087e05742f2b803829b9a18fb69,2,29.999999999999993,30.0,iron,172.4435519077815,0
1449.569468143396,4,Day,960ef087e05742f2b803829b9a18fb69,2,29.999999999999993,30.0,iron,172.4435519077815,0
1450.5739709343761,4,Day,960ef087e05742f2b803829b9a18fb69,2,29.999999999999993,30.0,iron,172.4435519077815,0
1451.5790842301212,4,Day,960ef087e05742f2b803829b9a18fb69,2,29.999999999999993,30.0,iron,172.4435519077815,0
1452.579808703158,4,Day,960ef087e05742f2b803829b9a18fb69,1,28.599999999999994,30.0,iron,172.4435519077815,0
1453.5817421977408,4,Day,960ef087e05742f2b803829b9a18fb69,1,28.599999999999994,30.0,iron,172.4435519077815,0
1454.5834526587278,4,Day,960ef087e05742f2b803829b9a18fb69,1,28.599999999999994,30.0,iron,172.4435519077815,0
1455.5847811577842,4,Day,960ef087e05742f2b803829b9a18fb69,1,28.599999999999994,30.0,iron,172.4435519077815,0
1456.5889403210022,4,Day,960ef087e05742f2b803829b9a18fb69,1,28.599999999999994,30.0,iron,172.4435519077815,0
1457.589741487056,4,Day,960ef087e05742f2b803829b9a18fb69,2,28.599999999999994,0.0,iron,172.4435519077815,0
1458.5921622756869,4,Day,960ef087e05742f2b803829b9a18fb69,2,28.599999999999994,0.0,iron,172.4435519077815,0
1459.594092276413,4,Day,960ef087e05742f2b803829b9a18fb69,2,28.599999999999994,0.0,iron,172.4435519077815,0
1460.5959558165632,4,Day,960ef087e05742f2b803829b9a18fb69,2,28.599999999999994,0.0,iron,172.4435519077815,0
1461.5972680673003,4,Day,960ef087e05742f2b803829b9a18fb69,2,28.599999999999994,0.0,iron,172.4435519077815,0
1462.603251981549,4,Day,960ef087e05742f2b803829b9a18fb69,2,28.599999999999994,0.0,iron,172.4435519077815,0
1463.604468984995,4,Day,960ef087e05742f2b803829b9a18fb69,2,28.599999999999994,0.0,iron,172.4435519077815,0
1464.6045691948384,4,Day,960ef087e05742f2b803829b9a18fb69,2,28.599999999999994,0.0,iron,172.4435519077815,0
1465.6074174009264,4,Day,960ef087e05742f2b803829b9a18fb69,2,28.599999999999994,0.0,iron,172.4435519077815,0
1466.6145805334672,4,Day,960ef087e05742f2b803829b9a18fb69,2,28.599999999999994,0.0,iron,172.4435519077815,0
1467.618555915542,4,Day,960ef087e05742f2b803829b9a18fb69,1,25.999999999999993,0.0,iron,172.4435519077815,0
1468.6257311208174,4,Day,960ef087e05742f2b803829b9a18fb69,1,25.999999999999993,0.0,iron,172.4435519077815,0
1469.6314104539342,4,Day,960ef087e05742f2b803829b9a18fb69,1,25.999999999999993,0.0,iron,172.4435519077815,0
1470.638866910711,4,Day,960ef087e05742f2b803829b9a18fb69,1,25.999999999999993,0.0,iron,172.4435519077815,0
1471.6396683715284,4,Day,960ef087e05742f2b803829b9a18fb69,1,25.999999999999993,0.0,iron,172.4435519077815,0
1472.6426296187565,4,Day,960ef087e05742f2b803829b9a18fb69,1,25.999999999999993,0.0,iron,172.4435519077815,0
1473.6454538307153,4,Day,960ef087e05742f2b803829b9a18fb69,1,25.999999999999993,0.0,iron,172.4435519077815,0
1474.649563162122,4,Day,960ef087e05742f2b803829b9a18fb69,1,25.999999999999993,0.0,iron,172.4435519077815,0
1475.6512520355172,4,Day,960ef087e05742f2b803829b9a18fb69,1,25.999999999999993,0.0,iron,172.4435519077815,0
1476.6576527031139,4,Day,960ef087e05742f2b803829b9a18fb69,1,25.999999999999993,0.0,iron,172.4435519077815,0
1477.6611544094048,4,Day,960ef087e05742f2b803829b9a18fb69,1,25.999999999999993,0.0,iron,172.4435519077815,0
1478.6657023681328,4,Day,960ef087e05742f2b803829b9a18fb69,1,25.999999999999993,0.0,iron,172.4435519077815,0
1479.6664091572165,4,Day,960ef087e05742f2b803829b9a18fb69,1,25.999999999999993,0.0,iron,172.4435519077815,0
1480.6689878269099,4,Day,960ef087e05742f2b803829b9a18fb69,1,25.999999999999993,0.0,iron,172.4435519077815,0
1481.6696279910393,4,Day,960ef087e05742f2b803829b9a18fb69,1,25.999999999999993,0.0,iron,172.4435519077815,0
1482.6732045263052,4,Day,960ef087e05742f2b803829b9a18fb69,1,25.999999999999993,0.0,iron,172.4435519077815,0
1483.67734015733,4,Day,960ef087e05742f2b803829b9a18fb69,1,25.999999999999993,0.0,iron,172.4435519077815,0
1484.680873404257,4,Day,960ef087e05742f2b803829b9a18fb69,2,25.999999999999993,30.0,iron,172.4435519077815,0
1485.6829262799583,4,Day,960ef087e05742f2b803829b9a18fb69,2,25.999999999999993,30.0,iron,172.4435519077815,0
1486.6863024467602,4,Day,960ef087e05742f2b803829b9a18fb69,2,25.999999999999993,30.0,iron,172.4435519077815,0
1487.6941758613102,4,Day,960ef087e05742f2b803829b9a18fb69,2,25.999999999999993,30.0,iron,172.4435519077815,0
1488.6980574866757,4,Day,960ef087e05742f2b803829b9a18fb69,2,25.999999999999993,30.0,iron,172.4435519077815,0
1489.698386855889,4,Day,960ef087e05742f2b803829b9a18fb69,2,25.999999999999993,30.0,iron,172.4435519077815,0
1490.7043411941268,4,Day,960ef087e05742f2b803829b9a18fb69,2,25.999999999999993,30.0,iron,172.4435519077815,0
1491.7060627760366,4,Day,960ef087e05742f2b803829b9a18fb69,2,25.999999999999993,30.0,iron,172.4435519077815,0
1492.712397526484,4,Day,960ef087e05742f2b803829b9a18fb69,2,25.999999999999993,30.0,iron,172.4435519077815,0
1493.7150738229975,4,Day,960ef087e05742f2b803829b9a18fb69,2,25.999999999999993,30.0,iron,172.4435519077815,0
1494.7203120328486,4,Day,960ef087e05742f2b803829b9a18fb69,1,24.599999999999994,30.0,iron,172.4435519077815,0
1495.7263991585933,4,Day,960ef087e05742f2b803829b9a18fb69,1,24.599999999999994,30.0,iron,172.4435519077815,0
1496.7280817832798,4,Day,960ef087e05742f2b803829b9a18fb69,1,24.599999999999994,30.0,iron,172.4435519077815,0
1497.7351457839832,4,Day,960ef087e05742f2b803829b9a18fb69,1,24.599999999999994,30.0,iron,172.4435519077815,0
1498.7385224923491,4,Day,960ef087e05742f2b803829b9a18fb69,1,24.599999999999994,30.0,iron,172.4435519077815,0
1499.7463374123909,4,Day,960ef087e05742f2b803829b9a18fb69,2,24.599999999999994,0.0,iron,172.4435519077815,0
1500.752373318188,4,Day,960ef087e05742f2b803829b9a18fb69,2,24.599999999999994,0.0,iron,172.4435519077815,0
1501.755179445725,4,Day,960ef087e05742f2b803829b9a18fb69,2,24.599999999999994,0.0,iron,172.4435519077815,0
1502.7572672818787,4,Day,960ef087e05742f2b803829b9a18fb69,2,24.599999999999994,0.0,iron,172.4435519077815,0
1503.7577617024072,4,Day,960ef087e05742f2b803829b9a18fb69,2,24.599999999999994,0.0,iron,172.4435519077815,0
1504.7632375769317,4,Day,960ef087e05742f2b803829b9a18fb69,2,24.599999999999994,0.0,iron,172.4435519077815,0
1505.7704742094502,4,Day,960ef087e05742f2b803829b9a18fb69,2,24.599999999999994,0.0,iron,172.4435519077815,0
1506.776618374046,4,Day,960ef087e05742f2b803829b9a18fb69,2,24.599999999999994,0.0,iron,172.4435519077815,0
1507.7792602027766,4,Day,960ef087e05742f2b803829b9a18fb69,2,24.599999999999994,0.0,iron,172.4435519077815,0
1508.7800072054379,4,Day,960ef087e05742f2b803829b9a18fb69,2,24.599999999999994,0.0,iron,172.4435519077815,0
1509.7845816244371,4,Day,960ef087e05742f2b803829b9a18fb69,1,21.999999999999993,0.0,iron,172.4435519077815,0
1510.7873581685126,4,Day,960ef087e05742f2b803829b9a18fb69,1,21.999999999999993,0.0,iron,172.4435519077815,0
1511.7919573732652,4,Day,960ef087e05742f2b803829b9a18fb69,1,21.999999999999993,0.0,iron,172.4435519077815,0
1512.799067541957,4,Day,960ef087e05742f2b803829b9a18fb69,1,21.999999999999993,0.0,iron,172.4435519077815,0
1513.8021680866368,4,Day,960ef087e05742f2b803829b9a18fb69,1,21.999999999999993,0.0,iron,172.4435519077815,0
1514.8042337917723,4,Day,960ef087e05742f2b803829b9a18fb69,1,21.999999999999993,0.0,iron,172.4435519077815,0
1515.8065256271511,4,Day,960ef087e05742f2b803829b9a18fb69,1,21.999999999999993,0.0,iron,172.4435519077815,0
1516.8096846234985,4,Day,960ef087e05742f2b803829b9a18fb69,1,21.999999999999993,0.0,iron,172.4435519077815,0
1517.8143501244485,4,Day,960ef087e05742f2b803829b9a18fb69,1,21.999999999999993,0.0,iron,172.4435519077815,0
1518.8217373732477,4,Day,960ef087e05742f2b803829b9a18fb69,1,21.999999999999993,0.0,iron,172.4435519077815,0
1519.8267149943858,4,Day,960ef087e05742f2b803829b9a18fb69,1,21.999999999999993,0.0,iron,172.4435519077815,0
1520.827925001271,4,Day,960ef087e05742f2b803829b9a18fb69,1,21.999999999999993,0.0,iron,172.4435519077815,0
1521.8338928320445,4,Day,960ef087e05742f2b803829b9a18fb69,1,21.999999999999993,0.0,iron,172.4435519077815,0
1522.8350066612475,4,Day,960ef087e05742f2b803829b9a18fb69,1,21.999999999999993,0.0,iron,172.4435519077815,0
1523.8416478754953,4,Day,960ef087e05742f2b803829b9a18fb69,1,21.999999999999993,0.0,iron,172.4435519077815,0
1524.8486374188215,4,Day,960ef087e05742f2b803829b9a18fb69,1,21.999999999999993,0.0,iron,172.4435519077815,0
1525.851368874777,4,Day,960ef087e05742f2b803829b9a18fb69,1,21.999999999999993,0.0,iron,172.4435519077815,0
1526.8522549569607,4,Day,960ef087e05742f2b803829b9a18fb69,2,21.999999999999993,30.0,iron,172.4435519077815,0
1527.8525719577447,4,Day,960ef087e05742f2b803829b9a18fb69,2,21.999999999999993,30.0,iron,172.4435519077815,0
1528.8589664204046,4,Day,960ef087e05742f2b803829b9a18fb69,2,21.999999999999993,30.0,iron,172.4435519077815,0
1529.8596650026739,4,Day,960ef087e05742f2b803829b9a18fb69,2,21.999999999999993,30.0,iron,172.4435519077815,0
1530.8661613366567,4,Day,960ef087e05742f2b803829b9a18fb69,2,21.999999999999993,30.0,iron,172.4435519077815,0
1531.8671308839694,4,Day,960ef087e05742f2b803829b9a18fb69,2,21.999999999999993,30.0,iron,172.4435519077815,0
1532.8711061743088,4,Day,960ef087e05742f2b803829b9a18fb69,2,21.999999999999993,30.0,iron,172.4435519077815,0
1533.8776315087453,4,Day,960ef087e05742f2b803829b9a18fb69,2,21.999999999999993,30.0,iron,172.4435519077815,0
1534.879612468183,4,Day,960ef087e05742f2b803829b9a18fb69,2,21.999999999999993,30.0,iron,172.4435519077815,0
1535.8856487516314,4,Day,960ef087e05742f2b803829b9a18fb69,2,21.999999999999993,30.0,iron,172.4435519077815,0
1536.8868120042607,4,Day,960ef087e05742f2b803829b9a18fb69,1,20.599999999999994,30.0,iron,172.4435519077815,0
1537.8873447165824,4,Day,960ef087e05742f2b803829b9a18fb69,1,20.599999999999994,30.0,iron,172.4435519077815,0
1538.893509385176,4,Day,960ef087e05742f2b803829b9a18fb69,1,20.599999999999994,30.0,iron,172.4435519077815,0
1539.8979645520449,4,Day,960ef087e05742f2b803829b9a18fb69,1,20.599999999999994,30.0,iron,172.4435519077815,0
1540.9025302594528,4,Day,960ef087e05742f2b803829b9a18fb69,1,20.599999999999994,30.0,iron,172.4435519077815,0
1541.9045390929095,4,Day,960ef087e05742f2b803829b9a18fb69,2,20.599999999999994,0.0,iron,172.4435519077815,0
1542.9126400058158,4,Day,960ef087e05742f2b803829b9a18fb69,2,20.599999999999994,0.0,iron,172.4435519077815,0
1543.9151957556605,4,Day,960ef087e05742f2b803829b9a18fb69,2,20.599999999999994,0.0,iron,172.4435519077815,0
1544.916554669384,4,Day,960ef087e05742f2b803829b9a18fb69,2,20.599999999999994,0.0,iron,172.4435519077815,0
1545.921287337318,4,Day,960ef087e05742f2b803829b9a18fb69,2,20.599999999999994,0.0,iron,172.4435519077815,0
1546.925930422265,4,Day,960ef087e05742f2b803829b9a18fb69,2,20.599999999999994,0.0,iron,172.4435519077815,0
1547.9303096733056,4,Day,960ef087e05742f2b803829b9a18fb69,2,20.599999999999994,0.0,iron,172.4435519077815,0
1548.9361478830688,4,Day,960ef087e05742f2b803829b9a18fb69,2,20.599999999999994,0.0,iron,172.4435519077815,0
1549.9402464698069,4,Day,960ef087e05742f2b803829b9a18fb69,2,20.599999999999994,0.0,iron,172.4435519077815,0
1550.9418565118685,4,Day,960ef087e05742f2b803829b9a18fb69,2,20.599999999999994,0.0,iron,172.4435519077815,0
1551.9804851007648,4,Day,960ef087e05742f2b803829b9a18fb69,3,17.999999999999993,0.0,iron,172.4435519077815,0
1552.9828622126952,4,Day,960ef087e05742f2b803829b9a18fb69,3,17.999999999999993,0.0,iron,172.4435519077815,0
1553.9834575471468,4,Day,960ef087e05742f2b803829b9a18fb69,3,17.999999999999993,0.0,iron,172.4435519077815,0
1554.989639927633,4,Day,960ef087e05742f2b803829b9a18fb69,3,17.999999999999993,0.0,iron,172.4435519077815,0
1555.9948288463056,4,Day,960ef087e05742f2b803829b9a18fb69,3,17.999999999999993,0.0,iron,172.4435519077815,0
1557.0011638049036,4,Day,960ef087e05742f2b803829b9a18fb69,3,17.999999999999993,0.0,iron,172.4435519077815,0
1558.0085241356865,4,Day,960ef087e05742f2b803829b9a18fb69,3,17.999999999999993,0.0,iron,172.4435519077815,0
1559.0089141782373,4,Day,960ef087e05742f2b803829b9a18fb69,3,17.999999999999993,0.0,iron,172.4435519077815,0
1560.0160808460787,4,Day,960ef087e05742f2b803829b9a18fb69,3,17.999999999999993,0.0,iron,172.4435519077815,0
1561.1277662981302,4,Day,960ef087e05742f2b803829b9a18fb69,3,17.999999999999993,0.0,iron,172.4435519077815,0
1562.1315274694934,4,Day,960ef087e05742f2b803829b9a18fb69,3,17.999999999999993,0.0,iron,172.4435519077815,0
1563.1369390906766,4,Day,960ef087e05742f2b803829b9a18fb69,3,17.999999999999993,0.0,iron,172.4435519077815,0
1564.1441255905665,4,Day,960ef087e05742f2b803829b9a18fb69,3,17.999999999999993,0.0,iron,172.4435519077815,0
1565.144589625299,4,Day,960ef087e05742f2b803829b9a18fb69,3,17.999999999999993,0.0,iron,172.4435519077815,0
1566.1491805478,4,Day,960ef087e05742f2b803829b9a18fb69,3,17.999999999999993,0.0,iron,172.4435519077815,0
1567.1558246728964,4,Day,960ef087e05742f2b803829b9a18fb69,3,17.999999999999993,0.0,iron,172.4435519077815,0
1568.1585841653869,4,Day,960ef087e05742f2b803829b9a18fb69,3,17.999999999999993,0.0,iron,172.4435519077815,0
1569.1613662950695,4,Day,960ef087e05742f2b803829b9a18fb69,2,68.0,30.0,iron,200.0,0
1570.169651417993,4,Day,960ef087e05742f2b803829b9a18fb69,2,68.0,30.0,iron,200.0,0
1571.1741758366115,4,Day,960ef087e05742f2b803829b9a18fb69,2,68.0,30.0,iron,200.0,0
1572.1773523841985,4,Day,960ef087e05742f2b803829b9a18fb69,2,68.0,30.0,iron,200.0,0
1573.1833706316538,4,Day,960ef087e05742f2b803829b9a18fb69,2,68.0,30.0,iron,200.0,0
1574.1876407144591,4,Day,960ef087e05742f2b803829b9a18fb69,2,68.0,30.0,iron,200.0,0
1575.1907454668544,4,Day,960ef087e05742f2b803829b9a18fb69,2,68.0,30.0,iron,200.0,0
1576.1960674654692,4,Day,960ef087e05742f2b803829b9a18fb69,2,68.0,30.0,iron,200.0,0
1577.1968778036535,4,Day,960ef087e05742f2b803829b9a18fb69,2,68.0,30.0,iron,200.0,0
1578.198740975,4,Day,960ef087e05742f2b803829b9a18fb69,2,68.0,30.0,iron,200.0,0
1579.2054675612599,4,Day,960ef087e05742f2b803829b9a18fb69,1,66.6,30.0,iron,200.0,0
1580.2090999777429,4,Day,960ef087e05742f2b803829b9a18fb69,1,66.6,30.0,iron,200.0,0
1581.2165033500642,4,Day,960ef087e05742f2b803829b9a18fb69,1,66.6,30.0,iron,200.0,0
1582.218562769238,4,Day,960ef087e05742f2b803829b9a18fb69,1,66.6,30.0,iron,200.0,0
1583.224277349189,4,Day,960ef087e05742f2b803829b9a18fb69,1,66.6,30.0,iron,200.0,0
1584.2299923100509,4,Day,960ef087e05742f2b803829b9a18fb69,2,66.6,0.0,iron,200.0,0
1585.2363238935359,4,Day,960ef087e05742f2b803829b9a18fb69,2,66.6,0.0,iron,200.0,0
1586.242523811292,4,Day,960ef087e05742f2b803829b9a18fb69,2,66.6,0.0,iron,200.0,0
1587.2451551035047,4,Day,960ef087e05742f2b803829b9a18fb69,2,66.6,0.0,iron,200.0,0
1588.2477592662908,4,Day,960ef087e05742f2b803829b9a18fb69,2,66.6,0.0,iron,200.0,0
1589.2523858426139,4,Day,960ef087e05742f2b803829b9a18fb69,2,66.6,0.0,iron,200.0,0
1590.253746516537,4,Day,960ef087e05742f2b803829b9a18fb69,2,66.6,0.0,iron,200.0,0
1591.2549801408313,4,Day,960ef087e05742f2b803829b9a18fb69,2,66.6,0.0,iron,200.0,0
1592.2582304771058,4,Day,960ef087e05742f2b803829b9a18fb69,2,66.6,0.0,iron,200.0,0
1593.2624043086544,4,Day,960ef087e05742f2b803829b9a18fb69,2,66.6,0.0,iron,200.0,0
1594.2692709686235,4,Day,960ef087e05742f2b803829b9a18fb69,1,63.99999999999999,0.0,iron,200.0,0
1595.2705584629439,4,Day,960ef087e05742f2b803829b9a18fb69,1,63.99999999999999,0.0,iron,200.0,0
1596.2779335910454,4,Day,960ef087e05742f2b803829b9a18fb69,1,63.99999999999999,0.0,iron,200.0,0
1597.284997712355,4,Day,960ef087e05742f2b803829b9a18fb69,1,63.99999999999999,0.0,iron,200.0,0
1598.2866523405537,4,Day,960ef087e05742f2b803829b9a18fb69,1,63.99999999999999,0.0,iron,200.0,0
1599.2948588379659,4,Day,960ef087e05742f2b803829b9a18fb69,1,63.99999999999999,0.0,iron,200.0,0
1600.2965103853494,4,Day,960ef087e05742f2b803829b9a18fb69,1,63.99999999999999,0.0,iron,200.0,0
1601.3016354278661,4,Day,960ef087e05742f2b803829b9a18fb69,1,63.99999999999999,0.0,iron,200.0,0
1602.3054385553114,4,Day,960ef087e05742f2b803829b9a18fb69,1,63.99999999999999,0.0,iron,200.0,0
1603.313118389342,4,Day,960ef087e05742f2b803829b9a18fb69,1,63.99999999999999,0.0,iron,200.0,0
1604.3151506413706,4,Day,960ef087e05742f2b803829b9a18fb69,1,63.99999999999999,0.0,iron,200.0,0
1605.3165663070977,4,Day,960ef087e05742f2b803829b9a18fb69,1,63.99999999999999,0.0,iron,200.0,0
1606.3206903901882,4,Day,960ef087e05742f2b803829b9a18fb69,1,63.99999999999999,0.0,iron,200.0,0
1607.3225864791311,4,Day,960ef087e05742f2b803829b9a18fb69,1,63.99999999999999,0.0,iron,200.0,0
1608.3291721842252,4,Day,960ef087e05742f2b803829b9a18fb69,1,63.99999999999999,0.0,iron,200.0,0
1609.3302095131949,4,Day,960ef087e05742f2b803829b9a18fb69,1,63.99999999999999,0.0,iron,200.0,0
1610.3353477208875,4,Day,960ef087e05742f2b803829b9a18fb69,1,63.99999999999999,0.0,iron,200.0,0
1611.3366689668037,4,Day,960ef087e05742f2b803829b9a18fb69,2,63.99999999999999,30.0,iron,200.0,0
1612.339359055739,4,Day,960ef087e05742f2b803829b9a18fb69,2,63.99999999999999,30.0,iron,200.0,0
1613.3460743785836,4,Day,960ef087e05742f2b803829b9a18fb69,2,63.99999999999999,30.0,iron,200.0,0
1614.3498429665342,4,Day,960ef087e05742f2b803829b9a18fb69,2,63.99999999999999,30.0,iron,200.0,0
1615.3511681715026,4,Day,960ef087e05742f2b803829b9a18fb69,2,63.99999999999999,30.0,iron,200.0,0
1616.3576122983359,4,Day,960ef087e05742f2b803829b9a18fb69,2,63.99999999999999,30.0,iron,200.0,0
1617.3612725120038,4,Day,960ef087e05742f2b803829b9a18fb69,2,63.99999999999999,30.0,iron,200.0,0
1618.3666949290782,4,Day,960ef087e05742f2b803829b9a18fb69,2,63.99999999999999,30.0,iron,200.0,0
1619.3712251381949,4,Day,960ef087e05742f2b803829b9a18fb69,2,63.99999999999999,30.0,iron,200.0,0
1620.3727108035237,4,Day,960ef087e05742f2b803829b9a18fb69,2,63.99999999999999,30.0,iron,200.0,0
1621.3765155556612,4,Day,960ef087e05742f2b803829b9a18fb69,1,62.599999999999994,30.0,iron,200.0,0
1622.3771900977008,4,Day,960ef087e05742f2b803829b9a18fb69,1,62.599999999999994,30.0,iron,200.0,0
1623.381838971749,4,Day,960ef087e05742f2b803829b9a18fb69,1,62.599999999999994,30.0,iron,200.0,0
1624.3841790561564,4,Day,960ef087e05742f2b803829b9a18fb69,1,62.599999999999994,30.0,iron,200.0,0
1625.386479018256,4,Day,960ef087e05742f2b803829b9a18fb69,1,62.599999999999994,30.0,iron,200.0,0
1626.3882278464735,4,Day,960ef087e05742f2b803829b9a18fb69,2,62.599999999999994,0.0,iron,200.0,0
1627.3933302657679,4,Day,960ef087e05742f2b803829b9a18fb69,2,62.599999999999994,0.0,iron,200.0,0
1628.3950847662054,4,Day,960ef087e05742f2b803829b9a18fb69,2,62.599999999999994,0.0,iron,200.0,0
1629.395494310651,4,Day,960ef087e05742f2b803829b9a18fb69,2,62.599999999999994,0.0,iron,200.0,0
1630.3999617304653,4,Day,960ef087e05742f2b803829b9a18fb69,2,62.599999999999994,0.0,iron,200.0,0
1631.4058582298458,4,Day,960ef087e05742f2b803829b9a18fb69,2,62.599999999999994,0.0,iron,200.0,0
1632.408723979257,4,Day,960ef087e05742f2b803829b9a18fb69,2,62.599999999999994,0.0,iron,200.0,0
1633.4156240583397,4,Day,960ef087e05742f2b803829b9a18fb69,2,62.599999999999994,0.0,iron,200.0,0
1634.4185246462002,4,Day,960ef087e05742f2b803829b9a18fb69,2,62.599999999999994,0.0,iron,200.0,0
1635.421473516617,4,Day,960ef087e05742f2b803829b9a18fb69,2,62.599999999999994,0.0,iron,200.0,0
1636.4221764015965,4,Day,960ef087e05742f2b803829b9a18fb69,1,59.99999999999999,0.0,iron,200.0,0
1637.4275936046615,4,Day,960ef087e05742f2b803829b9a18fb69,1,59.99999999999999,0.0,iron,200.0,0
1638.4347539832816,4,Day,960ef087e05742f2b803829b9a18fb69,1,59.99999999999999,0.0,iron,200.0,0
1639.4381529800594,4,Day,960ef087e05742f2b803829b9a18fb69,1,59.99999999999999,0.0,iron,200.0,0
1640.4453030256554,4,Day,960ef087e05742f2b803829b9a18fb69,1,59.99999999999999,0.0,iron,200.0,0
1641.4472009446472,4,Day,960ef087e05742f2b803829b9a18fb69,1,59.99999999999999,0.0,iron,200.0,0
1642.4485109881498,4,Day,960ef087e05742f2b803829b9a18fb69,1,59.99999999999999,0.0,iron,200.0,0
1643.4517196980305,4,Day,960ef087e05742f2b803829b9a18fb69,1,59.99999999999999,0.0,iron,200.0,0
1644.453059446998,4,Day,960ef087e05742f2b803829b9a18fb69,1,59.99999999999999,0.0,iron,200.0,0
1645.4588280352764,4,Day,960ef087e05742f2b803829b9a18fb69,1,59.99999999999999,0.0,iron,200.0,0
1646.4612921145745,4,Day,960ef087e05742f2b803829b9a18fb69,1,59.99999999999999,0.0,iron,200.0,0
1647.4631923707202,4,Day,960ef087e05742f2b803829b9a18fb69,1,59.99999999999999,0.0,iron,200.0,0
1648.46610349603,4,Day,960ef087e05742f2b803829b9a18fb69,1,59.99999999999999,0.0,iron,200.0,0
1649.4725303682499,4,Day,960ef087e05742f2b803829b9a18fb69,1,59.99999999999999,0.0,iron,200.0,0
1650.4801457431167,4,Day,960ef087e05742f2b803829b9a18fb69,1,59.99999999999999,0.0,iron,200.0,0
1651.485827122815,4,Day,960ef087e05742f2b803829b9a18fb69,1,59.99999999999999,0.0,iron,200.0,0
1652.4929397851229,4,Day,960ef087e05742f2b803829b9a18fb69,1,59.99999999999999,0.0,iron,200.0,0
1653.4947750740685,4,Day,960ef087e05742f2b803829b9a18fb69,2,59.99999999999999,30.0,iron,200.0,0
1654.502765239682,4,Day,960ef087e05742f2b803829b9a18fb69,2,59.99999999999999,30.0,iron,200.0,0
1655.503866364248,4,Day,960ef087e05742f2b803829b9a18fb69,2,59.99999999999999,30.0,iron,200.0,0
1656.5112346112728,4,Day,960ef087e05742f2b803829b9a18fb69,2,59.99999999999999,30.0,iron,200.0,0
1657.5114389783703,4,Day,960ef087e05742f2b803829b9a18fb69,2,59.99999999999999,30.0,iron,200.0,0
1658.51218447648,4,Day,960ef087e05742f2b803829b9a18fb69,2,59.99999999999999,30.0,iron,200.0,0
1659.5184813453816,4,Day,960ef087e05742f2b803829b9a18fb69,2,59.99999999999999,30.0,iron,200.0,0
1660.5199950980023,4,Day,960ef087e05742f2b803829b9a18fb69,2,59.99999999999999,30.0,iron,200.0,0
1661.5212754313834,4,Day,960ef087e05742f2b803829b9a18fb69,2,59.99999999999999,30.0,iron,200.0,0
1662.5262071010657,4,Day,960ef087e05742f2b803829b9a18fb69,2,59.99999999999999,30.0,iron,200.0,0
1663.5280625275336,4,Day,960ef087e05742f2b803829b9a18fb69,1,58.599999999999994,30.0,iron,200.0,0
1664.5333527368493,4,Day,960ef087e05742f2b803829b9a18fb69,1,58.599999999999994,30.0,iron,200.0,0
1665.534842110239,4,Day,960ef087e05742f2b803829b9a18fb69,1,58.599999999999994,30.0,iron,200.0,0
1666.5421548583545,4,Day,960ef087e05742f2b803829b9a18fb69,1,58.599999999999994,30.0,iron,200.0,0
1667.5481770164333,4,Day,960ef087e05742f2b803829b9a18fb69,1,58.599999999999994,30.0,iron,200.0,0
1668.5547821763903,4,Day,960ef087e05742f2b803829b9a18fb69,2,58.599999999999994,0.0,iron,200.0,0
1669.5597715550102,4,Day,960ef087e05742f2b803829b9a18fb69,2,58.599999999999994,0.0,iron,200.0,0
1670.5611872146837,4,Day,960ef087e05742f2b803829b9a18fb69,2,58.599999999999994,0.0,iron,200.0,0
1671.5612488859333,4,Day,960ef087e05742f2b803829b9a18fb69,2,58.599999999999994,0.0,iron,200.0,0
1672.5687240944244,4,Day,960ef087e05742f2b803829b9a18fb69,2,58.599999999999994,0.0,iron,200.0,0
1673.574620717205,4,Day,960ef087e05742f2b803829b9a18fb69,2,58.599999999999994,0.0,iron,200.0,0
1674.5780431302264,4,Day,960ef087e05742f2b803829b9a18fb69,2,58.599999999999994,0.0,iron,200.0,0
1675.5825845091604,4,Day,960ef087e05742f2b803829b9a18fb69,2,58.599999999999994,0.0,iron,200.0,0
1676.5865459241904,4,Day,960ef087e05742f2b803829b9a18fb69,2,58.599999999999994,0.0,iron,200.0,0
1677.5945107652806,4,Day,960ef087e05742f2b803829b9a18fb69,2,58.599999999999994,0.0,iron,200.0,0
1678.6020274697803,4,Day,960ef087e05742f2b803829b9a18fb69,1,55.99999999999999,0.0,iron,200.0,0
1679.602587338537,4,Day,960ef087e05742f2b803829b9a18fb69,1,55.99999999999999,0.0,iron,200.0,0
1680.6081400834955,4,Day,960ef087e05742f2b803829b9a18fb69,1,55.99999999999999,0.0,iron,200.0,0
1681.6150707965717,4,Day,960ef087e05742f2b803829b9a18fb69,1,55.99999999999999,0.0,iron,200.0,0
1682.6181846736,4,Day,960ef087e05742f2b803829b9a18fb69,1,55.99999999999999,0.0,iron,200.0,0
1683.6216390458867,4,Day,960ef087e05742f2b803829b9a18fb69,1,55.99999999999999,0.0,iron,200.0,0
1684.625549085904,4,Day,960ef087e05742f2b803829b9a18fb69,1,55.99999999999999,0.0,iron,200.0,0
1685.626494502183,4,Day,960ef087e05742f2b803829b9a18fb69,1,55.99999999999999,0.0,iron,200.0,0
1686.6315265479498,4,Day,960ef087e05742f2b803829b9a18fb69,1,55.99999999999999,0.0,iron,200.0,0
1687.6350400038064,4,Day,960ef087e05742f2b803829b9a18fb69,1,55.99999999999999,0.0,iron,200.0,0
1688.638838963583,4,Day,960ef087e05742f2b803829b9a18fb69,1,55.99999999999999,0.0,iron,200.0,0
1689.6421278766356,4,Day,960ef087e05742f2b803829b9a18fb69,1,55.99999999999999,0.0,iron,200.0,0
1690.6450153775513,4,Day,960ef087e05742f2b803829b9a18fb69,1,55.99999999999999,0.0,iron,200.0,0
1691.6506203776225,4,Day,960ef087e05742f2b803829b9a18fb69,1,55.99999999999999,0.0,iron,200.0,0
1692.6533099645749,4,Day,960ef087e05742f2b803829b9a18fb69,1,55.99999999999999,0.0,iron,200.0,0
1693.6609905459918,4,Day,960ef087e05742f2b803829b9a18fb69,1,55.99999999999999,0.0,iron,200.0,0
1694.6645092116669,4,Day,960ef087e05742f2b803829b9a18fb69,1,55.99999999999999,0.0,iron,200.0,0
1695.6653368757106,4,Day,960ef087e05742f2b803829b9a18fb69,2,55.99999999999999,30.0,iron,200.0,0
1696.6716078380123,4,Day,960ef087e05742f2b803829b9a18fb69,2,55.99999999999999,30.0,iron,200.0,0
1697.6747548761778,4,Day,960ef087e05742f2b803829b9a18fb69,2,55.99999999999999,30.0,iron,200.0,0
1698.6763820890337,4,Day,960ef087e05742f2b803829b9a18fb69,2,55.99999999999999,30.0,iron,200.0,0
1699.683873838745,4,Day,960ef087e05742f2b803829b9a18fb69,2,55.99999999999999,30.0,iron,200.0,0
1700.6850567962974,4,Day,960ef087e05742f2b803829b9a18fb69,2,55.99999999999999,30.0,iron,200.0,0
1701.692222289741,4,Day,960ef087e05742f2b803829b9a18fb69,2,55.99999999999999,30.0,iron,200.0,0
1702.697214670945,4,Day,960ef087e05742f2b803829b9a18fb69,2,55.99999999999999,30.0,iron,200.0,0
1703.6973705887794,4,Day,960ef087e05742f2b803829b9a18fb69,2,55.99999999999999,30.0,iron,200.0,0
1704.714229336474,4,Day,960ef087e05742f2b803829b9a18fb69,2,55.99999999999999,30.0,iron,200.0,0
1705.7147933365777,4,Day,960ef087e05742f2b803829b9a18fb69,1,54.599999999999994,30.0,iron,200.0,0
1706.7190277990885,4,Day,960ef087e05742f2b803829b9a18fb69,1,54.599999999999994,30.0,iron,200.0,0
1707.721846172586,4,Day,960ef087e05742f2b803829b9a18fb69,1,54.599999999999994,30.0,iron,200.0,0
1708.7276319982484,4,Day,960ef087e05742f2b803829b9a18fb69,1,54.599999999999994,30.0,iron,200.0,0
1709.7314204964787,4,Day,960ef087e05742f2b803829b9a18fb69,1,54.599999999999994,30.0,iron,200.0,0
1710.7329915375449,4,Day,960ef087e05742f2b803829b9a18fb69,2,54.599999999999994,0.0,iron,200.0,0
1711.7351831616834,4,Day,960ef087e05742f2b803829b9a18fb69,2,54.599999999999994,0.0,iron,200.0,0
1712.7389293718152,4,Day,960ef087e05742f2b803829b9a18fb69,2,54.599999999999994,0.0,iron,200.0,0
1713.744643158745,4,Day,960ef087e05742f2b803829b9a18fb69,2,54.599999999999994,0.0,iron,200.0,0
1714.7517848284915,4,Day,960ef087e05742f2b803829b9a18fb69,2,54.599999999999994,0.0,iron,200.0,0
1715.7522240332328,4,Day,960ef087e05742f2b803829b9a18fb69,2,54.599999999999994,0.0,iron,200.0,0
1716.7578938212246,4,Day,960ef087e05742f2b803829b9a18fb69,2,54.599999999999994,0.0,iron,200.0,0
1717.7609175755642,4,Day,960ef087e05742f2b803829b9a18fb69,2,54.599999999999994,0.0,iron,200.0,0
1718.7663937448524,4,Day,960ef087e05742f2b803829b9a18fb69,2,54.599999999999994,0.0,iron,200.0,0
1719.771748864092,4,Day,960ef087e05742f2b803829b9a18fb69,2,54.599999999999994,0.0,iron,200.0,0
1720.7754396111704,4,Day,960ef087e05742f2b803829b9a18fb69,1,51.99999999999999,0.0,iron,200.0,0
1721.783404989168,4,Day,960ef087e05742f2b803829b9a18fb69,1,51.99999999999999,0.0,iron,200.0,0
1722.7896178611554,4,Day,960ef087e05742f2b803829b9a18fb69,1,51.99999999999999,0.0,iron,200.0,0
1723.7965037380345,4,Day,960ef087e05742f2b803829b9a18fb69,1,51.99999999999999,0.0,iron,200.0,0
1724.7996110301465,4,Day,960ef087e05742f2b803829b9a18fb69,1,51.99999999999999,0.0,iron,200.0,0
1725.8034750241786,4,Day,960ef087e05742f2b803829b9a18fb69,1,51.99999999999999,0.0,iron,200.0,0
1726.804007361643,4,Day,960ef087e05742f2b803829b9a18fb69,1,51.99999999999999,0.0,iron,200.0,0
1727.8041399479844,4,Day,960ef087e05742f2b803829b9a18fb69,1,51.99999999999999,0.0,iron,200.0,0
1728.8108134032227,4,Day,960ef087e05742f2b803829b9a18fb69,1,51.99999999999999,0.0,iron,200.0,0
1729.8122063581832,4,Day,960ef087e05742f2b803829b9a18fb69,1,51.99999999999999,0.0,iron,200.0,0
1730.8154281117022,4,Day,960ef087e05742f2b803829b9a18fb69,1,51.99999999999999,0.0,iron,200.0,0
1731.8204774064943,4,Day,960ef087e05742f2b803829b9a18fb69,1,51.99999999999999,0.0,iron,200.0,0
1732.9596308260225,4,Day,960ef087e05742f2b803829b9a18fb69,1,51.99999999999999,0.0,iron,200.0,0
1733.9614038672298,4,Day,960ef087e05742f2b803829b9a18fb69,1,51.99999999999999,0.0,iron,200.0,0
1734.9648647052236,4,Day,960ef087e05742f2b803829b9a18fb69,1,51.99999999999999,0.0,iron,200.0,0
1735.968521951232,4,Day,960ef087e05742f2b803829b9a18fb69,1,51.99999999999999,0.0,iron,200.0,0
1736.9703275766224,4,Day,960ef087e05742f2b803829b9a18fb69,1,51.99999999999999,0.0,iron,200.0,0
1737.9722562804818,4,Day,960ef087e05742f2b803829b9a18fb69,2,51.99999999999999,30.0,iron,200.0,0
1738.9722709106281,4,Day,960ef087e05742f2b803829b9a18fb69,2,51.99999999999999,30.0,iron,200.0,0
1739.9733689059503,4,Day,960ef087e05742f2b803829b9a18fb69,2,51.99999999999999,30.0,iron,200.0,0
1740.9776985300705,4,Night,960ef087e05742f2b803829b9a18fb69,2,51.99999999999999,30.0,iron,200.0,7
1741.9807106573135,4,Night,960ef087e05742f2b803829b9a18fb69,2,51.99999999999999,30.0,iron,200.0,19
1742.9812772003934,4,Night,960ef087e05742f2b803829b9a18fb69,2,51.99999999999999,30.0,iron,200.0,27
1743.9827607027255,4,Night,960ef087e05742f2b803829b9a18fb69,2,51.99999999999999,30.0,iron,200.0,32
1744.9861789075658,4,Night,960ef087e05742f2b803829b9a18fb69,2,51.99999999999999,30.0,iron,200.0,40
1745.9885823638178,4,Night,960ef087e05742f2b803829b9a18fb69,2,51.99999999999999,30.0,iron,200.0,51
1746.9943049084395,4,Night,960ef087e05742f2b803829b9a18fb69,2,51.99999999999999,30.0,iron,200.0,63
1748.0022867079824,4,Night,960ef087e05742f2b803829b9a18fb69,1,50.599999999999994,30.0,iron,200.0,71
1749.0038542118855,4,Night,960ef087e05742f2b803829b9a18fb69,1,50.599999999999994,30.0,iron,200.0,82
1750.0049373763613,4,Night,960ef087e05742f2b803829b9a18fb69,1,50.599999999999994,30.0,iron,200.0,84
1751.011829748284,4,Night,960ef087e05742f2b803829b9a18fb69,1,50.599999999999994,30.0,iron,200.0,95
1752.0198410809971,4,Night,960ef087e05742f2b803829b9a18fb69,2,50.599999999999994,0.0,iron,200.0,103
1753.0269530438818,4,Night,960ef087e05742f2b803829b9a18fb69,2,50.599999999999994,0.0,iron,200.0,113
1754.0359644200653,4,Night,960ef087e05742f2b803829b9a18fb69,2,50.599999999999994,0.0,iron,200.0,118
1755.0400433000177,4,Night,960ef087e05742f2b803829b9a18fb69,2,50.599999999999994,0.0,iron,200.0,128
1756.0425444277935,4,Night,960ef087e05742f2b803829b9a18fb69,2,50.599999999999994,0.0,iron,200.0,133
1757.0484844273888,4,Night,960ef087e05742f2b803829b9a18fb69,2,50.599999999999994,0.0,iron,200.0,143
1758.05324642919,4,Night,960ef087e05742f2b803829b9a18fb69,2,50.599999999999994,0.0,iron,200.0,143
1759.058626925107,4,Night,960ef087e05742f2b803829b9a18fb69,2,50.599999999999994,0.0,iron,200.0,140
1760.0617455020547,4,Night,960ef087e05742f2b803829b9a18fb69,2,50.599999999999994,0.0,iron,200.0,138
1761.063174214214,4,Night,960ef087e05742f2b803829b9a18fb69,2,50.599999999999994,0.0,iron,200.0,136
1762.1699449582957,4,Night,960ef087e05742f2b803829b9a18fb69,1,47.99999999999999,0.0,iron,200.0,133
1763.1745564611629,4,Night,960ef087e05742f2b803829b9a18fb69,1,47.99999999999999,0.0,iron,200.0,131
1764.1796049154364,4,Night,960ef087e05742f2b803829b9a18fb69,1,47.99999999999999,0.0,iron,200.0,131
1765.1813542484306,4,Night,960ef087e05742f2b803829b9a18fb69,1,47.99999999999999,0.0,iron,200.0,131
1766.18185262708,4,Night,960ef087e05742f2b803829b9a18fb69,1,47.99999999999999,0.0,iron,200.0,125
1767.1876515005715,4,Night,960ef087e05742f2b803829b9a18fb69,1,47.99999999999999,0.0,iron,200.0,125
1768.1886890437454,4,Night,960ef087e05742f2b803829b9a18fb69,1,47.99999999999999,0.0,iron,200.0,125
1769.1946353386156,4,Night,960ef087e05742f2b803829b9a18fb69,1,47.99999999999999,0.0,iron,200.0,125
1770.19571866747,4,Night,960ef087e05742f2b803829b9a18fb69,1,47.99999999999999,0.0,iron,200.0,125
1771.2036390425637,4,Night,960ef087e05742f2b803829b9a18fb69,1,47.99999999999999,0.0,iron,200.0,119
1772.2050039581954,4,Night,960ef087e05742f2b803829b9a18fb69,1,47.99999999999999,0.0,iron,200.0,119
1773.2054878375493,4,Night,960ef087e05742f2b803829b9a18fb69,1,47.99999999999999,0.0,iron,200.0,119
1774.2112338780425,4,Night,960ef087e05742f2b803829b9a18fb69,1,47.99999999999999,0.0,iron,200.0,119
1775.2149542914703,4,Night,960ef087e05742f2b803829b9a18fb69,1,47.99999999999999,0.0,iron,200.0,119
1776.2174339625053,4,Night,960ef087e05742f2b803829b9a18fb69,1,47.99999999999999,0.0,iron,200.0,114
1777.220884382259,4,Night,960ef087e05742f2b803829b9a18fb69,1,47.99999999999999,0.0,iron,200.0,114
1778.2226537605748,4,Night,960ef087e05742f2b803829b9a18fb69,1,47.99999999999999,0.0,iron,200.0,114
1779.222911470104,4,Night,960ef087e05742f2b803829b9a18fb69,2,47.99999999999999,30.0,iron,200.0,114
1780.2300647124648,4,Night,960ef087e05742f2b803829b9a18fb69,2,47.99999999999999,30.0,iron,200.0,114
1781.2303403774276,4,Night,960ef087e05742f2b803829b9a18fb69,2,47.99999999999999,30.0,iron,200.0,108
1782.2385765430517,4,Night,960ef087e05742f2b803829b9a18fb69,2,47.99999999999999,30.0,iron,200.0,108
1783.243521336466,4,Night,960ef087e05742f2b803829b9a18fb69,2,47.99999999999999,30.0,iron,200.0,100
1784.250318585895,4,Night,960ef087e05742f2b803829b9a18fb69,2,47.99999999999999,30.0,iron,200.0,100
1785.2554745427333,4,Night,960ef087e05742f2b803829b9a18fb69,2,47.99999999999999,30.0,iron,200.0,100
1786.2631072918884,4,Night,960ef087e05742f2b803829b9a18fb69,2,47.99999999999999,30.0,iron,200.0,95
1787.2702483721077,4,Night,960ef087e05742f2b803829b9a18fb69,2,47.99999999999999,30.0,iron,200.0,95
1788.2758806231432,4,Night,960ef087e05742f2b803829b9a18fb69,2,47.99999999999999,30.0,iron,200.0,93
1789.2763102068566,4,Night,960ef087e05742f2b803829b9a18fb69,1,46.599999999999994,30.0,iron,200.0,91
1790.2831964604557,4,Night,960ef087e05742f2b803829b9a18fb69,1,46.599999999999994,30.0,iron,200.0,88
1791.285269250162,4,Night,960ef087e05742f2b803829b9a18fb69,1,46.599999999999994,30.0,iron,200.0,87
1792.2880905023776,4,Night,960ef087e05742f2b803829b9a18fb69,1,46.599999999999994,30.0,iron,200.0,87
1793.2950617051683,4,Night,960ef087e05742f2b803829b9a18fb69,1,46.599999999999994,30.0,iron,200.0,87
1794.3008233704604,4,Night,960ef087e05742f2b803829b9a18fb69,2,46.599999999999994,0.0,iron,200.0,87
1795.3070069965906,4,Night,960ef087e05742f2b803829b9a18fb69,2,46.599999999999994,0.0,iron,200.0,87
1796.3111720411107,4,Night,960ef087e05742f2b803829b9a18fb69,2,46.599999999999994,0.0,iron,200.0,87
1797.3183862464502,4,Night,960ef087e05742f2b803829b9a18fb69,2,46.599999999999994,0.0,iron,200.0,87
1798.3239436219446,4,Night,960ef087e05742f2b803829b9a18fb69,2,46.599999999999994,0.0,iron,200.0,87
1799.3299883692525,4,Night,960ef087e05742f2b803829b9a18fb69,2,46.599999999999994,0.0,iron,200.0,87
1800.3334326981567,4,Night,960ef087e05742f2b803829b9a18fb69,2,46.599999999999994,0.0,iron,200.0,87
1801.3344631213695,4,Night,960ef087e05742f2b803829b9a18fb69,2,46.599999999999994,0.0,iron,200.0,87
1802.3364535807632,4,Night,960ef087e05742f2b803829b9a18fb69,2,46.599999999999994,0.0,iron,200.0,87
1803.3428808758035,4,Night,960ef087e05742f2b803829b9a18fb69,2,46.599999999999994,0.0,iron,200.0,87
1804.3454323671758,4,Night,960ef087e05742f2b803829b9a18fb69,1,43.99999999999999,0.0,iron,200.0,87
1805.3483518678695,4,Night,960ef087e05742f2b803829b9a18fb69,1,43.99999999999999,0.0,iron,200.0,87
1806.349262831267,4,Night,960ef087e05742f2b803829b9a18fb69,1,43.99999999999999,0.0,iron,200.0,87
1807.3557769511826,4,Night,960ef087e05742f2b803829b9a18fb69,1,43.99999999999999,0.0,iron,200.0,87
1808.3572744457051,4,Night,960ef087e05742f2b803829b9a18fb69,1,43.99999999999999,0.0,iron,200.0,87
1809.360397319775,4,Night,960ef087e05742f2b803829b9a18fb69,1,43.99999999999999,0.0,iron,200.0,87
1810.362177322153,4,Night,960ef087e05742f2b803829b9a18fb69,1,43.99999999999999,0.0,iron,200.0,87
1811.367167697288,4,Night,960ef087e05742f2b803829b9a18fb69,1,43.99999999999999,0.0,iron,200.0,87
1812.3751601069234,4,Night,960ef087e05742f2b803829b9a18fb69,1,43.99999999999999,0.0,iron,200.0,87
1813.3795636938885,4,Night,960ef087e05742f2b803829b9a18fb69,1,43.99999999999999,0.0,iron,200.0,87
1814.3837227346376,4,Night,960ef087e05742f2b803829b9a18fb69,1,43.99999999999999,0.0,iron,200.0,86
1815.3920775675215,4,Night,960ef087e05742f2b803829b9a18fb69,1,43.99999999999999,0.0,iron,200.0,86
1816.39744423097,4,Night,960ef087e05742f2b803829b9a18fb69,1,43.99999999999999,0.0,iron,200.0,86
1817.4004816059023,4,Night,960ef087e05742f2b803829b9a18fb69,1,43.99999999999999,0.0,iron,200.0,86
1818.407841696404,4,Night,960ef087e05742f2b803829b9a18fb69,1,43.99999999999999,0.0,iron,200.0,86
1819.4106499874033,4,Night,960ef087e05742f2b803829b9a18fb69,1,43.99999999999999,0.0,iron,200.0,74
1820.4144481103867,4,Night,960ef087e05742f2b803829b9a18fb69,1,43.99999999999999,0.0,iron,200.0,74
1821.4176472732797,4,Night,960ef087e05742f2b803829b9a18fb69,2,43.99999999999999,30.0,iron,200.0,74
1822.4211073224433,4,Night,960ef087e05742f2b803829b9a18fb69,2,43.99999999999999,30.0,iron,200.0,74
1823.4265448553488,4,Night,960ef087e05742f2b803829b9a18fb69,2,43.99999999999999,30.0,iron,200.0,74
1824.4306443138048,4,Night,960ef087e05742f2b803829b9a18fb69,2,43.99999999999999,30.0,iron,200.0,61
1825.431816524826,4,Night,960ef087e05742f2b803829b9a18fb69,2,43.99999999999999,30.0,iron,200.0,61
1826.438296938315,4,Night,960ef087e05742f2b803829b9a18fb69,2,43.99999999999999,30.0,iron,200.0,61
1827.4428033125587,4,Night,960ef087e05742f2b803829b9a18fb69,2,43.99999999999999,30.0,iron,200.0,61
1828.4498896850273,4,Night,960ef087e05742f2b803829b9a18fb69,2,43.99999999999999,30.0,iron,200.0,61
1829.4574071411043,4,Night,960ef087e05742f2b803829b9a18fb69,2,43.99999999999999,30.0,iron,200.0,49
1830.463945306372,4,Night,960ef087e05742f2b803829b9a18fb69,2,43.99999999999999,30.0,iron,200.0,49
1831.4698519334197,4,Night,960ef087e05742f2b803829b9a18fb69,1,42.599999999999994,30.0,iron,200.0,49
1832.4712235643528,4,Night,960ef087e05742f2b803829b9a18fb69,1,42.599999999999994,30.0,iron,200.0,49
1833.4724024767056,4,Night,960ef087e05742f2b803829b9a18fb69,1,42.599999999999994,30.0,iron,200.0,49
1834.4786931867711,4,Night,960ef087e05742f2b803829b9a18fb69,1,42.599999999999994,30.0,iron,200.0,43
1835.479006104637,4,Night,960ef087e05742f2b803829b9a18fb69,1,42.599999999999994,30.0,iron,200.0,43
1836.4859892311506,4,Night,960ef087e05742f2b803829b9a18fb69,2,42.599999999999994,0.0,iron,200.0,43
1837.48714910727,4,Night,960ef087e05742f2b803829b9a18fb69,2,42.599999999999994,0.0,iron,200.0,43
1838.488899441436,4,Night,960ef087e05742f2b803829b9a18fb69,2,42.599999999999994,0.0,iron,200.0,43
1839.4933503181674,4,Night,960ef087e05742f2b803829b9a18fb69,2,42.599999999999994,0.0,iron,200.0,43
1840.4938775650226,4,Night,960ef087e05742f2b803829b9a18fb69,2,42.599999999999994,0.0,iron,200.0,43
1841.4981689411215,4,Night,960ef087e05742f2b803829b9a18fb69,2,42.599999999999994,0.0,iron,200.0,43
1842.50330156181,4,Night,960ef087e05742f2b803829b9a18fb69,2,42.599999999999994,0.0,iron,200.0,43
1843.507960558869,4,Night,960ef087e05742f2b803829b9a18fb69,2,42.599999999999994,0.0,iron,200.0,43
1844.5086205583066,4,Night,960ef087e05742f2b803829b9a18fb69,2,42.599999999999994,0.0,iron,200.0,43
1845.514368314296,4,Night,960ef087e05742f2b803829b9a18fb69,2,42.599999999999994,0.0,iron,200.0,43
1846.5181337255053,4,Night,960ef087e05742f2b803829b9a18fb69,1,39.99999999999999,0.0,iron,200.0,43
1847.5208468129858,4,Night,960ef087e05742f2b803829b9a18fb69,1,39.99999999999999,0.0,iron,200.0,43
1848.5213306476362,4,Night,960ef087e05742f2b803829b9a18fb69,1,39.99999999999999,0.0,iron,200.0,43
1849.5289918151684,4,Night,960ef087e05742f2b803829b9a18fb69,1,39.99999999999999,0.0,iron,200.0,43
1850.5298694483936,4,Night,960ef087e05742f2b803829b9a18fb69,1,39.99999999999999,0.0,iron,200.0,43
1851.5347281950526,4,Night,960ef087e05742f2b803829b9a18fb69,1,39.99999999999999,0.0,iron,200.0,40
1852.535333322361,4,Night,960ef087e05742f2b803829b9a18fb69,1,39.99999999999999,0.0,iron,200.0,40
1853.5425650593825,4,Night,960ef087e05742f2b803829b9a18fb69,1,39.99999999999999,0.0,iron,200.0,40
1854.5452176467516,4,Night,960ef087e05742f2b803829b9a18fb69,1,39.99999999999999,0.0,iron,200.0,40
1855.545434396714,4,Night,960ef087e05742f2b803829b9a18fb69,1,39.99999999999999,0.0,iron,200.0,40
1856.5503377304412,4,Night,960ef087e05742f2b803829b9a18fb69,1,39.99999999999999,0.0,iron,200.0,38
1857.5565481018275,4,Night,960ef087e05742f2b803829b9a18fb69,1,39.99999999999999,0.0,iron,200.0,38
1858.5585340224206,4,Night,960ef087e05742f2b803829b9a18fb69,1,39.99999999999999,0.0,iron,200.0,38
1859.560026065912,4,Night,960ef087e05742f2b803829b9a18fb69,1,39.99999999999999,0.0,iron,200.0,38
1860.5649294801988,4,Night,960ef087e05742f2b803829b9a18fb69,1,39.99999999999999,0.0,iron,200.0,38
1861.5704957721755,4,Night,960ef087e05742f2b803829b9a18fb69,1,39.99999999999999,0.0,iron,200.0,36
1862.5739683150314,4,Night,960ef087e05742f2b803829b9a18fb69,1,39.99999999999999,0.0,iron,200.0,36
1863.578103929758,4,Night,960ef087e05742f2b803829b9a18fb69,2,39.99999999999999,30.0,iron,200.0,36
1864.582075310871,4,Night,960ef087e05742f2b803829b9a18fb69,2,39.99999999999999,30.0,iron,200.0,36
1865.5821057697758,4,Night,960ef087e05742f2b803829b9a18fb69,2,39.99999999999999,30.0,iron,200.0,36
1866.5890514366329,4,Night,960ef087e05742f2b803829b9a18fb69,2,39.99999999999999,30.0,iron,200.0,34
1867.5910926470533,4,Night,960ef087e05742f2b803829b9a18fb69,2,39.99999999999999,30.0,iron,200.0,34
1868.597990479786,4,Night,960ef087e05742f2b803829b9a18fb69,2,39.99999999999999,30.0,iron,200.0,34
1869.5992241865024,4,Night,960ef087e05742f2b803829b9a18fb69,2,39.99999999999999,30.0,iron,200.0,34
1870.606484352611,4,Night,960ef087e05742f2b803829b9a18fb69,2,39.99999999999999,30.0,iron,200.0,34
1871.608011473436,4,Night,960ef087e05742f2b803829b9a18fb69,2,39.99999999999999,30.0,iron,200.0,33
1872.6161793922074,4,Night,960ef087e05742f2b803829b9a18fb69,2,39.99999999999999,30.0,iron,200.0,27
1873.6225518467836,4,Night,960ef087e05742f2b803829b9a18fb69,1,38.599999999999994,30.0,iron,200.0,27
1874.622702643741,4,Night,960ef087e05742f2b803829b9a18fb69,1,38.599999999999994,30.0,iron,200.0,27
1875.6264816853218,4,Night,960ef087e05742f2b803829b9a18fb69,1,38.599999999999994,30.0,iron,200.0,27
1876.6293236417696,4,Night,960ef087e05742f2b803829b9a18fb69,1,38.599999999999994,30.0,iron,200.0,26
1877.634252180811,4,Night,960ef087e05742f2b803829b9a18fb69,1,38.599999999999994,30.0,iron,198.31693896092474,19
1878.643008145038,4,Night,960ef087e05742f2b803829b9a18fb69,2,38.599999999999994,0.0,iron,195.12657205341384,19
1879.650737266522,4,Night,960ef087e05742f2b803829b9a18fb69,2,38.599999999999994,0.0,iron,190.08792644599453,19
1880.6517780213617,4,Night,960ef087e05742f2b803829b9a18fb69,2,38.599999999999994,0.0,iron,187.9905099910684,9
1881.6557389325462,4,Night,960ef087e05742f2b803829b9a18fb69,2,38.599999999999994,0.0,iron,187.9905099910684,8
1882.6600675168447,4,Night,960ef087e05742f2b803829b9a18fb69,2,38.599999999999994,0.0,iron,186.00153560051695,8
1883.6667170138098,4,Night,960ef087e05742f2b803829b9a18fb69,2,38.599999999999994,0.0,iron,180.9682881156914,7
1884.668200140819,4,Night,960ef087e05742f2b803829b9a18fb69,2,38.599999999999994,0.0,iron,180.85394642082974,1
1885.6690283897333,4,Night,960ef087e05742f2b803829b9a18fb69,2,38.599999999999994,0.0,iron,177.7921437099576,1
1886.6746891392395,4,Night,960ef087e05742f2b803829b9a18fb69,2,38.599999999999994,0.0,iron,175.25319686392322,0
1887.679320551455,4,Night,960ef087e05742f2b803829b9a18fb69,2,38.599999999999994,0.0,iron,175.25319686392322,0
1888.6816447600722,4,Night,960ef087e05742f2b803829b9a18fb69,1,35.99999999999999,0.0,iron,175.25319686392322,0
1889.6860658833757,4,Night,960ef087e05742f2b803829b9a18fb69,1,35.99999999999999,0.0,iron,175.25319686392322,0
1890.690442041494,4,Night,960ef087e05742f2b803829b9a18fb69,1,35.99999999999999,0.0,iron,175.25319686392322,0
1891.696785543114,4,Night,960ef087e05742f2b803829b9a18fb69,1,35.99999999999999,0.0,iron,175.25319686392322,0
1892.702269166708,4,Night,960ef087e05742f2b803829b9a18fb69,1,35.99999999999999,0.0,iron,175.25319686392322,0
1893.7052413318306,4,Night,960ef087e05742f2b803829b9a18fb69,1,35.99999999999999,0.0,iron,175.25319686392322,0
1894.705697664991,4,Night,960ef087e05742f2b803829b9a18fb69,1,35.99999999999999,0.0,iron,175.25319686392322,0
1895.7121401689947,4,Night,960ef087e05742f2b803829b9a18fb69,1,35.99999999999999,0.0,iron,175.25319686392322,0
1896.7142265411094,4,Night,960ef087e05742f2b803829b9a18fb69,1,35.99999999999999,0.0,iron,175.25319686392322,0
1897.7162055023946,4,Night,960ef087e05742f2b803829b9a18fb69,1,35.99999999999999,0.0,iron,175.25319686392322,0
1898.7187301749364,4,Night,960ef087e05742f2b803829b9a18fb69,1,35.99999999999999,0.0,iron,175.25319686392322,0
1899.7205951302312,4,Night,960ef087e05742f2b803829b9a18fb69,1,35.99999999999999,0.0,iron,175.25319686392322,0
1900.72747801058,4,Night,960ef087e05742f2b803829b9a18fb69,1,35.99999999999999,0.0,iron,175.25319686392322,0
1901.7335525071248,4,Night,960ef087e05742f2b803829b9a18fb69,1,35.99999999999999,0.0,iron,175.25319686392322,0
1902.7367365891114,4,Night,960ef087e05742f2b803829b9a18fb69,1,35.99999999999999,0.0,iron,175.25319686392322,0
1903.7407691311091,4,Night,960ef087e05742f2b803829b9a18fb69,1,35.99999999999999,0.0,iron,175.25319686392322,0
1904.7480578408577,4,Night,960ef087e05742f2b803829b9a18fb69,1,35.99999999999999,0.0,iron,175.25319686392322,0
1905.75094496971,4,Night,960ef087e05742f2b803829b9a18fb69,2,35.99999999999999,30.0,iron,175.25319686392322,0
1906.75423684204,4,Night,960ef087e05742f2b803829b9a18fb69,2,35.99999999999999,30.0,iron,175.25319686392322,0
1907.7558442144655,4,Night,960ef087e05742f2b803829b9a18fb69,2,35.99999999999999,30.0,iron,175.25319686392322,0
1908.7577781705186,4,Night,960ef087e05742f2b803829b9a18fb69,2,35.99999999999999,30.0,iron,175.25319686392322,0
1909.765057131648,4,Night,960ef087e05742f2b803829b9a18fb69,2,35.99999999999999,30.0,iron,175.25319686392322,0
1910.7701770835556,4,Night,960ef087e05742f2b803829b9a18fb69,2,35.99999999999999,30.0,iron,175.25319686392322,0
1911.772369299084,4,Night,960ef087e05742f2b803829b9a18fb69,2,35.99999999999999,30.0,iron,175.25319686392322,0
1912.773348624818,4,Night,960ef087e05742f2b803829b9a18fb69,2,35.99999999999999,30.0,iron,175.25319686392322,0
1913.7742305509746,4,Night,960ef087e05742f2b803829b9a18fb69,2,35.99999999999999,30.0,iron,175.25319686392322,0
1914.7818630891852,4,Night,960ef087e05742f2b803829b9a18fb69,2,35.99999999999999,30.0,iron,175.25319686392322,0
1915.784376712516,4,Night,960ef087e05742f2b803829b9a18fb69,1,34.599999999999994,30.0,iron,175.25319686392322,0
1916.789437591564,4,Night,960ef087e05742f2b803829b9a18fb69,1,34.599999999999994,30.0,iron,175.25319686392322,0
1917.7947184648365,4,Night,960ef087e05742f2b803829b9a18fb69,1,34.599999999999994,30.0,iron,175.25319686392322,0
1918.802126755938,4,Night,960ef087e05742f2b803829b9a18fb69,1,34.599999999999994,30.0,iron,175.25319686392322,0
1919.8072974258102,4,Night,960ef087e05742f2b803829b9a18fb69,1,34.599999999999994,30.0,iron,175.25319686392322,0
1920.8117083907127,5,Day,960ef087e05742f2b803829b9a18fb69,2,34.599999999999994,0.0,iron,175.25319686392322,0
1921.8161978987046,5,Day,960ef087e05742f2b803829b9a18fb69,2,34.599999999999994,0.0,iron,175.25319686392322,0
1922.8186246850528,5,Day,960ef087e05742f2b803829b9a18fb69,2,34.599999999999994,0.0,iron,175.25319686392322,0
1923.8264566021971,5,Day,960ef087e05742f2b803829b9a18fb69,2,34.599999999999994,0.0,iron,175.25319686392322,0
1924.8332430669107,5,Day,960ef087e05742f2b803829b9a18fb69,2,34.599999999999994,0.0,iron,175.25319686392322,0
1925.834597017616,5,Day,960ef087e05742f2b803829b9a18fb69,2,34.599999999999994,0.0,iron,175.25319686392322,0
1926.83493347466,5,Day,960ef087e05742f2b803829b9a18fb69,2,34.599999999999994,0.0,iron,175.25319686392322,0
1927.8379403050058,5,Day,960ef087e05742f2b803829b9a18fb69,2,34.599999999999994,0.0,iron,175.25319686392322,0
1928.8460293873213,5,Day,960ef087e05742f2b803829b9a18fb69,2,34.599999999999994,0.0,iron,175.25319686392322,0
1929.8530125063844,5,Day,960ef087e05742f2b803829b9a18fb69,2,34.599999999999994,0.0,iron,175.25319686392322,0
1930.856340895407,5,Day,960ef087e05742f2b803829b9a18fb69,1,31.999999999999993,0.0,iron,175.25319686392322,0
1931.8634431837127,5,Day,960ef087e05742f2b803829b9a18fb69,1,31.999999999999993,0.0,iron,175.25319686392322,0
1932.865795685444,5,Day,960ef087e05742f2b803829b9a18fb69,1,31.999999999999993,0.0,iron,175.25319686392322,0
1933.8663251427934,5,Day,960ef087e05742f2b803829b9a18fb69,1,31.999999999999993,0.0,iron,175.25319686392322,0
1934.8664001850411,5,Day,960ef087e05742f2b803829b9a18fb69,1,31.999999999999993,0.0,iron,175.25319686392322,0
1935.868905437179,5,Day,960ef087e05742f2b803829b9a18fb69,1,31.999999999999993,0.0,iron,175.25319686392322,0
1936.8721119356342,5,Day,960ef087e05742f2b803829b9a18fb69,1,31.999999999999993,0.0,iron,175.25319686392322,0
1937.87759089889,5,Day,960ef087e05742f2b803829b9a18fb69,1,31.999999999999993,0.0,iron,175.25319686392322,0
1938.8840613556094,5,Day,960ef087e05742f2b803829b9a18fb69,1,31.999999999999993,0.0,iron,175.25319686392322,0
1939.8900389769115,5,Day,960ef087e05742f2b803829b9a18fb69,1,31.999999999999993,0.0,iron,175.25319686392322,0
1940.8952645650133,5,Day,960ef087e05742f2b803829b9a18fb69,1,31.999999999999993,0.0,iron,175.25319686392322,0
1941.900893648155,5,Day,960ef087e05742f2b803829b9a18fb69,1,31.999999999999993,0.0,iron,175.25319686392322,0
1942.9066596520133,5,Day,960ef087e05742f2b803829b9a18fb69,1,31.999999999999993,0.0,iron,175.25319686392322,0
1943.907881979365,5,Day,960ef087e05742f2b803829b9a18fb69,1,31.999999999999993,0.0,iron,175.25319686392322,0
1944.9112777789123,5,Day,960ef087e05742f2b803829b9a18fb69,1,31.999999999999993,0.0,iron,175.25319686392322,0
1945.9115488212556,5,Day,960ef087e05742f2b803829b9a18fb69,1,31.999999999999993,0.0,iron,175.25319686392322,0
1946.915245317854,5,Day,960ef087e05742f2b803829b9a18fb69,1,31.999999999999993,0.0,iron,175.25319686392322,0
1947.9200725331903,5,Day,960ef087e05742f2b803829b9a18fb69,2,31.999999999999993,30.0,iron,175.25319686392322,0
1948.9271877370775,5,Day,960ef087e05742f2b803829b9a18fb69,2,31.999999999999993,30.0,iron,175.25319686392322,0
1949.9349614069797,5,Day,960ef087e05742f2b803829b9a18fb69,2,31.999999999999993,30.0,iron,175.25319686392322,0
1950.9395684865303,5,Day,960ef087e05742f2b803829b9a18fb69,2,31.999999999999993,30.0,iron,175.25319686392322,0
1951.9402832845226,5,Day,960ef087e05742f2b803829b9a18fb69,2,31.999999999999993,30.0,iron,175.25319686392322,0
1952.9423521552235,5,Day,960ef087e05742f2b803829b9a18fb69,2,31.999999999999993,30.0,iron,175.25319686392322,0
1953.9489490743726,5,Day,960ef087e05742f2b803829b9a18fb69,2,31.999999999999993,30.0,iron,175.25319686392322,0
1954.95078078378,5,Day,960ef087e05742f2b803829b9a18fb69,2,31.999999999999993,30.0,iron,175.25319686392322,0
1955.9521346618421,5,Day,960ef087e05742f2b803829b9a18fb69,2,31.999999999999993,30.0,iron,175.25319686392322,0
1956.9533143229783,5,Day,960ef087e05742f2b803829b9a18fb69,2,31.999999999999993,30.0,iron,175.25319686392322,0
1957.9595077428967,5,Day,960ef087e05742f2b803829b9a18fb69,1,30.599999999999994,30.0,iron,175.25319686392322,0
1958.961284993682,5,Day,960ef087e05742f2b803829b9a18fb69,1,30.599999999999994,30.0,iron,175.25319686392322,0
1959.9614864094183,5,Day,960ef087e05742f2b803829b9a18fb69,1,30.599999999999994,30.0,iron,175.25319686392322,0
1960.9673930783756,5,Day,960ef087e05742f2b803829b9a18fb69,1,30.599999999999994,30.0,iron,175.25319686392322,0
1961.973617780488,5,Day,960ef087e05742f2b803829b9a18fb69,1,30.599999999999994,30.0,iron,175.25319686392322,0
1962.977942490019,5,Day,960ef087e05742f2b803829b9a18fb69,2,30.599999999999994,0.0,iron,175.25319686392322,0
1963.9796857801266,5,Day,960ef087e05742f2b803829b9a18fb69,2,30.599999999999994,0.0,iron,175.25319686392322,0
1964.9822590388358,5,Day,960ef087e05742f2b803829b9a18fb69,2,30.599999999999994,0.0,iron,175.25319686392322,0
1965.9844544529915,5,Day,960ef087e05742f2b803829b9a18fb69,2,30.599999999999994,0.0,iron,175.25319686392322,0
1966.988437990658,5,Day,960ef087e05742f2b803829b9a18fb69,2,30.599999999999994,0.0,iron,175.25319686392322,0
1967.9917319538072,5,Day,960ef087e05742f2b803829b9a18fb69,2,30.599999999999994,0.0,iron,175.25319686392322,0
1968.9931131182238,5,Day,960ef087e05742f2b803829b9a18fb69,2,30.599999999999994,0.0,iron,175.25319686392322,0
1969.9953822041862,5,Day,960ef087e05742f2b803829b9a18fb69,2,30.599999999999994,0.0,iron,175.25319686392322,0
1970.9962640344165,5,Day,960ef087e05742f2b803829b9a18fb69,2,30.599999999999994,0.0,iron,175.25319686392322,0
1972.0026933285408,5,Day,960ef087e05742f2b803829b9a18fb69,2,30.599999999999994,0.0,iron,175.25319686392322,0
1973.008838493377,5,Day,960ef087e05742f2b803829b9a18fb69,1,27.999999999999993,0.0,iron,175.25319686392322,0
1974.0153050762601,5,Day,960ef087e05742f2b803829b9a18fb69,1,27.999999999999993,0.0,iron,175.25319686392322,0
1975.0161950360052,5,Day,960ef087e05742f2b803829b9a18fb69,1,27.999999999999993,0.0,iron,175.25319686392322,0
1976.0216472418979,5,Day,960ef087e05742f2b803829b9a18fb69,1,27.999999999999993,0.0,iron,175.25319686392322,0
1977.0292080803774,5,Day,960ef087e05742f2b803829b9a18fb69,1,27.999999999999993,0.0,iron,175.25319686392322,0
1978.031846752856,5,Day,960ef087e05742f2b803829b9a18fb69,1,27.999999999999993,0.0,iron,175.25319686392322,0
1979.0360230840743,5,Day,960ef087e05742f2b803829b9a18fb69,1,27.999999999999993,0.0,iron,175.25319686392322,0
1980.0186461703852,5,Day,960ef087e05742f2b803829b9a18fb69,1,27.999999999999993,0.0,iron,175.25319686392322,0
1981.1249066619202,5,Day,960ef087e05742f2b803829b9a18fb69,1,27.999999999999993,0.0,iron,175.25319686392322,0
1982.130698834546,5,Day,960ef087e05742f2b803829b9a18fb69,1,27.999999999999993,0.0,iron,175.25319686392322,0
1983.1381313730963,5,Day,960ef087e05742f2b803829b9a18fb69,1,27.999999999999993,0.0,iron,175.25319686392322,0
1984.1430707527325,5,Day,960ef087e05742f2b803829b9a18fb69,1,27.999999999999993,0.0,iron,175.25319686392322,0
1985.1440511643887,5,Day,960ef087e05742f2b803829b9a18fb69,1,27.999999999999993,0.0,iron,175.25319686392322,0
1986.1469311672263,5,Day,960ef087e05742f2b803829b9a18fb69,1,27.999999999999993,0.0,iron,175.25319686392322,0
1987.1504499604926,5,Day,960ef087e05742f2b803829b9a18fb69,1,27.999999999999993,0.0,iron,175.25319686392322,0
1988.1566713768989,5,Day,960ef087e05742f2b803829b9a18fb69,1,27.999999999999993,0.0,iron,175.25319686392322,0
1989.1648737187497,5,Day,960ef087e05742f2b803829b9a18fb69,2,27.999999999999993,30.0,iron,175.25319686392322,0
1990.1690875510685,5,Day,960ef087e05742f2b803829b9a18fb69,2,27.999999999999993,30.0,iron,175.25319686392322,0
1991.175606181845,5,Day,960ef087e05742f2b803829b9a18fb69,2,27.999999999999993,30.0,iron,175.25319686392322,0
1992.1755628548563,5,Day,960ef087e05742f2b803829b9a18fb69,2,27.999999999999993,30.0,iron,175.25319686392322,0
1993.1810284378007,5,Day,960ef087e05742f2b803829b9a18fb69,2,27.999999999999993,30.0,iron,175.25319686392322,0
1994.1875667646527,5,Day,960ef087e05742f2b803829b9a18fb69,2,27.999999999999993,30.0,iron,175.25319686392322,0
1995.195253598038,5,Day,960ef087e05742f2b803829b9a18fb69,2,27.999999999999993,30.0,iron,175.25319686392322,0
1996.1976140984334,5,Day,960ef087e05742f2b803829b9a18fb69,2,27.999999999999993,30.0,iron,175.25319686392322,0
1997.1983040999621,5,Day,960ef087e05742f2b803829b9a18fb69,2,27.999999999999993,30.0,iron,175.25319686392322,0
1998.2008193074726,5,Day,960ef087e05742f2b803829b9a18fb69,2,27.999999999999993,30.0,iron,175.25319686392322,0
1999.2064480599947,5,Day,960ef087e05742f2b803829b9a18fb69,1,26.599999999999994,30.0,iron,175.25319686392322,0
2000.2134665143676,5,Day,960ef087e05742f2b803829b9a18fb69,1,26.599999999999994,30.0,iron,175.25319686392322,0
2001.215952011291,5,Day,960ef087e05742f2b803829b9a18fb69,1,26.599999999999994,30.0,iron,175.25319686392322,0
2002.2160580470227,5,Day,960ef087e05742f2b803829b9a18fb69,1,26.599999999999994,30.0,iron,175.25319686392322,0
2003.2201690115035,5,Day,960ef087e05742f2b803829b9a18fb69,1,26.599999999999994,30.0,iron,175.25319686392322,0
2004.2238770131953,5,Day,960ef087e05742f2b803829b9a18fb69,2,26.599999999999994,0.0,iron,175.25319686392322,0
2005.2284929263406,5,Day,960ef087e05742f2b803829b9a18fb69,2,26.599999999999994,0.0,iron,175.25319686392322,0
2006.2301750485785,5,Day,960ef087e05742f2b803829b9a18fb69,2,26.599999999999994,0.0,iron,175.25319686392322,0
2007.2330941744149,5,Day,960ef087e05742f2b803829b9a18fb69,2,26.599999999999994,0.0,iron,175.25319686392322,0
2008.2353733363561,5,Day,960ef087e05742f2b803829b9a18fb69,2,26.599999999999994,0.0,iron,175.25319686392322,0
2009.236901793629,5,Day,960ef087e05742f2b803829b9a18fb69,2,26.599999999999994,0.0,iron,175.25319686392322,0
2010.241538008675,5,Day,960ef087e05742f2b803829b9a18fb69,2,26.599999999999994,0.0,iron,175.25319686392322,0
2011.2456495910883,5,Day,960ef087e05742f2b803829b9a18fb69,2,26.599999999999994,0.0,iron,175.25319686392322,0
2012.2473499691114,5,Day,960ef087e05742f2b803829b9a18fb69,2,26.599999999999994,0.0,iron,175.25319686392322,0
2013.2512717153877,5,Day,960ef087e05742f2b803829b9a18fb69,2,26.599999999999994,0.0,iron,175.25319686392322,0
2014.251943801064,5,Day,960ef087e05742f2b803829b9a18fb69,1,23.999999999999993,0.0,iron,175.25319686392322,0
2015.2539065540768,5,Day,960ef087e05742f2b803829b9a18fb69,1,23.999999999999993,0.0,iron,175.25319686392322,0
2016.2545682662167,5,Day,960ef087e05742f2b803829b9a18fb69,1,23.999999999999993,0.0,iron,175.25319686392322,0
2017.2548028090969,5,Day,960ef087e05742f2b803829b9a18fb69,1,23.999999999999993,0.0,iron,175.25319686392322,0
2018.25725146709,5,Day,960ef087e05742f2b803829b9a18fb69,1,23.999999999999993,0.0,iron,175.25319686392322,0
2019.259471887257,5,Day,960ef087e05742f2b803829b9a18fb69,1,23.999999999999993,0.0,iron,175.25319686392322,0
2020.2605628445745,5,Day,960ef087e05742f2b803829b9a18fb69,1,23.999999999999993,0.0,iron,175.25319686392322,0
2021.2632727148011,5,Day,960ef087e05742f2b803829b9a18fb69,1,23.999999999999993,0.0,iron,175.25319686392322,0
2022.2676540529355,5,Day,960ef087e05742f2b803829b9a18fb69,1,23.999999999999993,0.0,iron,175.25319686392322,0
2023.270153762307,5,Day,960ef087e05742f2b803829b9a18fb69,1,23.999999999999993,0.0,iron,175.25319686392322,0
2024.2716570501216,5,Day,960ef087e05742f2b803829b9a18fb69,1,23.999999999999993,0.0,iron,175.25319686392322,0
2025.2732375161722,5,Day,960ef087e05742f2b803829b9a18fb69,1,23.999999999999993,0.0,iron,175.25319686392322,0
2026.2757796333171,5,Day,960ef087e05742f2b803829b9a18fb69,1,23.999999999999993,0.0,iron,175.25319686392322,0
2027.2789784711786,5,Day,960ef087e05742f2b803829b9a18fb69,1,23.999999999999993,0.0,iron,175.25319686392322,0
2028.2813329338096,5,Day,960ef087e05742f2b803829b9a18fb69,1,23.999999999999993,0.0,iron,175.25319686392322,0
2029.2854906413704,5,Day,960ef087e05742f2b803829b9a18fb69,1,23.999999999999993,0.0,iron,175.25319686392322,0
2030.2901378488168,5,Day,960ef087e05742f2b803829b9a18fb69,1,23.999999999999993,0.0,iron,175.25319686392322,0
2031.2919658059254,5,Day,960ef087e05742f2b803829b9a18fb69,2,23.999999999999993,30.0,iron,175.25319686392322,0
2032.2924750559032,5,Day,960ef087e05742f2b803829b9a18fb69,2,23.999999999999993,30.0,iron,175.25319686392322,0
2033.295523351524,5,Day,960ef087e05742f2b803829b9a18fb69,2,23.999999999999993,30.0,iron,175.25319686392322,0
2034.3009812752716,5,Day,960ef087e05742f2b803829b9a18fb69,2,23.999999999999993,30.0,iron,175.25319686392322,0
2035.3052476071753,5,Day,960ef087e05742f2b803829b9a18fb69,2,23.999999999999993,30.0,iron,175.25319686392322,0
2036.3060563928448,5,Day,960ef087e05742f2b803829b9a18fb69,2,23.999999999999993,30.0,iron,175.25319686392322,0
2037.3133084373549,5,Day,960ef087e05742f2b803829b9a18fb69,2,23.999999999999993,30.0,iron,175.25319686392322,0
2038.3187530613504,5,Day,960ef087e05742f2b803829b9a18fb69,2,23.999999999999993,30.0,iron,175.25319686392322,0
2039.3259655204602,5,Day,960ef087e05742f2b803829b9a18fb69,2,23.999999999999993,30.0,iron,175.25319686392322,0
2040.3327371957712,5,Day,960ef087e05742f2b803829b9a18fb69,2,23.999999999999993,30.0,iron,175.25319686392322,0
2041.3378674755804,5,Day,960ef087e05742f2b803829b9a18fb69,1,22.599999999999994,30.0,iron,175.25319686392322,0
2042.3425289341249,5,Day,960ef087e05742f2b803829b9a18fb69,1,22.599999999999994,30.0,iron,175.25319686392322,0
2043.3491545254365,5,Day,960ef087e05742f2b803829b9a18fb69,1,22.599999999999994,30.0,iron,175.25319686392322,0
2044.3516662358306,5,Day,960ef087e05742f2b803829b9a18fb69,1,22.599999999999994,30.0,iron,175.25319686392322,0
2045.3540814830922,5,Day,960ef087e05742f2b803829b9a18fb69,1,22.599999999999994,30.0,iron,175.25319686392322,0
2046.36149094766,5,Day,960ef087e05742f2b803829b9a18fb69,2,22.599999999999994,0.0,iron,175.25319686392322,0
2047.361747152172,5,Day,960ef087e05742f2b803829b9a18fb69,2,22.599999999999994,0.0,iron,175.25319686392322,0
2048.3655391968787,5,Day,960ef087e05742f2b803829b9a18fb69,2,22.599999999999994,0.0,iron,175.25319686392322,0
2049.3702371129766,5,Day,960ef087e05742f2b803829b9a18fb69,2,22.599999999999994,0.0,iron,175.25319686392322,0
2050.3744459864683,5,Day,960ef087e05742f2b803829b9a18fb69,2,22.599999999999994,0.0,iron,175.25319686392322,0
2051.3765860321,5,Day,960ef087e05742f2b803829b9a18fb69,2,22.599999999999994,0.0,iron,175.25319686392322,0
2052.3777456562966,5,Day,960ef087e05742f2b803829b9a18fb69,2,22.599999999999994,0.0,iron,175.25319686392322,0
2053.378571117297,5,Day,960ef087e05742f2b803829b9a18fb69,2,22.599999999999994,0.0,iron,175.25319686392322,0
2054.383550282102,5,Day,960ef087e05742f2b803829b9a18fb69,2,22.599999999999994,0.0,iron,175.25319686392322,0
2055.3855365654454,5,Day,960ef087e05742f2b803829b9a18fb69,2,22.599999999999994,0.0,iron,175.25319686392322,0
2056.3880640245043,5,Day,960ef087e05742f2b803829b9a18fb69,3,19.999999999999993,0.0,iron,175.25319686392322,0
2057.3950688168406,5,Day,960ef087e05742f2b803829b9a18fb69,3,19.999999999999993,0.0,iron,175.25319686392322,0
2058.4023801949807,5,Day,960ef087e05742f2b803829b9a18fb69,3,19.999999999999993,0.0,iron,175.25319686392322,0
2059.409538025502,5,Day,960ef087e05742f2b803829b9a18fb69,3,19.999999999999993,0.0,iron,175.25319686392322,0
2060.4103240654804,5,Day,960ef087e05742f2b803829b9a18fb69,3,19.999999999999993,0.0,iron,175.25319686392322,0
2061.412623278331,5,Day,960ef087e05742f2b803829b9a18fb69,3,19.999999999999993,0.0,iron,175.25319686392322,0
2062.4132026932202,5,Day,960ef087e05742f2b803829b9a18fb69,3,19.999999999999993,0.0,iron,175.25319686392322,0
2063.4161800662987,5,Day,960ef087e05742f2b803829b9a18fb69,3,19.999999999999993,0.0,iron,175.25319686392322,0
2064.420195777435,5,Day,960ef087e05742f2b803829b9a18fb69,3,19.999999999999993,0.0,iron,175.25319686392322,0
2065.423927074764,5,Day,960ef087e05742f2b803829b9a18fb69,3,19.999999999999993,0.0,iron,175.25319686392322,0
2066.4298300286755,5,Day,960ef087e05742f2b803829b9a18fb69,3,19.999999999999993,0.0,iron,175.25319686392322,0
2067.434308152646,5,Day,960ef087e05742f2b803829b9a18fb69,3,19.999999999999993,0.0,iron,175.25319686392322,0
2068.437476817984,5,Day,960ef087e05742f2b803829b9a18fb69,3,19.999999999999993,0.0,iron,175.25319686392322,0
2069.4412753647193,5,Day,960ef087e05742f2b803829b9a18fb69,3,19.999999999999993,0.0,iron,175.25319686392322,0
2070.448232653551,5,Day,960ef087e05742f2b803829b9a18fb69,3,19.999999999999993,0.0,iron,175.25319686392322,0
2071.455557526555,5,Day,960ef087e05742f2b803829b9a18fb69,3,19.999999999999993,0.0,iron,175.25319686392322,0
2072.457102854736,5,Day,960ef087e05742f2b803829b9a18fb69,3,19.999999999999993,0.0,iron,175.25319686392322,0
2073.4620487811044,5,Day,960ef087e05742f2b803829b9a18fb69,2,70.0,30.0,iron,200.0,0
2074.468437282834,5,Day,960ef087e05742f2b803829b9a18fb69,2,70.0,30.0,iron,200.0,0
2075.4753439067863,5,Day,960ef087e05742f2b803829b9a18fb69,2,70.0,30.0,iron,200.0,0
2076.4774398277514,5,Day,960ef087e05742f2b803829b9a18fb69,2,70.0,30.0,iron,200.0,0
2077.4845103314146,5,Day,960ef087e05742f2b803829b9a18fb69,2,70.0,30.0,iron,200.0,0
2078.491575624328,5,Day,960ef087e05742f2b803829b9a18fb69,2,70.0,30.0,iron,200.0,0
2079.4922277508304,5,Day,960ef087e05742f2b803829b9a18fb69,2,70.0,30.0,iron,200.0,0
2080.4935820386745,5,Day,960ef087e05742f2b803829b9a18fb69,2,70.0,30.0,iron,200.0,0
2081.499526999425,5,Day,960ef087e05742f2b803829b9a18fb69,2,70.0,30.0,iron,200.0,0
2082.5005375454202,5,Day,960ef087e05742f2b803829b9a18fb69,2,70.0,30.0,iron,200.0,0
2083.6147361178882,5,Day,960ef087e05742f2b803829b9a18fb69,1,68.6,30.0,iron,200.0,0
2084.6195243713446,5,Day,960ef087e05742f2b803829b9a18fb69,1,68.6,30.0,iron,200.0,0
2085.621564780362,5,Day,960ef087e05742f2b803829b9a18fb69,1,68.6,30.0,iron,200.0,0
2086.628580953926,5,Day,960ef087e05742f2b803829b9a18fb69,1,68.6,30.0,iron,200.0,0
2087.630574449431,5,Day,960ef087e05742f2b803829b9a18fb69,1,68.6,30.0,iron,200.0,0
2088.6363440812565,5,Day,960ef087e05742f2b803829b9a18fb69,2,68.6,0.0,iron,200.0,0
2089.6412449944764,5,Day,960ef087e05742f2b803829b9a18fb69,2,68.6,0.0,iron,200.0,0
2090.6489507430233,5,Day,960ef087e05742f2b803829b9a18fb69,2,68.6,0.0,iron,200.0,0
2091.6490643178113,5,Day,960ef087e05742f2b803829b9a18fb69,2,68.6,0.0,iron,200.0,0
2092.654040241614,5,Day,960ef087e05742f2b803829b9a18fb69,2,68.6,0.0,iron,200.0,0
2093.657279981766,5,Day,960ef087e05742f2b803829b9a18fb69,2,68.6,0.0,iron,200.0,0
2094.6628089440055,5,Day,960ef087e05742f2b803829b9a18fb69,2,68.6,0.0,iron,200.0,0
2095.6658097733743,5,Day,960ef087e05742f2b803829b9a18fb69,2,68.6,0.0,iron,200.0,0
2096.6683987281285,5,Day,960ef087e05742f2b803829b9a18fb69,2,68.6,0.0,iron,200.0,0
2097.6692526508123,5,Day,960ef087e05742f2b803829b9a18fb69,2,68.6,0.0,iron,200.0,0
2098.674740267452,5,Day,960ef087e05742f2b803829b9a18fb69,1,66.0,0.0,iron,200.0,0
2099.681052177213,5,Day,960ef087e05742f2b803829b9a18fb69,1,66.0,0.0,iron,200.0,0
2100.6864836406894,5,Day,960ef087e05742f2b803829b9a18fb69,1,66.0,0.0,iron,200.0,0
2101.693969640415,5,Day,960ef087e05742f2b803829b9a18fb69,1,66.0,0.0,iron,200.0,0
2102.697509760037,5,Day,960ef087e05742f2b803829b9a18fb69,1,66.0,0.0,iron,200.0,0
2103.6979002235457,5,Day,960ef087e05742f2b803829b9a18fb69,1,66.0,0.0,iron,200.0,0
2104.7005460173823,5,Day,960ef087e05742f2b803829b9a18fb69,1,66.0,0.0,iron,200.0,0
2105.7050838088617,5,Day,960ef087e05742f2b803829b9a18fb69,1,66.0,0.0,iron,200.0,0
2106.706556311343,5,Day,960ef087e05742f2b803829b9a18fb69,1,66.0,0.0,iron,200.0,0
2107.7137655676343,5,Day,960ef087e05742f2b803829b9a18fb69,1,66.0,0.0,iron,200.0,0
2108.7192997336388,5,Day,960ef087e05742f2b803829b9a18fb69,1,66.0,0.0,iron,200.0,0
2109.7202616552822,5,Day,960ef087e05742f2b803829b9a18fb69,1,66.0,0.0,iron,200.0,0
2110.72338357009,5,Day,960ef087e05742f2b803829b9a18fb69,1,66.0,0.0,iron,200.0,0
2111.7252802778967,5,Day,960ef087e05742f2b803829b9a18fb69,1,66.0,0.0,iron,200.0,0
2112.7299185749143,5,Day,960ef087e05742f2b803829b9a18fb69,1,66.0,0.0,iron,200.0,0
2113.7344959499314,5,Day,960ef087e05742f2b803829b9a18fb69,1,66.0,0.0,iron,200.0,0
2114.737171494402,5,Day,960ef087e05742f2b803829b9a18fb69,1,66.0,0.0,iron,200.0,0
2115.739239037968,5,Day,960ef087e05742f2b803829b9a18fb69,2,66.0,30.0,iron,200.0,0
2116.7431041700765,5,Day,960ef087e05742f2b803829b9a18fb69,2,66.0,30.0,iron,200.0,0
2117.746679462027,5,Day,960ef087e05742f2b803829b9a18fb69,2,66.0,30.0,iron,200.0,0
2118.7471620850265,5,Day,960ef087e05742f2b803829b9a18fb69,2,66.0,30.0,iron,200.0,0
2119.7506935843267,5,Day,960ef087e05742f2b803829b9a18fb69,2,66.0,30.0,iron,200.0,0
2120.7522421288304,5,Day,960ef087e05742f2b803829b9a18fb69,2,66.0,30.0,iron,200.0,0
2121.7537611657754,5,Day,960ef087e05742f2b803829b9a18fb69,2,66.0,30.0,iron,200.0,0
2122.7591931656934,5,Day,960ef087e05742f2b803829b9a18fb69,2,66.0,30.0,iron,200.0,0
2123.759634752292,5,Day,960ef087e05742f2b803829b9a18fb69,2,66.0,30.0,iron,200.0,0
2124.763118539937,5,Day,960ef087e05742f2b803829b9a18fb69,2,66.0,30.0,iron,200.0,0
2125.768368575722,5,Day,960ef087e05742f2b803829b9a18fb69,1,64.6,30.0,iron,200.0,0
2126.7747211609967,5,Day,960ef087e05742f2b803829b9a18fb69,1,64.6,30.0,iron,200.0,0
2127.7781330272555,5,Day,960ef087e05742f2b803829b9a18fb69,1,64.6,30.0,iron,200.0,0
2128.778376658447,5,Day,960ef087e05742f2b803829b9a18fb69,1,64.6,30.0,iron,200.0,0
2129.7841639071703,5,Day,960ef087e05742f2b803829b9a18fb69,1,64.6,30.0,iron,200.0,0
2130.787464860361,5,Day,960ef087e05742f2b803829b9a18fb69,2,64.6,0.0,iron,200.0,0
2131.7900492791086,5,Day,960ef087e05742f2b803829b9a18fb69,2,64.6,0.0,iron,200.0,0
2132.79117049044,5,Day,960ef087e05742f2b803829b9a18fb69,2,64.6,0.0,iron,200.0,0
2133.7982482388616,5,Day,960ef087e05742f2b803829b9a18fb69,2,64.6,0.0,iron,200.0,0
2134.8033558214083,5,Day,960ef087e05742f2b803829b9a18fb69,2,64.6,0.0,iron,200.0,0
2135.8034824482165,5,Day,960ef087e05742f2b803829b9a18fb69,2,64.6,0.0,iron,200.0,0
2136.8078123228624,5,Day,960ef087e05742f2b803829b9a18fb69,2,64.6,0.0,iron,200.0,0
2137.8145607048646,5,Day,960ef087e05742f2b803829b9a18fb69,2,64.6,0.0,iron,200.0,0
2138.8220259542577,5,Day,960ef087e05742f2b803829b9a18fb69,2,64.6,0.0,iron,200.0,0
2139.829128199257,5,Day,960ef087e05742f2b803829b9a18fb69,2,64.6,0.0,iron,200.0,0
2140.8346280395053,5,Day,960ef087e05742f2b803829b9a18fb69,1,61.99999999999999,0.0,iron,200.0,0
2141.835050333757,5,Day,960ef087e05742f2b803829b9a18fb69,1,61.99999999999999,0.0,iron,200.0,0
2142.8359969537705,5,Day,960ef087e05742f2b803829b9a18fb69,1,61.99999999999999,0.0,iron,200.0,0
2143.842646253761,5,Day,960ef087e05742f2b803829b9a18fb69,1,61.99999999999999,0.0,iron,200.0,0
2144.849413633812,5,Day,960ef087e05742f2b803829b9a18fb69,1,61.99999999999999,0.0,iron,200.0,0
2145.853317252826,5,Day,960ef087e05742f2b803829b9a18fb69,1,61.99999999999999,0.0,iron,200.0,0
2146.8545167571865,5,Day,960ef087e05742f2b803829b9a18fb69,1,61.99999999999999,0.0,iron,200.0,0
2147.8590105874464,5,Day,960ef087e05742f2b803829b9a18fb69,1,61.99999999999999,0.0,iron,200.0,0
2148.859560296405,5,Day,960ef087e05742f2b803829b9a18fb69,1,61.99999999999999,0.0,iron,200.0,0
2149.862957045436,5,Day,960ef087e05742f2b803829b9a18fb69,1,61.99999999999999,0.0,iron,200.0,0
2150.8688005437143,5,Day,960ef087e05742f2b803829b9a18fb69,1,61.99999999999999,0.0,iron,200.0,0
2151.873171956744,5,Day,960ef087e05742f2b803829b9a18fb69,1,61.99999999999999,0.0,iron,200.0,0
2152.983732713852,5,Day,960ef087e05742f2b803829b9a18fb69,1,61.99999999999999,0.0,iron,200.0,0
2153.9859717153013,5,Day,960ef087e05742f2b803829b9a18fb69,1,61.99999999999999,0.0,iron,200.0,0
2154.993380088359,5,Day,960ef087e05742f2b803829b9a18fb69,1,61.99999999999999,0.0,iron,200.0,0
2156.0008395891637,5,Day,960ef087e05742f2b803829b9a18fb69,1,61.99999999999999,0.0,iron,200.0,0
2157.005632793065,5,Day,960ef087e05742f2b803829b9a18fb69,1,61.99999999999999,0.0,iron,200.0,0
2158.011492712889,5,Day,960ef087e05742f2b803829b9a18fb69,2,61.99999999999999,30.0,iron,200.0,0
2159.016333920881,5,Day,960ef087e05742f2b803829b9a18fb69,2,61.99999999999999,30.0,iron,200.0,0
2160.01903975429,5,Day,960ef087e05742f2b803829b9a18fb69,2,61.99999999999999,30.0,iron,200.0,0
2161.0196079672314,5,Day,960ef087e05742f2b803829b9a18fb69,2,61.99999999999999,30.0,iron,200.0,0
2162.0234226295725,5,Day,960ef087e05742f2b803829b9a18fb69,2,61.99999999999999,30.0,iron,200.0,0
2163.0291467062198,5,Day,960ef087e05742f2b803829b9a18fb69,2,61.99999999999999,30.0,iron,200.0,0
2164.033425786998,5,Day,960ef087e05742f2b803829b9a18fb69,2,61.99999999999999,30.0,iron,200.0,0
2165.035074453801,5,Day,960ef087e05742f2b803829b9a18fb69,2,61.99999999999999,30.0,iron,200.0,0
2166.0430181585252,5,Day,960ef087e05742f2b803829b9a18fb69,2,61.99999999999999,30.0,iron,200.0,0
2167.0475366166793,5,Day,960ef087e05742f2b803829b9a18fb69,2,61.99999999999999,30.0,iron,200.0,0
2168.0492769973353,5,Day,960ef087e05742f2b803829b9a18fb69,1,60.599999999999994,30.0,iron,200.0,0
2169.053281328175,5,Day,960ef087e05742f2b803829b9a18fb69,1,60.599999999999994,30.0,iron,200.0,0
2170.058774829842,5,Day,960ef087e05742f2b803829b9a18fb69,1,60.599999999999994,30.0,iron,200.0,0
2171.0596205801703,5,Day,960ef087e05742f2b803829b9a18fb69,1,60.599999999999994,30.0,iron,200.0,0
2172.0656686262228,5,Day,960ef087e05742f2b803829b9a18fb69,1,60.599999999999994,30.0,iron,200.0,0
2173.0685786739923,5,Day,960ef087e05742f2b803829b9a18fb69,2,60.599999999999994,0.0,iron,200.0,0
2174.072895426303,5,Day,960ef087e05742f2b803829b9a18fb69,2,60.599999999999994,0.0,iron,200.0,0
2175.077017794829,5,Day,960ef087e05742f2b803829b9a18fb69,2,60.599999999999994,0.0,iron,200.0,0
2176.080153422896,5,Day,960ef087e05742f2b803829b9a18fb69,2,60.599999999999994,0.0,iron,200.0,0
2177.0804286729544,5,Day,960ef087e05742f2b803829b9a18fb69,2,60.599999999999994,0.0,iron,200.0,0
2178.08386638714,5,Day,960ef087e05742f2b803829b9a18fb69,2,60.599999999999994,0.0,iron,200.0,0
2179.085771800019,5,Day,960ef087e05742f2b803829b9a18fb69,2,60.599999999999994,0.0,iron,200.0,0
2180.0860589668155,5,Day,960ef087e05742f2b803829b9a18fb69,2,60.599999999999994,0.0,iron,200.0,0
2181.087049843278,5,Day,960ef087e05742f2b803829b9a18fb69,2,60.599999999999994,0.0,iron,200.0,0
2182.088958343491,5,Day,960ef087e05742f2b803829b9a18fb69,2,60.599999999999994,0.0,iron,200.0,0
2183.092911839951,5,Day,960ef087e05742f2b803829b9a18fb69,1,57.99999999999999,0.0,iron,200.0,0
2184.09892337583,5,Day,960ef087e05742f2b803829b9a18fb69,1,57.99999999999999,0.0,iron,200.0,0
2185.1057647503912,5,Day,960ef087e05742f2b803829b9a18fb69,1,57.99999999999999,0.0,iron,200.0,0
2186.111246594228,5,Day,960ef087e05742f2b803829b9a18fb69,1,57.99999999999999,0.0,iron,200.0,0
2187.114774842281,5,Day,960ef087e05742f2b803829b9a18fb69,1,57.99999999999999,0.0,iron,200.0,0
2188.120604008436,5,Day,960ef087e05742f2b803829b9a18fb69,1,57.99999999999999,0.0,iron,200.0,0
2189.1246934756637,5,Day,960ef087e05742f2b803829b9a18fb69,1,57.99999999999999,0.0,iron,200.0,0
2190.044951053802,5,Day,960ef087e05742f2b803829b9a18fb69,1,57.99999999999999,0.0,iron,200.0,0
2191.1552266757935,5,Day,960ef087e05742f2b803829b9a18fb69,1,57.99999999999999,0.0,iron,200.0,0
2192.1612450033426,5,Day,960ef087e05742f2b803829b9a18fb69,1,57.99999999999999,0.0,iron,200.0,0
2193.1650622934103,5,Day,960ef087e05742f2b803829b9a18fb69,1,57.99999999999999,0.0,iron,200.0,0
2194.165893918369,5,Day,960ef087e05742f2b803829b9a18fb69,1,57.99999999999999,0.0,iron,200.0,0
2195.17134191934,5,Day,960ef087e05742f2b803829b9a18fb69,1,57.99999999999999,0.0,iron,200.0,0
2196.174090544693,5,Day,960ef087e05742f2b803829b9a18fb69,1,57.99999999999999,0.0,iron,200.0,0
2197.180810211692,5,Day,960ef087e05742f2b803829b9a18fb69,1,57.99999999999999,0.0,iron,200.0,0
2198.186517549213,5,Day,960ef087e05742f2b803829b9a18fb69,1,57.99999999999999,0.0,iron,200.0,0
2199.18985163467,5,Day,960ef087e05742f2b803829b9a18fb69,1,57.99999999999999,0.0,iron,200.0,0
2200.193838383537,5,Day,960ef087e05742f2b803829b9a18fb69,2,57.99999999999999,30.0,iron,200.0,0
2201.197799127549,5,Day,960ef087e05742f2b803829b9a18fb69,2,57.99999999999999,30.0,iron,200.0,0
2202.2016521366313,5,Day,960ef087e05742f2b803829b9a18fb69,2,57.99999999999999,30.0,iron,200.0,0
2203.2051393836737,5,Day,960ef087e05742f2b803829b9a18fb69,2,57.99999999999999,30.0,iron,200.0,0
2204.208971051965,5,Day,960ef087e05742f2b803829b9a18fb69,2,57.99999999999999,30.0,iron,200.0,0
2205.216686177999,5,Day,960ef087e05742f2b803829b9a18fb69,2,57.99999999999999,30.0,iron,200.0,0
2206.2198789701797,5,Day,960ef087e05742f2b803829b9a18fb69,2,57.99999999999999,30.0,iron,200.0,0
2207.2213129736483,5,Day,960ef087e05742f2b803829b9a18fb69,2,57.99999999999999,30.0,iron,200.0,0
2208.228484977968,5,Day,960ef087e05742f2b803829b9a18fb69,2,57.99999999999999,30.0,iron,200.0,0
2209.233706394676,5,Day,960ef087e05742f2b803829b9a18fb69,2,57.99999999999999,30.0,iron,200.0,0
2210.2369841034524,5,Day,960ef087e05742f2b803829b9a18fb69,1,56.599999999999994,30.0,iron,200.0,0
2211.2409718912095,5,Day,960ef087e05742f2b803829b9a18fb69,1,56.599999999999994,30.0,iron,200.0,0
2212.246272646822,5,Day,960ef087e05742f2b803829b9a18fb69,1,56.599999999999994,30.0,iron,200.0,0
2213.2498053074814,5,Day,960ef087e05742f2b803829b9a18fb69,1,56.599999999999994,30.0,iron,200.0,0
2214.2506615556777,5,Day,960ef087e05742f2b803829b9a18fb69,1,56.599999999999994,30.0,iron,200.0,0
2215.250905652996,5,Day,960ef087e05742f2b803829b9a18fb69,2,56.599999999999994,0.0,iron,200.0,0
2216.254533235915,5,Day,960ef087e05742f2b803829b9a18fb69,2,56.599999999999994,0.0,iron,200.0,0
2217.2612435244955,5,Day,960ef087e05742f2b803829b9a18fb69,2,56.599999999999994,0.0,iron,200.0,0
2218.26245406596,5,Day,960ef087e05742f2b803829b9a18fb69,2,56.599999999999994,0.0,iron,200.0,0
2219.26280194195,5,Day,960ef087e05742f2b803829b9a18fb69,2,56.599999999999994,0.0,iron,200.0,0
2220.2649943181314,5,Night,960ef087e05742f2b803829b9a18fb69,2,56.599999999999994,0.0,iron,200.0,4
2221.270623531658,5,Night,960ef087e05742f2b803829b9a18fb69,2,56.599999999999994,0.0,iron,200.0,12
2222.2752549122088,5,Night,960ef087e05742f2b803829b9a18fb69,2,56.599999999999994,0.0,iron,200.0,24
2223.28238678677,5,Night,960ef087e05742f2b803829b9a18fb69,2,56.599999999999994,0.0,iron,200.0,32
2224.285882830154,5,Night,960ef087e05742f2b803829b9a18fb69,2,56.599999999999994,0.0,iron,200.0,44
2225.2874221256934,5,Night,960ef087e05742f2b803829b9a18fb69,1,53.99999999999999,0.0,iron,200.0,52
2226.2882275008596,5,Night,960ef087e05742f2b803829b9a18fb69,1,53.99999999999999,0.0,iron,200.0,64
2227.294840044342,5,Night,960ef087e05742f2b803829b9a18fb69,1,53.99999999999999,0.0,iron,200.0,72
2228.2970819170587,5,Night,960ef087e05742f2b803829b9a18fb69,1,53.99999999999999,0.0,iron,200.0,84
2229.300260504242,5,Night,960ef087e05742f2b803829b9a18fb69,1,53.99999999999999,0.0,iron,200.0,92
2230.3006608709693,5,Night,960ef087e05742f2b803829b9a18fb69,1,53.99999999999999,0.0,iron,200.0,104
2231.3039992935956,5,Night,960ef087e05742f2b803829b9a18fb69,1,53.99999999999999,0.0,iron,200.0,112
2232.306147458963,5,Night,960ef087e05742f2b803829b9a18fb69,1,53.99999999999999,0.0,iron,200.0,124
2233.3064574198797,5,Night,960ef087e05742f2b803829b9a18fb69,1,53.99999999999999,0.0,iron,200.0,132
2234.3129454622976,5,Night,960ef087e05742f2b803829b9a18fb69,1,53.99999999999999,0.0,iron,200.0,144
2235.315850126557,5,Night,960ef087e05742f2b803829b9a18fb69,1,53.99999999999999,0.0,iron,200.0,151
2236.316512545105,5,Night,960ef087e05742f2b803829b9a18fb69,1,53.99999999999999,0.0,iron,200.0,163
2237.3206568751484,5,Night,960ef087e05742f2b803829b9a18fb69,1,53.99999999999999,0.0,iron,200.0,171
2238.3234342020005,5,Night,960ef087e05742f2b803829b9a18fb69,1,53.99999999999999,0.0,iron,200.0,183
2239.3265758706257,5,Night,960ef087e05742f2b803829b9a18fb69,1,53.99999999999999,0.0,iron,200.0,191
2240.3300909139216,5,Night,960ef087e05742f2b803829b9a18fb69,1,53.99999999999999,0.0,iron,200.0,198
2241.3351264609955,5,Night,960ef087e05742f2b803829b9a18fb69,1,53.99999999999999,0.0,iron,200.0,198
2242.342382710427,5,Night,960ef087e05742f2b803829b9a18fb69,2,53.99999999999999,30.0,iron,200.0,198
2243.3432274619117,5,Night,960ef087e05742f2b803829b9a18fb69,2,53.99999999999999,30.0,iron,200.0,198
2244.344869461842,5,Night,960ef087e05742f2b803829b9a18fb69,2,53.99999999999999,30.0,iron,200.0,198
2245.350048875902,5,Night,960ef087e05742f2b803829b9a18fb69,2,53.99999999999999,30.0,iron,200.0,197
2246.3503544577397,5,Night,960ef087e05742f2b803829b9a18fb69,2,53.99999999999999,30.0,iron,200.0,197
2247.354868245311,5,Night,960ef087e05742f2b803829b9a18fb69,2,53.99999999999999,30.0,iron,200.0,197
2248.3553935014643,5,Night,960ef087e05742f2b803829b9a18fb69,2,53.99999999999999,30.0,iron,200.0,197
2249.3622683333233,5,Night,960ef087e05742f2b803829b9a18fb69,2,53.99999999999999,30.0,iron,200.0,197
2250.366975756362,5,Night,960ef087e05742f2b803829b9a18fb69,2,53.99999999999999,30.0,iron,200.0,196
2251.373060420621,5,Night,960ef087e05742f2b803829b9a18fb69,2,53.99999999999999,30.0,iron,200.0,196
2252.376048371196,5,Night,960ef087e05742f2b803829b9a18fb69,1,52.599999999999994,30.0,iron,200.0,196
2253.3779365797527,5,Night,960ef087e05742f2b803829b9a18fb69,1,52.599999999999994,30.0,iron,200.0,196
2254.3857971648686,5,Night,960ef087e05742f2b803829b9a18fb69,1,52.599999999999994,30.0,iron,200.0,190
2255.392623079475,5,Night,960ef087e05742f2b803829b9a18fb69,1,52.599999999999994,30.0,iron,200.0,189
2256.398922835011,5,Night,960ef087e05742f2b803829b9a18fb69,1,52.599999999999994,30.0,iron,200.0,189
2257.406036093831,5,Night,960ef087e05742f2b803829b9a18fb69,2,52.599999999999994,0.0,iron,200.0,189
2258.410903807264,5,Night,960ef087e05742f2b803829b9a18fb69,2,52.599999999999994,0.0,iron,200.0,188
2259.415722468868,5,Night,960ef087e05742f2b803829b9a18fb69,2,52.599999999999994,0.0,iron,200.0,185
2260.4209557161666,5,Night,960ef087e05742f2b803829b9a18fb69,2,52.599999999999994,0.0,iron,200.0,182
2261.4239882179536,5,Night,960ef087e05742f2b803829b9a18fb69,2,52.599999999999994,0.0,iron,200.0,180
2262.431047216989,5,Night,960ef087e05742f2b803829b9a18fb69,2,52.599999999999994,0.0,iron,200.0,177
2263.4313413458876,5,Night,960ef087e05742f2b803829b9a18fb69,2,52.599999999999994,0.0,iron,200.0,175
2264.4335285113193,5,Night,960ef087e05742f2b803829b9a18fb69,2,52.599999999999994,0.0,iron,200.0,172
2265.4411965073086,5,Night,960ef087e05742f2b803829b9a18fb69,2,52.599999999999994,0.0,iron,200.0,161
2266.444760209415,5,Night,960ef087e05742f2b803829b9a18fb69,2,52.599999999999994,0.0,iron,200.0,158
2267.4492690037005,5,Night,960ef087e05742f2b803829b9a18fb69,1,49.99999999999999,0.0,iron,200.0,156
2268.4496171223,5,Night,960ef087e05742f2b803829b9a18fb69,1,49.99999999999999,0.0,iron,200.0,153
2269.456080703996,5,Night,960ef087e05742f2b803829b9a18fb69,1,49.99999999999999,0.0,iron,200.0,151
2270.4626382100396,5,Night,960ef087e05742f2b803829b9a18fb69,1,49.99999999999999,0.0,iron,200.0,138
2271.4642604202963,5,Night,960ef087e05742f2b803829b9a18fb69,1,49.99999999999999,0.0,iron,200.0,136
2272.47170800576,5,Night,960ef087e05742f2b803829b9a18fb69,1,49.99999999999999,0.0,iron,199.36955250566825,133
2273.473274999764,5,Night,960ef087e05742f2b803829b9a18fb69,1,49.99999999999999,0.0,iron,194.3617175356485,131
2274.4770442051813,5,Night,960ef087e05742f2b803829b9a18fb69,1,49.99999999999999,0.0,iron,189.34287150856107,128
2275.4810989191756,5,Night,960ef087e05742f2b803829b9a18fb69,1,49.99999999999999,0.0,iron,185.20497085759416,119
2276.4840081674047,5,Night,960ef087e05742f2b803829b9a18fb69,1,49.99999999999999,0.0,iron,181.7058069142513,119
2277.484258006327,5,Night,960ef087e05742f2b803829b9a18fb69,1,49.99999999999999,0.0,iron,178.82960920687765,109
2278.4850997552276,5,Night,960ef087e05742f2b803829b9a18fb69,1,49.99999999999999,0.0,iron,175.35557254916057,109
2279.488669505343,5,Night,960ef087e05742f2b803829b9a18fb69,1,49.99999999999999,0.0,iron,170.3377237985842,109
2280.4917490887456,5,Night,960ef087e05742f2b803829b9a18fb69,1,49.99999999999999,0.0,iron,168.71586591238156,100
2281.4974743025377,5,Night,960ef087e05742f2b803829b9a18fb69,1,49.99999999999999,0.0,iron,168.71586591238156,100
2282.502389261499,5,Night,960ef087e05742f2b803829b9a18fb69,1,49.99999999999999,0.0,iron,168.71586591238156,100
2283.612487210892,5,Night,960ef087e05742f2b803829b9a18fb69,2,49.99999999999999,30.0,iron,168.71586591238156,100
2284.6144577115774,5,Night,960ef087e05742f2b803829b9a18fb69,2,49.99999999999999,30.0,iron,168.71586591238156,100
2285.6194372517057,5,Night,960ef087e05742f2b803829b9a18fb69,2,49.99999999999999,30.0,iron,168.71586591238156,100
2286.624394375831,5,Night,960ef087e05742f2b803829b9a18fb69,2,49.99999999999999,30.0,iron,168.71586591238156,100
2287.631712585222,5,Night,960ef087e05742f2b803829b9a18fb69,2,49.99999999999999,30.0,iron,168.71586591238156,100
2288.632978996262,5,Night,960ef087e05742f2b803829b9a18fb69,2,49.99999999999999,30.0,iron,168.71586591238156,100
2289.6380241219886,5,Night,960ef087e05742f2b803829b9a18fb69,2,49.99999999999999,30.0,iron,168.71586591238156,100
2290.642577125691,5,Night,960ef087e05742f2b803829b9a18fb69,2,49.99999999999999,30.0,iron,168.71586591238156,100
2291.6495386692695,5,Night,960ef087e05742f2b803829b9a18fb69,2,49.99999999999999,30.0,iron,168.71586591238156,100
2292.6543365824036,5,Night,960ef087e05742f2b803829b9a18fb69,2,49.99999999999999,30.0,iron,168.71586591238156,100
2293.6544606196694,5,Night,960ef087e05742f2b803829b9a18fb69,1,48.599999999999994,30.0,iron,168.71586591238156,100
2294.6613666205667,5,Night,960ef087e05742f2b803829b9a18fb69,1,48.599999999999994,30.0,iron,168.71586591238156,100
2295.6673291632906,5,Night,960ef087e05742f2b803829b9a18fb69,1,48.599999999999994,30.0,iron,168.71586591238156,100
2296.67149849236,5,Night,960ef087e05742f2b803829b9a18fb69,1,48.599999999999994,30.0,iron,168.71586591238156,100
2297.676359081175,5,Night,960ef087e05742f2b803829b9a18fb69,1,48.599999999999994,30.0,iron,168.71586591238156,100
2298.6781770037487,5,Night,960ef087e05742f2b803829b9a18fb69,2,48.599999999999994,0.0,iron,168.71586591238156,100
2299.684237923473,5,Night,960ef087e05742f2b803829b9a18fb69,2,48.599999999999994,0.0,iron,168.71586591238156,100
2300.6867192490026,5,Night,960ef087e05742f2b803829b9a18fb69,2,48.599999999999994,0.0,iron,168.71586591238156,100
2301.6940147909336,5,Night,960ef087e05742f2b803829b9a18fb69,2,48.599999999999994,0.0,iron,168.71586591238156,100
2302.696266626939,5,Night,960ef087e05742f2b803829b9a18fb69,2,48.599999999999994,0.0,iron,168.71586591238156,99
2303.700283294078,5,Night,960ef087e05742f2b803829b9a18fb69,2,48.599999999999994,0.0,iron,168.71586591238156,99
2304.703584165778,5,Night,960ef087e05742f2b803829b9a18fb69,2,48.599999999999994,0.0,iron,168.71586591238156,99
2305.7066411641426,5,Night,960ef087e05742f2b803829b9a18fb69,2,48.599999999999994,0.0,iron,168.71586591238156,99
2306.7130318740383,5,Night,960ef087e05742f2b803829b9a18fb69,2,48.599999999999994,0.0,iron,168.71586591238156,99
2307.713712620549,5,Night,960ef087e05742f2b803829b9a18fb69,2,48.599999999999994,0.0,iron,168.71586591238156,93
2308.7185073802248,5,Night,960ef087e05742f2b803829b9a18fb69,1,45.99999999999999,0.0,iron,168.71586591238156,93
2309.7218343801796,5,Night,960ef087e05742f2b803829b9a18fb69,1,45.99999999999999,0.0,iron,168.71586591238156,93
2310.723681630101,5,Night,960ef087e05742f2b803829b9a18fb69,1,45.99999999999999,0.0,iron,168.71586591238156,93
2311.723518877756,5,Night,960ef087e05742f2b803829b9a18fb69,1,45.99999999999999,0.0,iron,168.71586591238156,93
2312.7242352152243,5,Night,960ef087e05742f2b803829b9a18fb69,1,45.99999999999999,0.0,iron,168.71586591238156,80
2313.7312673032284,5,Night,960ef087e05742f2b803829b9a18fb69,1,45.99999999999999,0.0,iron,168.71586591238156,80
2314.7367475545034,5,Night,960ef087e05742f2b803829b9a18fb69,1,45.99999999999999,0.0,iron,168.71586591238156,80
2315.7425264734775,5,Night,960ef087e05742f2b803829b9a18fb69,1,45.99999999999999,0.0,iron,168.71586591238156,80
2316.7426568400115,5,Night,960ef087e05742f2b803829b9a18fb69,1,45.99999999999999,0.0,iron,168.71586591238156,80
2317.7469781772234,5,Night,960ef087e05742f2b803829b9a18fb69,1,45.99999999999999,0.0,iron,168.71586591238156,75
2318.7472026343457,5,Night,960ef087e05742f2b803829b9a18fb69,1,45.99999999999999,0.0,iron,168.71586591238156,75
2319.749674087856,5,Night,960ef087e05742f2b803829b9a18fb69,1,45.99999999999999,0.0,iron,168.71586591238156,75
2320.751686382573,5,Night,960ef087e05742f2b803829b9a18fb69,1,45.99999999999999,0.0,iron,168.71586591238156,75
2321.7581245931797,5,Night,960ef087e05742f2b803829b9a18fb69,1,45.99999999999999,0.0,iron,168.71586591238156,69
2322.7611128049903,5,Night,960ef087e05742f2b803829b9a18fb69,1,45.99999999999999,0.0,iron,168.71586591238156,65
2323.7630451396108,5,Night,960ef087e05742f2b803829b9a18fb69,1,45.99999999999999,0.0,iron,168.71586591238156,65
2324.766841632314,5,Night,960ef087e05742f2b803829b9a18fb69,1,45.99999999999999,0.0,iron,168.71586591238156,65
2325.768076714594,5,Night,960ef087e05742f2b803829b9a18fb69,2,45.99999999999999,30.0,iron,168.71586591238156,63
2326.7740727961063,5,Night,960ef087e05742f2b803829b9a18fb69,2,45.99999999999999,30.0,iron,168.71586591238156,59
2327.775442671962,5,Night,960ef087e05742f2b803829b9a18fb69,2,45.99999999999999,30.0,iron,168.71586591238156,53
2328.777644045651,5,Night,960ef087e05742f2b803829b9a18fb69,2,45.99999999999999,30.0,iron,168.71586591238156,50
2329.782071587164,5,Night,960ef087e05742f2b803829b9a18fb69,2,45.99999999999999,30.0,iron,168.71586591238156,48
2330.782896876335,5,Night,960ef087e05742f2b803829b9a18fb69,2,45.99999999999999,30.0,iron,165.1320848800242,45
2331.7886359146796,5,Night,960ef087e05742f2b803829b9a18fb69,2,45.99999999999999,30.0,iron,160.1800029957667,38
2332.7929464168847,5,Night,960ef087e05742f2b803829b9a18fb69,2,45.99999999999999,30.0,iron,158.05239258799702,31
2333.796147746034,5,Night,960ef087e05742f2b803829b9a18fb69,2,45.99999999999999,30.0,iron,157.51377091975883,29
2334.7993855802342,5,Night,960ef087e05742f2b803829b9a18fb69,2,45.99999999999999,30.0,iron,152.4975817487575,25
2335.8014639639296,5,Night,960ef087e05742f2b803829b9a18fb69,1,44.599999999999994,30.0,iron,149.2151673603803,21
2336.8064424181357,5,Night,960ef087e05742f2b803829b9a18fb69,1,44.599999999999994,30.0,iron,149.2151673603803,12
2337.807976463344,5,Night,960ef087e05742f2b803829b9a18fb69,1,44.599999999999994,30.0,iron,149.2151673603803,7
2338.8147033331916,5,Night,960ef087e05742f2b803829b9a18fb69,1,44.599999999999994,30.0,iron,149.2151673603803,7
2339.8223866694607,5,Night,960ef087e05742f2b803829b9a18fb69,1,44.599999999999994,30.0,iron,149.2151673603803,7
2340.823838751763,5,Night,960ef087e05742f2b803829b9a18fb69,2,44.599999999999994,0.0,iron,149.2151673603803,4
2341.8246965021826,5,Night,960ef087e05742f2b803829b9a18fb69,2,44.599999999999994,0.0,iron,149.2151673603803,0
2342.8311691302806,5,Night,960ef087e05742f2b803829b9a18fb69,2,44.599999999999994,0.0,iron,149.2151673603803,0
2343.8347028815188,5,Night,960ef087e05742f2b803829b9a18fb69,2,44.599999999999994,0.0,iron,149.2151673603803,0
2344.8380302102305,5,Night,960ef087e05742f2b803829b9a18fb69,2,44.599999999999994,0.0,iron,149.2151673603803,0
2345.8445537965745,5,Night,960ef087e05742f2b803829b9a18fb69,2,44.599999999999994,0.0,iron,149.2151673603803,0
2346.8519590469077,5,Night,960ef087e05742f2b803829b9a18fb69,2,44.599999999999994,0.0,iron,149.2151673603803,0
2347.8574688001536,5,Night,960ef087e05742f2b803829b9a18fb69,2,44.599999999999994,0.0,iron,149.2151673603803,0
2348.8583767148666,5,Night,960ef087e05742f2b803829b9a18fb69,2,44.599999999999994,0.0,iron,149.2151673603803,0
2349.8615505448543,5,Night,960ef087e05742f2b803829b9a18fb69,2,44.599999999999994,0.0,iron,149.2151673603803,0
2350.8627884215675,5,Night,960ef087e05742f2b803829b9a18fb69,1,41.99999999999999,0.0,iron,149.2151673603803,0
2351.868739835918,5,Night,960ef087e05742f2b803829b9a18fb69,1,41.99999999999999,0.0,iron,149.2151673603803,0
2352.8697620425373,5,Night,960ef087e05742f2b803829b9a18fb69,1,41.99999999999999,0.0,iron,149.2151673603803,0
2353.8752528354526,5,Night,960ef087e05742f2b803829b9a18fb69,1,41.99999999999999,0.0,iron,149.2151673603803,0
2354.8814340038225,5,Night,960ef087e05742f2b803829b9a18fb69,1,41.99999999999999,0.0,iron,149.2151673603803,0
2355.882866049651,5,Night,960ef087e05742f2b803829b9a18fb69,1,41.99999999999999,0.0,iron,149.2151673603803,0
2356.8881824617274,5,Night,960ef087e05742f2b803829b9a18fb69,1,41.99999999999999,0.0,iron,149.2151673603803,0
2357.8929286645725,5,Night,960ef087e05742f2b803829b9a18fb69,1,41.99999999999999,0.0,iron,149.2151673603803,0
2358.9002442057244,5,Night,960ef087e05742f2b803829b9a18fb69,1,41.99999999999999,0.0,iron,149.2151673603803,0
2359.903627749067,5,Night,960ef087e05742f2b803829b9a18fb69,1,41.99999999999999,0.0,iron,149.2151673603803,0
2360.9083262071945,5,Night,960ef087e05742f2b803829b9a18fb69,1,41.99999999999999,0.0,iron,149.2151673603803,0
2361.9113522488624,5,Night,960ef087e05742f2b803829b9a18fb69,1,41.99999999999999,0.0,iron,149.2151673603803,0
2362.912157543469,5,Night,960ef087e05742f2b803829b9a18fb69,1,41.99999999999999,0.0,iron,149.2151673603803,0
2363.9186142953113,5,Night,960ef087e05742f2b803829b9a18fb69,1,41.99999999999999,0.0,iron,149.2151673603803,0
2364.9221022902057,5,Night,960ef087e05742f2b803829b9a18fb69,1,41.99999999999999,0.0,iron,149.2151673603803,0
2365.9274949985556,5,Night,960ef087e05742f2b803829b9a18fb69,1,41.99999999999999,0.0,iron,149.2151673603803,0
2366.9289163383655,5,Night,960ef087e05742f2b803829b9a18fb69,1,41.99999999999999,0.0,iron,149.2151673603803,0
2367.933658751659,5,Night,960ef087e05742f2b803829b9a18fb69,2,41.99999999999999,30.0,iron,149.2151673603803,0
2368.934007081203,5,Night,960ef087e05742f2b803829b9a18fb69,2,41.99999999999999,30.0,iron,149.2151673603803,0
2369.9408462918364,5,Night,960ef087e05742f2b803829b9a18fb69,2,41.99999999999999,30.0,iron,149.2151673603803,0
2370.947085499298,5,Night,960ef087e05742f2b803829b9a18fb69,2,41.99999999999999,30.0,iron,149.2151673603803,0
2371.947457244154,5,Night,960ef087e05742f2b803829b9a18fb69,2,41.99999999999999,30.0,iron,149.2151673603803,0
2372.9489853708073,5,Night,960ef087e05742f2b803829b9a18fb69,2,41.99999999999999,30.0,iron,149.2151673603803,0
2373.9528935025446,5,Night,960ef087e05742f2b803829b9a18fb69,2,41.99999999999999,30.0,iron,149.2151673603803,0
2374.9580224985257,5,Night,960ef087e05742f2b803829b9a18fb69,2,41.99999999999999,30.0,iron,149.2151673603803,0
2375.965018999297,5,Night,960ef087e05742f2b803829b9a18fb69,2,41.99999999999999,30.0,iron,149.2151673603803,0
2376.966335579753,5,Night,960ef087e05742f2b803829b9a18fb69,2,41.99999999999999,30.0,iron,149.2151673603803,0
2377.9684087568894,5,Night,960ef087e05742f2b803829b9a18fb69,1,40.599999999999994,30.0,iron,149.2151673603803,0
2378.9715537088923,5,Night,960ef087e05742f2b803829b9a18fb69,1,40.599999999999994,30.0,iron,149.2151673603803,0
2379.9732875935733,5,Night,960ef087e05742f2b803829b9a18fb69,1,40.599999999999994,30.0,iron,149.2151673603803,0
2380.979831794277,5,Night,960ef087e05742f2b803829b9a18fb69,1,40.599999999999994,30.0,iron,149.2151673603803,0
2381.9865748812445,5,Night,960ef087e05742f2b803829b9a18fb69,1,40.599999999999994,30.0,iron,149.2151673603803,0
2382.987572498154,5,Night,960ef087e05742f2b803829b9a18fb69,2,40.599999999999994,0.0,iron,149.2151673603803,0
2383.9880980784073,5,Night,960ef087e05742f2b803829b9a18fb69,2,40.599999999999994,0.0,iron,149.2151673603803,0
2384.9921385799535,5,Night,960ef087e05742f2b803829b9a18fb69,2,40.599999999999994,0.0,iron,149.2151673603803,0
2385.9933394487016,5,Night,960ef087e05742f2b803829b9a18fb69,2,40.599999999999994,0.0,iron,149.2151673603803,0
2386.996143700555,5,Night,960ef087e05742f2b803829b9a18fb69,2,40.599999999999994,0.0,iron,149.2151673603803,0
2388.001862033736,5,Night,960ef087e05742f2b803829b9a18fb69,2,40.599999999999994,0.0,iron,149.2151673603803,0
2389.0052339928225,5,Night,960ef087e05742f2b803829b9a18fb69,2,40.599999999999994,0.0,iron,149.2151673603803,0
2390.007367410697,5,Night,960ef087e05742f2b803829b9a18fb69,2,40.599999999999994,0.0,iron,149.2151673603803,0
2391.0131959472783,5,Night,960ef087e05742f2b803829b9a18fb69,2,40.599999999999994,0.0,iron,149.2151673603803,0
2392.018149328418,5,Night,960ef087e05742f2b803829b9a18fb69,2,40.599999999999994,0.0,iron,149.2151673603803,0
2393.0188876073807,5,Night,960ef087e05742f2b803829b9a18fb69,1,37.99999999999999,0.0,iron,149.2151673603803,0
2394.020171615761,5,Night,960ef087e05742f2b803829b9a18fb69,1,37.99999999999999,0.0,iron,149.2151673603803,0
2395.0233311145566,5,Night,960ef087e05742f2b803829b9a18fb69,1,37.99999999999999,0.0,iron,149.2151673603803,0
2396.026682370808,5,Night,960ef087e05742f2b803829b9a18fb69,1,37.99999999999999,0.0,iron,149.2151673603803,0
2397.029647664167,5,Night,960ef087e05742f2b803829b9a18fb69,1,37.99999999999999,0.0,iron,149.2151673603803,0
2398.031786873471,5,Night,960ef087e05742f2b803829b9a18fb69,1,37.99999999999999,0.0,iron,149.2151673603803,0
2399.036847784184,5,Night,960ef087e05742f2b803829b9a18fb69,1,37.99999999999999,0.0,iron,149.2151673603803,0
2400.0050833299756,6,Day,960ef087e05742f2b803829b9a18fb69,1,37.99999999999999,0.0,iron,149.2151673603803,0
2401.121420118492,6,Day,960ef087e05742f2b803829b9a18fb69,1,37.99999999999999,0.0,iron,149.2151673603803,0
2402.124103658367,6,Day,960ef087e05742f2b803829b9a18fb69,1,37.99999999999999,0.0,iron,149.2151673603803,0
2403.1274121622555,6,Day,960ef087e05742f2b803829b9a18fb69,1,37.99999999999999,0.0,iron,149.2151673603803,0
2404.1349474466406,6,Day,960ef087e05742f2b803829b9a18fb69,1,37.99999999999999,0.0,iron,149.2151673603803,0
2405.1354244449176,6,Day,960ef087e05742f2b803829b9a18fb69,1,37.99999999999999,0.0,iron,149.2151673603803,0
2406.135738534387,6,Day,960ef087e05742f2b803829b9a18fb69,1,37.99999999999999,0.0,iron,149.2151673603803,0
2407.140235196799,6,Day,960ef087e05742f2b803829b9a18fb69,1,37.99999999999999,0.0,iron,149.2151673603803,0
2408.1448775357567,6,Day,960ef087e05742f2b803829b9a18fb69,1,37.99999999999999,0.0,iron,149.2151673603803,0
2409.1513986163773,6,Day,960ef087e05742f2b803829b9a18fb69,1,37.99999999999999,0.0,iron,149.2151673603803,0
2410.1519143255427,6,Day,960ef087e05742f2b803829b9a18fb69,2,37.99999999999999,30.0,iron,149.2151673603803,0
2411.1566189946607,6,Day,960ef087e05742f2b803829b9a18fb69,2,37.99999999999999,30.0,iron,149.2151673603803,0
2412.1571877002716,6,Day,960ef087e05742f2b803829b9a18fb69,2,37.99999999999999,30.0,iron,149.2151673603803,0
2413.164010865614,6,Day,960ef087e05742f2b803829b9a18fb69,2,37.99999999999999,30.0,iron,149.2151673603803,0
2414.1698565836996,6,Day,960ef087e05742f2b803829b9a18fb69,2,37.99999999999999,30.0,iron,149.2151673603803,0
2415.172759793699,6,Day,960ef087e05742f2b803829b9a18fb69,2,37.99999999999999,30.0,iron,149.2151673603803,0
2416.179328502156,6,Day,960ef087e05742f2b803829b9a18fb69,2,37.99999999999999,30.0,iron,149.2151673603803,0
2417.1857965444215,6,Day,960ef087e05742f2b803829b9a18fb69,2,37.99999999999999,30.0,iron,149.2151673603803,0
2418.1914798822254,6,Day,960ef087e05742f2b803829b9a18fb69,2,37.99999999999999,30.0,iron,149.2151673603803,0
2419.1972752134316,6,Day,960ef087e05742f2b803829b9a18fb69,2,37.99999999999999,30.0,iron,149.2151673603803,0
2420.199371881783,6,Day,960ef087e05742f2b803829b9a18fb69,1,36.599999999999994,30.0,iron,149.2151673603803,0
2421.2036813739687,6,Day,960ef087e05742f2b803829b9a18fb69,1,36.599999999999994,30.0,iron,149.2151673603803,0
2422.2087472095154,6,Day,960ef087e05742f2b803829b9a18fb69,1,36.599999999999994,30.0,iron,149.2151673603803,0
2423.2144126221538,6,Day,960ef087e05742f2b803829b9a18fb69,1,36.599999999999994,30.0,iron,149.2151673603803,0
2424.21880771406,6,Day,960ef087e05742f2b803829b9a18fb69,1,36.599999999999994,30.0,iron,149.2151673603803,0
2425.2210363685153,6,Day,960ef087e05742f2b803829b9a18fb69,2,36.599999999999994,0.0,iron,149.2151673603803,0
2426.2242117458954,6,Day,960ef087e05742f2b803829b9a18fb69,2,36.599999999999994,0.0,iron,149.2151673603803,0
2427.230098540429,6,Day,960ef087e05742f2b803829b9a18fb69,2,36.599999999999994,0.0,iron,149.2151673603803,0
2428.232737708837,6,Day,960ef087e05742f2b803829b9a18fb69,2,36.599999999999994,0.0,iron,149.2151673603803,0
2429.2404518714175,6,Day,960ef087e05742f2b803829b9a18fb69,2,36.599999999999994,0.0,iron,149.2151673603803,0
2430.2438636715524,6,Day,960ef087e05742f2b803829b9a18fb69,2,36.599999999999994,0.0,iron,149.2151673603803,0
2431.2466343347915,6,Day,960ef087e05742f2b803829b9a18fb69,2,36.599999999999994,0.0,iron,149.2151673603803,0
2432.2477878765203,6,Day,960ef087e05742f2b803829b9a18fb69,2,36.599999999999994,0.0,iron,149.2151673603803,0
2433.2512034992687,6,Day,960ef087e05742f2b803829b9a18fb69,2,36.599999999999994,0.0,iron,149.2151673603803,0
2434.2589426641352,6,Day,960ef087e05742f2b803829b9a18fb69,2,36.599999999999994,0.0,iron,149.2151673603803,0
2435.2637995793484,6,Day,960ef087e05742f2b803829b9a18fb69,1,33.99999999999999,0.0,iron,149.2151673603803,0
2436.2664929102175,6,Day,960ef087e05742f2b803829b9a18fb69,1,33.99999999999999,0.0,iron,149.2151673603803,0
2437.268038955517,6,Day,960ef087e05742f2b803829b9a18fb69,1,33.99999999999999,0.0,iron,149.2151673603803,0
2438.2731809127145,6,Day,960ef087e05742f2b803829b9a18fb69,1,33.99999999999999,0.0,iron,149.2151673603803,0
2439.2796309557743,6,Day,960ef087e05742f2b803829b9a18fb69,1,33.99999999999999,0.0,iron,149.2151673603803,0
2440.280997995287,6,Day,960ef087e05742f2b803829b9a18fb69,1,33.99999999999999,0.0,iron,149.2151673603803,0
2441.283181366045,6,Day,960ef087e05742f2b803829b9a18fb69,1,33.99999999999999,0.0,iron,149.2151673603803,0
2442.2897685719654,6,Day,960ef087e05742f2b803829b9a18fb69,1,33.99999999999999,0.0,iron,149.2151673603803,0
2443.2904008231126,6,Day,960ef087e05742f2b803829b9a18fb69,1,33.99999999999999,0.0,iron,149.2151673603803,0
2444.2964152838103,6,Day,960ef087e05742f2b803829b9a18fb69,1,33.99999999999999,0.0,iron,149.2151673603803,0
2445.2989314873703,6,Day,960ef087e05742f2b803829b9a18fb69,1,33.99999999999999,0.0,iron,149.2151673603803,0
2446.3026437833905,6,Day,960ef087e05742f2b803829b9a18fb69,1,33.99999999999999,0.0,iron,149.2151673603803,0
2447.3052740688436,6,Day,960ef087e05742f2b803829b9a18fb69,1,33.99999999999999,0.0,iron,149.2151673603803,0
2448.306882660836,6,Day,960ef087e05742f2b803829b9a18fb69,1,33.99999999999999,0.0,iron,149.2151673603803,0
2449.3114266567864,6,Day,960ef087e05742f2b803829b9a18fb69,1,33.99999999999999,0.0,iron,149.2151673603803,0
2450.315422656946,6,Day,960ef087e05742f2b803829b9a18fb69,1,33.99999999999999,0.0,iron,149.2151673603803,0
2451.3181805298664,6,Day,960ef087e05742f2b803829b9a18fb69,1,33.99999999999999,0.0,iron,149.2151673603803,0
2452.3230454907753,6,Day,960ef087e05742f2b803829b9a18fb69,2,33.99999999999999,30.0,iron,149.2151673603803,0
2453.3278194135055,6,Day,960ef087e05742f2b803829b9a18fb69,2,33.99999999999999,30.0,iron,149.2151673603803,0
2454.3288936223835,6,Day,960ef087e05742f2b803829b9a18fb69,2,33.99999999999999,30.0,iron,149.2151673603803,0
2455.3303832910024,6,Day,960ef087e05742f2b803829b9a18fb69,2,33.99999999999999,30.0,iron,149.2151673603803,0
2456.3365344912745,6,Day,960ef087e05742f2b803829b9a18fb69,2,33.99999999999999,30.0,iron,149.2151673603803,0
2457.342352242209,6,Day,960ef087e05742f2b803829b9a18fb69,2,33.99999999999999,30.0,iron,149.2151673603803,0
2458.3494329149835,6,Day,960ef087e05742f2b803829b9a18fb69,2,33.99999999999999,30.0,iron,149.2151673603803,0
2459.3510994194075,6,Day,960ef087e05742f2b803829b9a18fb69,2,33.99999999999999,30.0,iron,149.2151673603803,0
2460.357918505091,6,Day,960ef087e05742f2b803829b9a18fb69,2,33.99999999999999,30.0,iron,149.2151673603803,0
2461.365666457452,6,Day,960ef087e05742f2b803829b9a18fb69,2,33.99999999999999,30.0,iron,149.2151673603803,0
2462.370451742783,6,Day,960ef087e05742f2b803829b9a18fb69,1,32.599999999999994,30.0,iron,149.2151673603803,0
2463.3753636605106,6,Day,960ef087e05742f2b803829b9a18fb69,1,32.599999999999994,30.0,iron,149.2151673603803,0
2464.3812740668654,6,Day,960ef087e05742f2b803829b9a18fb69,1,32.599999999999994,30.0,iron,149.2151673603803,0
2465.3829798214138,6,Day,960ef087e05742f2b803829b9a18fb69,1,32.599999999999994,30.0,iron,149.2151673603803,0
2466.3901645331644,6,Day,960ef087e05742f2b803829b9a18fb69,1,32.599999999999994,30.0,iron,149.2151673603803,0
2467.392416906543,6,Day,960ef087e05742f2b803829b9a18fb69,2,32.599999999999994,0.0,iron,149.2151673603803,0
2468.395635450259,6,Day,960ef087e05742f2b803829b9a18fb69,2,32.599999999999994,0.0,iron,149.2151673603803,0
2469.401648906525,6,Day,960ef087e05742f2b803829b9a18fb69,2,32.599999999999994,0.0,iron,149.2151673603803,0
2470.4059782363474,6,Day,960ef087e05742f2b803829b9a18fb69,2,32.599999999999994,0.0,iron,149.2151673603803,0
2471.4107285318896,6,Day,960ef087e05742f2b803829b9a18fb69,2,32.599999999999994,0.0,iron,149.2151673603803,0
2472.413634857163,6,Day,960ef087e05742f2b803829b9a18fb69,2,32.599999999999994,0.0,iron,149.2151673603803,0
2473.4139460679144,6,Day,960ef087e05742f2b803829b9a18fb69,2,32.599999999999994,0.0,iron,149.2151673603803,0
2474.417236489244,6,Day,960ef087e05742f2b803829b9a18fb69,2,32.599999999999994,0.0,iron,149.2151673603803,0
2475.421279154718,6,Day,960ef087e05742f2b803829b9a18fb69,2,32.599999999999994,0.0,iron,149.2151673603803,0
2476.422267529182,6,Day,960ef087e05742f2b803829b9a18fb69,2,32.599999999999994,0.0,iron,149.2151673603803,0
2477.424762786366,6,Day,960ef087e05742f2b803829b9a18fb69,1,29.999999999999993,0.0,iron,149.2151673603803,0
2478.4319191225804,6,Day,960ef087e05742f2b803829b9a18fb69,1,29.999999999999993,0.0,iron,149.2151673603803,0
2479.4360774154775,6,Day,960ef087e05742f2b803829b9a18fb69,1,29.999999999999993,0.0,iron,149.2151673603803,0
2480.4419820802286,6,Day,960ef087e05742f2b803829b9a18fb69,1,29.999999999999993,0.0,iron,149.2151673603803,0
2481.4479562924244,6,Day,960ef087e05742f2b803829b9a18fb69,1,29.999999999999993,0.0,iron,149.2151673603803,0
2482.4508672854863,6,Day,960ef087e05742f2b803829b9a18fb69,1,29.999999999999993,0.0,iron,149.2151673603803,0
2483.4562236629426,6,Day,960ef087e05742f2b803829b9a18fb69,1,29.999999999999993,0.0,iron,149.2151673603803,0
2484.4635743699037,6,Day,960ef087e05742f2b803829b9a18fb69,1,29.999999999999993,0.0,iron,149.2151673603803,0
2485.4645392866805,6,Day,960ef087e05742f2b803829b9a18fb69,1,29.999999999999993,0.0,iron,149.2151673603803,0
2486.471048911102,6,Day,960ef087e05742f2b803829b9a18fb69,1,29.999999999999993,0.0,iron,149.2151673603803,0
2487.4772473201156,6,Day,960ef087e05742f2b803829b9a18fb69,1,29.999999999999993,0.0,iron,149.2151673603803,0
2488.4805581606925,6,Day,960ef087e05742f2b803829b9a18fb69,1,29.999999999999993,0.0,iron,149.2151673603803,0
2489.4835400409065,6,Day,960ef087e05742f2b803829b9a18fb69,1,29.999999999999993,0.0,iron,149.2151673603803,0
2490.486617662944,6,Day,960ef087e05742f2b803829b9a18fb69,1,29.999999999999993,0.0,iron,149.2151673603803,0
2491.487818290945,6,Day,960ef087e05742f2b803829b9a18fb69,1,29.999999999999993,0.0,iron,149.2151673603803,0
2492.4948350414634,6,Day,960ef087e05742f2b803829b9a18fb69,1,29.999999999999993,0.0,iron,149.2151673603803,0
2493.615450790152,6,Day,960ef087e05742f2b803829b9a18fb69,2,29.999999999999993,30.0,iron,149.2151673603803,0
2494.6185717042536,6,Day,960ef087e05742f2b803829b9a18fb69,2,29.999999999999993,30.0,iron,149.2151673603803,0
2495.624264700804,6,Day,960ef087e05742f2b803829b9a18fb69,2,29.999999999999993,30.0,iron,149.2151673603803,0
2496.6315481187776,6,Day,960ef087e05742f2b803829b9a18fb69,2,29.999999999999993,30.0,iron,149.2151673603803,0
2497.633624244947,6,Day,960ef087e05742f2b803829b9a18fb69,2,29.999999999999993,30.0,iron,149.2151673603803,0
2498.638316285331,6,Day,960ef087e05742f2b803829b9a18fb69,2,29.999999999999993,30.0,iron,149.2151673603803,0
2499.645388367586,6,Day,960ef087e05742f2b803829b9a18fb69,2,29.999999999999993,30.0,iron,149.2151673603803,0
2500.6523876991123,6,Day,960ef087e05742f2b803829b9a18fb69,2,29.999999999999993,30.0,iron,149.2151673603803,0
2501.659694036003,6,Day,960ef087e05742f2b803829b9a18fb69,2,29.999999999999993,30.0,iron,149.2151673603803,0
2502.6658716606908,6,Day,960ef087e05742f2b803829b9a18fb69,2,29.999999999999993,30.0,iron,149.2151673603803,0
2503.6722497567534,6,Day,960ef087e05742f2b803829b9a18fb69,1,28.599999999999994,30.0,iron,149.2151673603803,0
2504.6764632137492,6,Day,960ef087e05742f2b803829b9a18fb69,1,28.599999999999994,30.0,iron,149.2151673603803,0
2505.683971507009,6,Day,960ef087e05742f2b803829b9a18fb69,1,28.599999999999994,30.0,iron,149.2151673603803,0
2506.685940548312,6,Day,960ef087e05742f2b803829b9a18fb69,1,28.599999999999994,30.0,iron,149.2151673603803,0
2507.6910647097975,6,Day,960ef087e05742f2b803829b9a18fb69,1,28.599999999999994,30.0,iron,149.2151673603803,0
2508.6919679199345,6,Day,960ef087e05742f2b803829b9a18fb69,2,28.599999999999994,0.0,iron,149.2151673603803,0
2509.693875832949,6,Day,960ef087e05742f2b803829b9a18fb69,2,28.599999999999994,0.0,iron,149.2151673603803,0
2510.6970582525246,6,Day,960ef087e05742f2b803829b9a18fb69,2,28.599999999999994,0.0,iron,149.2151673603803,0
2511.7036327887326,6,Day,960ef087e05742f2b803829b9a18fb69,2,28.599999999999994,0.0,iron,149.2151673603803,0
2512.707077122759,6,Day,960ef087e05742f2b803829b9a18fb69,2,28.599999999999994,0.0,iron,149.2151673603803,0
2513.7099876627326,6,Day,960ef087e05742f2b803829b9a18fb69,2,28.599999999999994,0.0,iron,149.2151673603803,0
2514.718221625313,6,Day,960ef087e05742f2b803829b9a18fb69,2,28.599999999999994,0.0,iron,149.2151673603803,0
2515.7184624550864,6,Day,960ef087e05742f2b803829b9a18fb69,2,28.599999999999994,0.0,iron,149.2151673603803,0
2516.723580204416,6,Day,960ef087e05742f2b803829b9a18fb69,2,28.599999999999994,0.0,iron,149.2151673603803,0
2517.7279828684404,6,Day,960ef087e05742f2b803829b9a18fb69,2,28.599999999999994,0.0,iron,149.2151673603803,0
2518.731589363888,6,Day,960ef087e05742f2b803829b9a18fb69,1,25.999999999999993,0.0,iron,149.2151673603803,0
2519.7381609459408,6,Day,960ef087e05742f2b803829b9a18fb69,1,25.999999999999993,0.0,iron,149.2151673603803,0
2520.7458463655785,6,Day,960ef087e05742f2b803829b9a18fb69,1,25.999999999999993,0.0,iron,149.2151673603803,0
2521.7496872800402,6,Day,960ef087e05742f2b803829b9a18fb69,1,25.999999999999993,0.0,iron,149.2151673603803,0
2522.7563476609066,6,Day,960ef087e05742f2b803829b9a18fb69,1,25.999999999999993,0.0,iron,149.2151673603803,0
2523.7609926187433,6,Day,960ef087e05742f2b803829b9a18fb69,1,25.999999999999993,0.0,iron,149.2151673603803,0
2524.761311789509,6,Day,960ef087e05742f2b803829b9a18fb69,1,25.999999999999993,0.0,iron,149.2151673603803,0
2525.763007913716,6,Day,960ef087e05742f2b803829b9a18fb69,1,25.999999999999993,0.0,iron,149.2151673603803,0
2526.7632647431456,6,Day,960ef087e05742f2b803829b9a18fb69,1,25.999999999999993,0.0,iron,149.2151673603803,0
2527.769173912704,6,Day,960ef087e05742f2b803829b9a18fb69,1,25.999999999999993,0.0,iron,149.2151673603803,0
2528.77182300156,6,Day,960ef087e05742f2b803829b9a18fb69,1,25.999999999999993,0.0,iron,149.2151673603803,0
2529.776578918565,6,Day,960ef087e05742f2b803829b9a18fb69,1,25.999999999999993,0.0,iron,149.2151673603803,0
2530.77884154208,6,Day,960ef087e05742f2b803829b9a18fb69,1,25.999999999999993,0.0,iron,149.2151673603803,0
2531.786146624945,6,Day,960ef087e05742f2b803829b9a18fb69,1,25.999999999999993,0.0,iron,149.2151673603803,0
2532.78904040996,6,Day,960ef087e05742f2b803829b9a18fb69,1,25.999999999999993,0.0,iron,149.2151673603803,0
2533.791745657567,6,Day,960ef087e05742f2b803829b9a18fb69,1,25.999999999999993,0.0,iron,149.2151673603803,0
2534.7979907831177,6,Day,960ef087e05742f2b803829b9a18fb69,1,25.999999999999993,0.0,iron,149.2151673603803,0
2535.8008744870313,6,Day,960ef087e05742f2b803829b9a18fb69,2,25.999999999999993,30.0,iron,149.2151673603803,0
2536.8064599442296,6,Day,960ef087e05742f2b803829b9a18fb69,2,25.999999999999993,30.0,iron,149.2151673603803,0
2537.8115906999446,6,Day,960ef087e05742f2b803829b9a18fb69,2,25.999999999999993,30.0,iron,149.2151673603803,0
2538.813123738393,6,Day,960ef087e05742f2b803829b9a18fb69,2,25.999999999999993,30.0,iron,149.2151673603803,0
2539.8184440769255,6,Day,960ef087e05742f2b803829b9a18fb69,2,25.999999999999993,30.0,iron,149.2151673603803,0
2540.825170160271,6,Day,960ef087e05742f2b803829b9a18fb69,2,25.999999999999993,30.0,iron,149.2151673603803,0
2541.8311615348794,6,Day,960ef087e05742f2b803829b9a18fb69,2,25.999999999999993,30.0,iron,149.2151673603803,0
2542.838324699551,6,Day,960ef087e05742f2b803829b9a18fb69,2,25.999999999999993,30.0,iron,149.2151673603803,0
2543.8419404034503,6,Day,960ef087e05742f2b803829b9a18fb69,2,25.999999999999993,30.0,iron,149.2151673603803,0
2544.848090949934,6,Day,960ef087e05742f2b803829b9a18fb69,2,25.999999999999993,30.0,iron,149.2151673603803,0
2545.8509753178805,6,Day,960ef087e05742f2b803829b9a18fb69,1,24.599999999999994,30.0,iron,149.2151673603803,0
2546.8550117779523,6,Day,960ef087e05742f2b803829b9a18fb69,1,24.599999999999994,30.0,iron,149.2151673603803,0
2547.8587336991914,6,Day,960ef087e05742f2b803829b9a18fb69,1,24.599999999999994,30.0,iron,149.2151673603803,0
2548.862059033476,6,Day,960ef087e05742f2b803829b9a18fb69,1,24.599999999999994,30.0,iron,149.2151673603803,0
2549.869296736084,6,Day,960ef087e05742f2b803829b9a18fb69,1,24.599999999999994,30.0,iron,149.2151673603803,0
2550.8715334380977,6,Day,960ef087e05742f2b803829b9a18fb69,2,24.599999999999994,0.0,iron,149.2151673603803,0
2551.8749345201068,6,Day,960ef087e05742f2b803829b9a18fb69,2,24.599999999999994,0.0,iron,149.2151673603803,0
2552.8772051050328,6,Day,960ef087e05742f2b803829b9a18fb69,2,24.599999999999994,0.0,iron,149.2151673603803,0
2553.8780877296813,6,Day,960ef087e05742f2b803829b9a18fb69,2,24.599999999999994,0.0,iron,149.2151673603803,0
2554.8809996503405,6,Day,960ef087e05742f2b803829b9a18fb69,2,24.599999999999994,0.0,iron,149.2151673603803,0
2555.887585069053,6,Day,960ef087e05742f2b803829b9a18fb69,2,24.599999999999994,0.0,iron,149.2151673603803,0
2556.8959716148674,6,Day,960ef087e05742f2b803829b9a18fb69,2,24.599999999999994,0.0,iron,149.2151673603803,0
2557.9011196135543,6,Day,960ef087e05742f2b803829b9a18fb69,2,24.599999999999994,0.0,iron,149.2151673603803,0
2558.9040135326795,6,Day,960ef087e05742f2b803829b9a18fb69,2,24.599999999999994,0.0,iron,149.2151673603803,0
2559.9058735286817,6,Day,960ef087e05742f2b803829b9a18fb69,2,24.599999999999994,0.0,iron,149.2151673603803,0
2560.9072595597245,6,Day,960ef087e05742f2b803829b9a18fb69,1,21.999999999999993,0.0,iron,149.2151673603803,0
2561.911114475224,6,Day,960ef087e05742f2b803829b9a18fb69,1,21.999999999999993,0.0,iron,149.2151673603803,0
2562.9117664727382,6,Day,960ef087e05742f2b803829b9a18fb69,1,21.999999999999993,0.0,iron,149.2151673603803,0
2563.9149328502826,6,Day,960ef087e05742f2b803829b9a18fb69,1,21.999999999999993,0.0,iron,149.2151673603803,0
2564.9190686410293,6,Day,960ef087e05742f2b803829b9a18fb69,1,21.999999999999993,0.0,iron,149.2151673603803,0
2565.9256114340387,6,Day,960ef087e05742f2b803829b9a18fb69,1,21.999999999999993,0.0,iron,149.2151673603803,0
2566.931384927593,6,Day,960ef087e05742f2b803829b9a18fb69,1,21.999999999999993,0.0,iron,149.2151673603803,0
2567.9318222654983,6,Day,960ef087e05742f2b803829b9a18fb69,1,21.999999999999993,0.0,iron,149.2151673603803,0
2568.937894928269,6,Day,960ef087e05742f2b803829b9a18fb69,1,21.999999999999993,0.0,iron,149.2151673603803,0
2569.944251725916,6,Day,960ef087e05742f2b803829b9a18fb69,1,21.999999999999993,0.0,iron,149.2151673603803,0
2570.9501575957984,6,Day,960ef087e05742f2b803829b9a18fb69,1,21.999999999999993,0.0,iron,149.2151673603803,0
2571.9560648454353,6,Day,960ef087e05742f2b803829b9a18fb69,1,21.999999999999993,0.0,iron,149.2151673603803,0
2573.019438008778,6,Day,960ef087e05742f2b803829b9a18fb69,1,21.999999999999993,0.0,iron,149.2151673603803,0
2574.0259468867444,6,Day,960ef087e05742f2b803829b9a18fb69,1,21.999999999999993,0.0,iron,149.2151673603803,0
2575.0304000601172,6,Day,960ef087e05742f2b803829b9a18fb69,1,21.999999999999993,0.0,iron,149.2151673603803,0
2576.030962888617,6,Day,960ef087e05742f2b803829b9a18fb69,1,21.999999999999993,0.0,iron,149.2151673603803,0
2577.0330718019977,6,Day,960ef087e05742f2b803829b9a18fb69,1,21.999999999999993,0.0,iron,149.2151673603803,0
2578.0347312111408,6,Day,960ef087e05742f2b803829b9a18fb69,2,21.999999999999993,30.0,iron,149.2151673603803,0
2579.0413924162276,6,Day,960ef087e05742f2b803829b9a18fb69,2,21.999999999999993,30.0,iron,149.2151673603803,0
2580.0463301273994,6,Day,960ef087e05742f2b803829b9a18fb69,2,21.999999999999993,30.0,iron,149.2151673603803,0
2581.1557966298424,6,Day,960ef087e05742f2b803829b9a18fb69,2,21.999999999999993,30.0,iron,149.2151673603803,0
2582.1632694252767,6,Day,960ef087e05742f2b803829b9a18fb69,2,21.999999999999993,30.0,iron,149.2151673603803,0
2583.1660051331855,6,Day,960ef087e05742f2b803829b9a18fb69,2,21.999999999999993,30.0,iron,149.2151673603803,0
2584.1694490881637,6,Day,960ef087e05742f2b803829b9a18fb69,2,21.999999999999993,30.0,iron,149.2151673603803,0
2585.172160546761,6,Day,960ef087e05742f2b803829b9a18fb69,2,21.999999999999993,30.0,iron,149.2151673603803,0
2586.1752475956455,6,Day,960ef087e05742f2b803829b9a18fb69,2,21.999999999999993,30.0,iron,149.2151673603803,0
2587.178431929089,6,Day,960ef087e05742f2b803829b9a18fb69,2,21.999999999999993,30.0,iron,149.2151673603803,0
2588.1835642913356,6,Day,960ef087e05742f2b803829b9a18fb69,1,20.599999999999994,30.0,iron,149.2151673603803,0
2589.190513884183,6,Day,960ef087e05742f2b803829b9a18fb69,1,20.599999999999994,30.0,iron,149.2151673603803,0
2590.1963863824494,6,Day,960ef087e05742f2b803829b9a18fb69,1,20.599999999999994,30.0,iron,149.2151673603803,0
2591.1985861347057,6,Day,960ef087e05742f2b803829b9a18fb69,1,20.599999999999994,30.0,iron,149.2151673603803,0
2592.203865341842,6,Day,960ef087e05742f2b803829b9a18fb69,1,20.599999999999994,30.0,iron,149.2151673603803,0
2593.210044045467,6,Day,960ef087e05742f2b803829b9a18fb69,2,20.599999999999994,0.0,iron,149.2151673603803,0
2594.21176984068,6,Day,960ef087e05742f2b803829b9a18fb69,2,20.599999999999994,0.0,iron,149.2151673603803,0
2595.214619468432,6,Day,960ef087e05742f2b803829b9a18fb69,2,20.599999999999994,0.0,iron,149.2151673603803,0
2596.215255842544,6,Day,960ef087e05742f2b803829b9a18fb69,2,20.599999999999994,0.0,iron,149.2151673603803,0
2597.2175623411313,6,Day,960ef087e05742f2b803829b9a18fb69,2,20.599999999999994,0.0,iron,149.2151673603803,0
2598.221574841067,6,Day,960ef087e05742f2b803829b9a18fb69,2,20.599999999999994,0.0,iron,149.2151673603803,0
2599.229482387658,6,Day,960ef087e05742f2b803829b9a18fb69,2,20.599999999999994,0.0,iron,149.2151673603803,0
2600.2370738848113,6,Day,960ef087e05742f2b803829b9a18fb69,2,20.599999999999994,0.0,iron,149.2151673603803,0
2601.239000465721,6,Day,960ef087e05742f2b803829b9a18fb69,2,20.599999999999994,0.0,iron,149.2151673603803,0
2602.2413417599164,6,Day,960ef087e05742f2b803829b9a18fb69,2,20.599999999999994,0.0,iron,149.2151673603803,0
2603.2487028478645,6,Day,960ef087e05742f2b803829b9a18fb69,3,17.999999999999993,0.0,iron,149.2151673603803,0
2604.251032628119,6,Day,960ef087e05742f2b803829b9a18fb69,3,17.999999999999993,0.0,iron,149.2151673603803,0
2605.252629665192,6,Day,960ef087e05742f2b803829b9a18fb69,3,17.999999999999993,0.0,iron,149.2151673603803,0
2606.2597933746874,6,Day,960ef087e05742f2b803829b9a18fb69,3,17.999999999999993,0.0,iron,149.2151673603803,0
2607.2626278684475,6,Day,960ef087e05742f2b803829b9a18fb69,3,17.999999999999993,0.0,iron,149.2151673603803,0
2608.269655370619,6,Day,960ef087e05742f2b803829b9a18fb69,3,17.999999999999993,0.0,iron,149.2151673603803,0
2609.2700743353926,6,Day,960ef087e05742f2b803829b9a18fb69,3,17.999999999999993,0.0,iron,149.2151673603803,0
2610.2741799610667,6,Day,960ef087e05742f2b803829b9a18fb69,3,17.999999999999993,0.0,iron,149.2151673603803,0
2611.2753643323667,6,Day,960ef087e05742f2b803829b9a18fb69,3,17.999999999999993,0.0,iron,149.2151673603803,0
2612.278840585146,6,Day,960ef087e05742f2b803829b9a18fb69,3,17.999999999999993,0.0,iron,149.2151673603803,0
2613.279174750671,6,Day,960ef087e05742f2b803829b9a18fb69,3,17.999999999999993,0.0,iron,149.2151673603803,0
2614.2810095860623,6,Day,960ef087e05742f2b803829b9a18fb69,3,17.999999999999993,0.0,iron,149.2151673603803,0
2615.281386132352,6,Day,960ef087e05742f2b803829b9a18fb69,3,17.999999999999993,0.0,iron,149.2151673603803,0
2616.2834428818896,6,Day,960ef087e05742f2b803829b9a18fb69,3,17.999999999999993,0.0,iron,149.2151673603803,0
2617.291336927563,6,Day,960ef087e05742f2b803829b9a18fb69,3,17.999999999999993,0.0,iron,149.2151673603803,0
2618.295804518275,6,Day,960ef087e05742f2b803829b9a18fb69,3,17.999999999999993,0.0,iron,149.2151673603803,0
2619.3006688114256,6,Day,960ef087e05742f2b803829b9a18fb69,3,17.999999999999993,0.0,iron,149.2151673603803,0
2620.302919843234,6,Day,960ef087e05742f2b803829b9a18fb69,2,68.0,30.0,iron,200.0,0
2621.310529834125,6,Day,960ef087e05742f2b803829b9a18fb69,2,68.0,30.0,iron,200.0,0
2622.310892044101,6,Day,960ef087e05742f2b803829b9a18fb69,2,68.0,30.0,iron,200.0,0
2623.318884749431,6,Day,960ef087e05742f2b803829b9a18fb69,2,68.0,30.0,iron,200.0,0
2624.322124455124,6,Day,960ef087e05742f2b803829b9a18fb69,2,68.0,30.0,iron,200.0,0
2625.3233409579843,6,Day,960ef087e05742f2b803829b9a18fb69,2,68.0,30.0,iron,200.0,0
2626.3313217028044,6,Day,960ef087e05742f2b803829b9a18fb69,2,68.0,30.0,iron,200.0,0
2627.3352587483823,6,Day,960ef087e05742f2b803829b9a18fb69,2,68.0,30.0,iron,200.0,0
2628.336692580022,6,Day,960ef087e05742f2b803829b9a18fb69,2,68.0,30.0,iron,200.0,0
2629.3390034115873,6,Day,960ef087e05742f2b803829b9a18fb69,2,68.0,30.0,iron,200.0,0
2630.4584355759434,6,Day,960ef087e05742f2b803829b9a18fb69,1,66.6,30.0,iron,200.0,0
2631.46500341082,6,Day,960ef087e05742f2b803829b9a18fb69,1,66.6,30.0,iron,200.0,0
2632.469270531088,6,Day,960ef087e05742f2b803829b9a18fb69,1,66.6,30.0,iron,200.0,0
2633.4703420735896,6,Day,960ef087e05742f2b803829b9a18fb69,1,66.6,30.0,iron,200.0,0
2634.4730460387655,6,Day,960ef087e05742f2b803829b9a18fb69,1,66.6,30.0,iron,200.0,0
2635.4726309939288,6,Day,960ef087e05742f2b803829b9a18fb69,2,66.6,0.0,iron,200.0,0
2636.4752510855906,6,Day,960ef087e05742f2b803829b9a18fb69,2,66.6,0.0,iron,200.0,0
2637.4792038337328,6,Day,960ef087e05742f2b803829b9a18fb69,2,66.6,0.0,iron,200.0,0
2638.4820315791294,6,Day,960ef087e05742f2b803829b9a18fb69,2,66.6,0.0,iron,200.0,0
2639.4855864965357,6,Day,960ef087e05742f2b803829b9a18fb69,2,66.6,0.0,iron,200.0,0
2640.48744145222,6,Day,960ef087e05742f2b803829b9a18fb69,2,66.6,0.0,iron,200.0,0
2641.489334709011,6,Day,960ef087e05742f2b803829b9a18fb69,2,66.6,0.0,iron,200.0,0
2642.4926992910914,6,Day,960ef087e05742f2b803829b9a18fb69,2,66.6,0.0,iron,200.0,0
2643.4974757507443,6,Day,960ef087e05742f2b803829b9a18fb69,2,66.6,0.0,iron,200.0,0
2644.497840004042,6,Day,960ef087e05742f2b803829b9a18fb69,2,66.6,0.0,iron,200.0,0
2645.4999025124125,6,Day,960ef087e05742f2b803829b9a18fb69,1,63.99999999999999,0.0,iron,200.0,0
2646.507284055464,6,Day,960ef087e05742f2b803829b9a18fb69,1,63.99999999999999,0.0,iron,200.0,0
2647.5093017620966,6,Day,960ef087e05742f2b803829b9a18fb69,1,63.99999999999999,0.0,iron,200.0,0
2648.5145806372166,6,Day,960ef087e05742f2b803829b9a18fb69,1,63.99999999999999,0.0,iron,200.0,0
2649.5167597155087,6,Day,960ef087e05742f2b803829b9a18fb69,1,63.99999999999999,0.0,iron,200.0,0
2650.5186380492523,6,Day,960ef087e05742f2b803829b9a18fb69,1,63.99999999999999,0.0,iron,200.0,0
2651.5189379667863,6,Day,960ef087e05742f2b803829b9a18fb69,1,63.99999999999999,0.0,iron,200.0,0
2652.5249351733364,6,Day,960ef087e05742f2b803829b9a18fb69,1,63.99999999999999,0.0,iron,200.0,0
2653.5279290955514,6,Day,960ef087e05742f2b803829b9a18fb69,1,63.99999999999999,0.0,iron,200.0,0
2654.532164597884,6,Day,960ef087e05742f2b803829b9a18fb69,1,63.99999999999999,0.0,iron,200.0,0
2655.5390535518527,6,Day,960ef087e05742f2b803829b9a18fb69,1,63.99999999999999,0.0,iron,200.0,0
2656.5450350530446,6,Day,960ef087e05742f2b803829b9a18fb69,1,63.99999999999999,0.0,iron,200.0,0
2657.547124881763,6,Day,960ef087e05742f2b803829b9a18fb69,1,63.99999999999999,0.0,iron,200.0,0
2658.547575214412,6,Day,960ef087e05742f2b803829b9a18fb69,1,63.99999999999999,0.0,iron,200.0,0
2659.5501408767886,6,Day,960ef087e05742f2b803829b9a18fb69,1,63.99999999999999,0.0,iron,200.0,0
2660.5522411642596,6,Day,960ef087e05742f2b803829b9a18fb69,1,63.99999999999999,0.0,iron,200.0,0
2661.5557302101515,6,Day,960ef087e05742f2b803829b9a18fb69,1,63.99999999999999,0.0,iron,200.0,0
2662.562701713294,6,Day,960ef087e05742f2b803829b9a18fb69,2,63.99999999999999,30.0,iron,200.0,0
2663.5661588776857,6,Day,960ef087e05742f2b803829b9a18fb69,2,63.99999999999999,30.0,iron,200.0,0
2664.5720722205006,6,Day,960ef087e05742f2b803829b9a18fb69,2,63.99999999999999,30.0,iron,200.0,0
2665.5747702587396,6,Day,960ef087e05742f2b803829b9a18fb69,2,63.99999999999999,30.0,iron,200.0,0
2666.5795071776956,6,Day,960ef087e05742f2b803829b9a18fb69,2,63.99999999999999,30.0,iron,200.0,0
2667.5821480909362,6,Day,960ef087e05742f2b803829b9a18fb69,2,63.99999999999999,30.0,iron,200.0,0
2668.5877852155827,6,Day,960ef087e05742f2b803829b9a18fb69,2,63.99999999999999,30.0,iron,200.0,0
2669.595484093763,6,Day,960ef087e05742f2b803829b9a18fb69,2,63.99999999999999,30.0,iron,200.0,0
2670.5965698403306,6,Day,960ef087e05742f2b803829b9a18fb69,2,63.99999999999999,30.0,iron,200.0,0
2671.6027544620447,6,Day,960ef087e05742f2b803829b9a18fb69,2,63.99999999999999,30.0,iron,200.0,0
2672.6067685061134,6,Day,960ef087e05742f2b803829b9a18fb69,1,62.599999999999994,30.0,iron,200.0,0
2673.6114258859307,6,Day,960ef087e05742f2b803829b9a18fb69,1,62.599999999999994,30.0,iron,200.0,0
2674.6114916824736,6,Day,960ef087e05742f2b803829b9a18fb69,1,62.599999999999994,30.0,iron,200.0,0
2675.612862842623,6,Day,960ef087e05742f2b803829b9a18fb69,1,62.599999999999994,30.0,iron,200.0,0
2676.6168817556463,6,Day,960ef087e05742f2b803829b9a18fb69,1,62.599999999999994,30.0,iron,200.0,0
2677.6186717152596,6,Day,960ef087e05742f2b803829b9a18fb69,2,62.599999999999994,0.0,iron,200.0,0
2678.621733423788,6,Day,960ef087e05742f2b803829b9a18fb69,2,62.599999999999994,0.0,iron,200.0,0
2679.6268456303515,6,Day,960ef087e05742f2b803829b9a18fb69,2,62.599999999999994,0.0,iron,200.0,0
2680.628085838631,6,Day,960ef087e05742f2b803829b9a18fb69,2,62.599999999999994,0.0,iron,200.0,0
2681.6299766749144,6,Day,960ef087e05742f2b803829b9a18fb69,2,62.599999999999994,0.0,iron,200.0,0
2682.637182633858,6,Day,960ef087e05742f2b803829b9a18fb69,2,62.599999999999994,0.0,iron,200.0,0
2683.6441043829545,6,Day,960ef087e05742f2b803829b9a18fb69,2,62.599999999999994,0.0,iron,200.0,0
2684.6493815532885,6,Day,960ef087e05742f2b803829b9a18fb69,2,62.599999999999994,0.0,iron,200.0,0
2685.6534846797585,6,Day,960ef087e05742f2b803829b9a18fb69,2,62.599999999999994,0.0,iron,200.0,0
2686.6615680148825,6,Day,960ef087e05742f2b803829b9a18fb69,2,62.599999999999994,0.0,iron,200.0,0
2687.6622217637487,6,Day,960ef087e05742f2b803829b9a18fb69,1,59.99999999999999,0.0,iron,200.0,0
2688.663770386949,6,Day,960ef087e05742f2b803829b9a18fb69,1,59.99999999999999,0.0,iron,200.0,0
2689.6668192581274,6,Day,960ef087e05742f2b803829b9a18fb69,1,59.99999999999999,0.0,iron,200.0,0
2690.6719386400655,6,Day,960ef087e05742f2b803829b9a18fb69,1,59.99999999999999,0.0,iron,200.0,0
2691.6727806413546,6,Day,960ef087e05742f2b803829b9a18fb69,1,59.99999999999999,0.0,iron,200.0,0
2692.6731374328956,6,Day,960ef087e05742f2b803829b9a18fb69,1,59.99999999999999,0.0,iron,200.0,0
2693.674173847772,6,Day,960ef087e05742f2b803829b9a18fb69,1,59.99999999999999,0.0,iron,200.0,0
2694.6808405583724,6,Day,960ef087e05742f2b803829b9a18fb69,1,59.99999999999999,0.0,iron,200.0,0
2695.6862836005166,6,Day,960ef087e05742f2b803829b9a18fb69,1,59.99999999999999,0.0,iron,200.0,0
2696.687353725545,6,Day,960ef087e05742f2b803829b9a18fb69,1,59.99999999999999,0.0,iron,200.0,0
2697.690503641963,6,Day,960ef087e05742f2b803829b9a18fb69,1,59.99999999999999,0.0,iron,200.0,0
2698.6928191049956,6,Day,960ef087e05742f2b803829b9a18fb69,1,59.99999999999999,0.0,iron,200.0,0
2699.697252891492,6,Day,960ef087e05742f2b803829b9a18fb69,1,59.99999999999999,0.0,iron,200.0,0
2700.6984760221094,6,Night,960ef087e05742f2b803829b9a18fb69,1,59.99999999999999,0.0,iron,200.0,8
2701.7029152330942,6,Night,960ef087e05742f2b803829b9a18fb69,1,59.99999999999999,0.0,iron,200.0,16
2702.705268982332,6,Night,960ef087e05742f2b803829b9a18fb69,1,59.99999999999999,0.0,iron,200.0,28
2703.707073938567,6,Night,960ef087e05742f2b803829b9a18fb69,1,59.99999999999999,0.0,iron,200.0,36
2704.70883506909,6,Night,960ef087e05742f2b803829b9a18fb69,2,59.99999999999999,30.0,iron,200.0,48
2705.7159700696357,6,Night,960ef087e05742f2b803829b9a18fb69,2,59.99999999999999,30.0,iron,200.0,56
2706.718556948006,6,Night,960ef087e05742f2b803829b9a18fb69,2,59.99999999999999,30.0,iron,200.0,68
2707.7201949870214,6,Night,960ef087e05742f2b803829b9a18fb69,2,59.99999999999999,30.0,iron,200.0,76
2708.7240609871224,6,Night,960ef087e05742f2b803829b9a18fb69,2,59.99999999999999,30.0,iron,200.0,88
2709.7274344875477,6,Night,960ef087e05742f2b803829b9a18fb69,2,59.99999999999999,30.0,iron,200.0,96
2710.729612821713,6,Night,960ef087e05742f2b803829b9a18fb69,2,59.99999999999999,30.0,iron,200.0,108
2711.7328161485493,6,Night,960ef087e05742f2b803829b9a18fb69,2,59.99999999999999,30.0,iron,200.0,116
2712.7377289049327,6,Night,960ef087e05742f2b803829b9a18fb69,2,59.99999999999999,30.0,iron,200.0,128
2713.7406015289016,6,Night,960ef087e05742f2b803829b9a18fb69,2,59.99999999999999,30.0,iron,200.0,136
2714.7418674123473,6,Night,960ef087e05742f2b803829b9a18fb69,1,58.599999999999994,30.0,iron,200.0,148
2715.7482665339485,6,Night,960ef087e05742f2b803829b9a18fb69,1,58.599999999999994,30.0,iron,200.0,156
2716.753263246268,6,Night,960ef087e05742f2b803829b9a18fb69,1,58.599999999999994,30.0,iron,200.0,168
2717.758730159607,6,Night,960ef087e05742f2b803829b9a18fb69,1,58.599999999999994,30.0,iron,200.0,176
2718.763354782015,6,Night,960ef087e05742f2b803829b9a18fb69,1,58.599999999999994,30.0,iron,200.0,188
2719.771354118362,6,Night,960ef087e05742f2b803829b9a18fb69,2,58.599999999999994,0.0,iron,200.0,196
2720.7750864122063,6,Night,960ef087e05742f2b803829b9a18fb69,2,58.599999999999994,0.0,iron,200.0,208
2721.778632043861,6,Night,960ef087e05742f2b803829b9a18fb69,2,58.599999999999994,0.0,iron,200.0,216
2722.7790493341163,6,Night,960ef087e05742f2b803829b9a18fb69,2,58.599999999999994,0.0,iron,200.0,225
2723.784987460356,6,Night,960ef087e05742f2b803829b9a18fb69,2,58.599999999999994,0.0,iron,200.0,225
2724.7875713338144,6,Night,960ef087e05742f2b803829b9a18fb69,2,58.599999999999994,0.0,iron,200.0,225
2725.7920045861974,6,Night,960ef087e05742f2b803829b9a18fb69,2,58.599999999999994,0.0,iron,200.0,225
2726.7925257128663,6,Night,960ef087e05742f2b803829b9a18fb69,2,58.599999999999994,0.0,iron,200.0,225
2727.796972002834,6,Night,960ef087e05742f2b803829b9a18fb69,2,58.599999999999994,0.0,iron,200.0,225
2728.802476795856,6,Night,960ef087e05742f2b803829b9a18fb69,2,58.599999999999994,0.0,iron,200.0,225
2729.808150875848,6,Night,960ef087e05742f2b803829b9a18fb69,1,55.99999999999999,0.0,iron,200.0,225
2730.8114743372425,6,Night,960ef087e05742f2b803829b9a18fb69,1,55.99999999999999,0.0,iron,200.0,225
2731.8186832093634,6,Night,960ef087e05742f2b803829b9a18fb69,1,55.99999999999999,0.0,iron,200.0,225
2732.8189366664737,6,Night,960ef087e05742f2b803829b9a18fb69,1,55.99999999999999,0.0,iron,200.0,224
2733.8205568767153,6,Night,960ef087e05742f2b803829b9a18fb69,1,55.99999999999999,0.0,iron,200.0,224
2734.826559757348,6,Night,960ef087e05742f2b803829b9a18fb69,1,55.99999999999999,0.0,iron,200.0,224
2735.8339360086247,6,Night,960ef087e05742f2b803829b9a18fb69,1,55.99999999999999,0.0,iron,200.0,224
2736.834238717798,6,Night,960ef087e05742f2b803829b9a18fb69,1,55.99999999999999,0.0,iron,200.0,224
2737.838672425598,6,Night,960ef087e05742f2b803829b9a18fb69,1,55.99999999999999,0.0,iron,200.0,223
2738.8437710502185,6,Night,960ef087e05742f2b803829b9a18fb69,1,55.99999999999999,0.0,iron,200.0,223
2739.850658387877,6,Night,960ef087e05742f2b803829b9a18fb69,1,55.99999999999999,0.0,iron,200.0,223
2740.855275758542,6,Night,960ef087e05742f2b803829b9a18fb69,1,55.99999999999999,0.0,iron,200.0,223
2741.8594418377616,6,Night,960ef087e05742f2b803829b9a18fb69,1,55.99999999999999,0.0,iron,200.0,223
2742.866259381175,6,Night,960ef087e05742f2b803829b9a18fb69,1,55.99999999999999,0.0,iron,200.0,222
2743.871489258483,6,Night,960ef087e05742f2b803829b9a18fb69,1,55.99999999999999,0.0,iron,200.0,222
2744.873958252836,6,Night,960ef087e05742f2b803829b9a18fb69,1,55.99999999999999,0.0,iron,200.0,222
2745.8774857535027,6,Night,960ef087e05742f2b803829b9a18fb69,1,55.99999999999999,0.0,iron,200.0,222
2746.8817816665396,6,Night,960ef087e05742f2b803829b9a18fb69,2,55.99999999999999,30.0,iron,200.0,222
2747.886884953361,6,Night,960ef087e05742f2b803829b9a18fb69,2,55.99999999999999,30.0,iron,200.0,221
2748.8921107496135,6,Night,960ef087e05742f2b803829b9a18fb69,2,55.99999999999999,30.0,iron,200.0,221
2749.893763082102,6,Night,960ef087e05742f2b803829b9a18fb69,2,55.99999999999999,30.0,iron,200.0,221
2750.8984380383044,6,Night,960ef087e05742f2b803829b9a18fb69,2,55.99999999999999,30.0,iron,200.0,221
2751.8987433752045,6,Night,960ef087e05742f2b803829b9a18fb69,2,55.99999999999999,30.0,iron,200.0,221
2753.0258271675557,6,Night,960ef087e05742f2b803829b9a18fb69,2,55.99999999999999,30.0,iron,200.0,220
2754.0314924516715,6,Night,960ef087e05742f2b803829b9a18fb69,2,55.99999999999999,30.0,iron,200.0,220
2755.0366955795325,6,Night,960ef087e05742f2b803829b9a18fb69,2,55.99999999999999,30.0,iron,200.0,220
2756.0442747836933,6,Night,960ef087e05742f2b803829b9a18fb69,2,55.99999999999999,30.0,iron,200.0,220
2757.04954387201,6,Night,960ef087e05742f2b803829b9a18fb69,1,54.599999999999994,30.0,iron,200.0,220
2758.0533392536454,6,Night,960ef087e05742f2b803829b9a18fb69,1,54.599999999999994,30.0,iron,200.0,219
2759.0613767500035,6,Night,960ef087e05742f2b803829b9a18fb69,1,54.599999999999994,30.0,iron,200.0,219
2760.0630211229436,6,Night,960ef087e05742f2b803829b9a18fb69,1,54.599999999999994,30.0,iron,200.0,219
2761.07071232656,6,Night,960ef087e05742f2b803829b9a18fb69,1,54.599999999999994,30.0,iron,200.0,218
2762.0756067405455,6,Night,960ef087e05742f2b803829b9a18fb69,2,54.599999999999994,0.0,iron,200.0,218
2763.077469283715,6,Night,960ef087e05742f2b803829b9a18fb69,2,54.599999999999994,0.0,iron,200.0,217
2764.0840077046305,6,Night,960ef087e05742f2b803829b9a18fb69,2,54.599999999999994,0.0,iron,200.0,217
2765.0883892467245,6,Night,960ef087e05742f2b803829b9a18fb69,2,54.599999999999994,0.0,iron,197.40605623228475,211
2766.093888869509,6,Night,960ef087e05742f2b803829b9a18fb69,2,54.599999999999994,0.0,iron,192.37855811836198,210
2767.0993750798516,6,Night,960ef087e05742f2b803829b9a18fb69,2,54.599999999999994,0.0,iron,189.57284334115684,200
2768.1017589508556,6,Night,960ef087e05742f2b803829b9a18fb69,2,54.599999999999994,0.0,iron,189.57284334115684,199
2769.108185703866,6,Night,960ef087e05742f2b803829b9a18fb69,2,54.599999999999994,0.0,iron,186.8037202162668,199
2770.1158008705825,6,Night,960ef087e05742f2b803829b9a18fb69,2,54.599999999999994,0.0,iron,183.28837457112968,183
2771.123059579637,6,Night,960ef087e05742f2b803829b9a18fb69,2,54.599999999999994,0.0,iron,183.28837457112968,182
2772.1266668774188,6,Night,960ef087e05742f2b803829b9a18fb69,1,51.99999999999999,0.0,iron,183.28837457112968,182
2773.13154800795,6,Night,960ef087e05742f2b803829b9a18fb69,1,51.99999999999999,0.0,iron,183.28837457112968,181
2774.135833046399,6,Night,960ef087e05742f2b803829b9a18fb69,1,51.99999999999999,0.0,iron,183.28837457112968,181
2775.138474668376,6,Night,960ef087e05742f2b803829b9a18fb69,1,51.99999999999999,0.0,iron,179.42748541012406,180
2776.145854954142,6,Night,960ef087e05742f2b803829b9a18fb69,1,51.99999999999999,0.0,iron,174.39058398129418,174
2777.146962585859,6,Night,960ef087e05742f2b803829b9a18fb69,1,51.99999999999999,0.0,iron,169.3850458227098,172
2778.147779788822,6,Night,960ef087e05742f2b803829b9a18fb69,1,51.99999999999999,0.0,iron,164.38095980789512,162
2779.1529905404896,6,Night,960ef087e05742f2b803829b9a18fb69,1,51.99999999999999,0.0,iron,159.35490604955703,157
2780.1576440413482,6,Night,960ef087e05742f2b803829b9a18fb69,1,51.99999999999999,0.0,iron,154.33163854526356,152
2781.1635739584453,6,Night,960ef087e05742f2b803829b9a18fb69,1,51.99999999999999,0.0,iron,149.3019889597781,144
2782.171086959541,6,Night,960ef087e05742f2b803829b9a18fb69,1,51.99999999999999,0.0,iron,144.26442395430058,134
2783.1715176249854,6,Night,960ef087e05742f2b803829b9a18fb69,1,51.99999999999999,0.0,iron,139.26227062707767,129
2784.1785282497294,6,Night,960ef087e05742f2b803829b9a18fb69,1,51.99999999999999,0.0,iron,134.22721750335768,124
2785.1815765378997,6,Night,960ef087e05742f2b803829b9a18fb69,1,51.99999999999999,0.0,iron,129.21197606250644,119
2786.1884945784695,6,Night,960ef087e05742f2b803829b9a18fb69,1,51.99999999999999,0.0,iron,124.17738585965708,111
2787.193840295542,6,Night,960ef087e05742f2b803829b9a18fb69,1,51.99999999999999,0.0,iron,119.15065727429464,103
2788.198095294647,6,Night,960ef087e05742f2b803829b9a18fb69,1,51.99999999999999,0.0,iron,114.12938227877021,98
2789.202828127425,6,Night,960ef087e05742f2b803829b9a18fb69,2,51.99999999999999,30.0,iron,109.10571811487898,93
2790.203070331365,6,Night,960ef087e05742f2b803829b9a18fb69,2,51.99999999999999,30.0,iron,104.10450709518045,88
2791.2089785439894,6,Night,960ef087e05742f2b803829b9a18fb69,2,51.99999999999999,30.0,iron,99.074966032058,80
2792.2153684627265,6,Night,960ef087e05742f2b803829b9a18fb69,2,51.99999999999999,30.0,iron,94.19585685478523,75
2793.222724247724,6,Night,960ef087e05742f2b803829b9a18fb69,2,51.99999999999999,30.0,iron,94.19585685478523,62
2794.2269321614876,6,Night,960ef087e05742f2b803829b9a18fb69,2,51.99999999999999,30.0,iron,94.19585685478523,62
2795.2273621256463,6,Night,960ef087e05742f2b803829b9a18fb69,2,51.99999999999999,30.0,iron,94.19585685478523,62
2796.230431458447,6,Night,960ef087e05742f2b803829b9a18fb69,2,51.99999999999999,30.0,iron,94.19585685478523,62
2797.2350713326596,6,Night,960ef087e05742f2b803829b9a18fb69,2,51.99999999999999,30.0,iron,94.19585685478523,62
2798.2392938714474,6,Night,960ef087e05742f2b803829b9a18fb69,2,51.99999999999999,30.0,iron,94.19585685478523,56
2799.246579128783,6,Night,960ef087e05742f2b803829b9a18fb69,1,50.599999999999994,30.0,iron,94.19585685478523,56
2800.252035909798,6,Night,960ef087e05742f2b803829b9a18fb69,1,50.599999999999994,30.0,iron,94.19585685478523,56
2801.2546214517206,6,Night,960ef087e05742f2b803829b9a18fb69,1,50.599999999999994,30.0,iron,94.19585685478523,56
2802.257745082956,6,Night,960ef087e05742f2b803829b9a18fb69,1,50.599999999999994,30.0,iron,94.19585685478523,56
2803.2645104164258,6,Night,960ef087e05742f2b803829b9a18fb69,1,50.599999999999994,30.0,iron,94.19585685478523,56
2804.2693217494525,6,Night,960ef087e05742f2b803829b9a18fb69,2,50.599999999999994,0.0,iron,94.19585685478523,56
2805.2708832081407,6,Night,960ef087e05742f2b803829b9a18fb69,2,50.599999999999994,0.0,iron,94.19585685478523,56
2806.275285580661,6,Night,960ef087e05742f2b803829b9a18fb69,2,50.599999999999994,0.0,iron,94.19585685478523,56
2807.2777592488565,6,Night,960ef087e05742f2b803829b9a18fb69,2,50.599999999999994,0.0,iron,94.19585685478523,56
2808.28207196109,6,Night,960ef087e05742f2b803829b9a18fb69,2,50.599999999999994,0.0,iron,94.19585685478523,56
2809.28620212432,6,Night,960ef087e05742f2b803829b9a18fb69,2,50.599999999999994,0.0,iron,94.19585685478523,56
2810.2939634588547,6,Night,960ef087e05742f2b803829b9a18fb69,2,50.599999999999994,0.0,iron,94.19585685478523,56
2811.2998786233366,6,Night,960ef087e05742f2b803829b9a18fb69,2,50.599999999999994,0.0,iron,94.19585685478523,56
2812.3020587963983,6,Night,960ef087e05742f2b803829b9a18fb69,2,50.599999999999994,0.0,iron,94.19585685478523,56
2813.3045969568193,6,Night,960ef087e05742f2b803829b9a18fb69,1,47.99999999999999,0.0,iron,94.19585685478523,56
2814.311783909332,6,Night,960ef087e05742f2b803829b9a18fb69,1,47.99999999999999,0.0,iron,94.19585685478523,56
2815.3170462036505,6,Night,960ef087e05742f2b803829b9a18fb69,1,47.99999999999999,0.0,iron,94.19585685478523,56
2816.319602242671,6,Night,960ef087e05742f2b803829b9a18fb69,1,47.99999999999999,0.0,iron,94.19585685478523,56
2817.3265654542483,6,Night,960ef087e05742f2b803829b9a18fb69,1,47.99999999999999,0.0,iron,94.19585685478523,56
2818.333143454045,6,Night,960ef087e05742f2b803829b9a18fb69,1,47.99999999999999,0.0,iron,94.19585685478523,56
2819.334589364473,6,Night,960ef087e05742f2b803829b9a18fb69,1,47.99999999999999,0.0,iron,94.19585685478523,56
2820.3410786543973,6,Night,960ef087e05742f2b803829b9a18fb69,1,47.99999999999999,0.0,iron,94.19585685478523,56
2821.3462890288793,6,Night,960ef087e05742f2b803829b9a18fb69,1,47.99999999999999,0.0,iron,94.19585685478523,56
2822.3466554447077,6,Night,960ef087e05742f2b803829b9a18fb69,1,47.99999999999999,0.0,iron,94.19585685478523,56
2823.3485813234,6,Night,960ef087e05742f2b803829b9a18fb69,1,47.99999999999999,0.0,iron,94.19585685478523,56
2824.348986154422,6,Night,960ef087e05742f2b803829b9a18fb69,1,47.99999999999999,0.0,iron,94.19585685478523,56
2825.3535932744853,6,Night,960ef087e05742f2b803829b9a18fb69,1,47.99999999999999,0.0,iron,94.19585685478523,56
2826.361464151647,6,Night,960ef087e05742f2b803829b9a18fb69,1,47.99999999999999,0.0,iron,94.19585685478523,56
2827.364759815391,6,Night,960ef087e05742f2b803829b9a18fb69,1,47.99999999999999,0.0,iron,94.19585685478523,56
2828.3652748581953,6,Night,960ef087e05742f2b803829b9a18fb69,1,47.99999999999999,0.0,iron,94.19585685478523,56
2829.3706190302037,6,Night,960ef087e05742f2b803829b9a18fb69,1,47.99999999999999,0.0,iron,94.19585685478523,56
2830.454622029327,6,Night,960ef087e05742f2b803829b9a18fb69,2,47.99999999999999,30.0,iron,94.19585685478523,56
2831.457071736455,6,Night,960ef087e05742f2b803829b9a18fb69,2,47.99999999999999,30.0,iron,94.19585685478523,56
2832.4626204036176,6,Night,960ef087e05742f2b803829b9a18fb69,2,47.99999999999999,30.0,iron,94.19585685478523,56
2833.4650395261124,6,Night,960ef087e05742f2b803829b9a18fb69,2,47.99999999999999,30.0,iron,94.19585685478523,56
2834.46616331907,6,Night,960ef087e05742f2b803829b9a18fb69,2,47.99999999999999,30.0,iron,94.19585685478523,56
2835.4711364908144,6,Night,960ef087e05742f2b803829b9a18fb69,2,47.99999999999999,30.0,iron,94.19585685478523,56
2836.4729310683906,6,Night,960ef087e05742f2b803829b9a18fb69,2,47.99999999999999,30.0,iron,94.19585685478523,56
2837.477270112373,6,Night,960ef087e05742f2b803829b9a18fb69,2,47.99999999999999,30.0,iron,94.19585685478523,56
2838.4818139034323,6,Night,960ef087e05742f2b803829b9a18fb69,2,47.99999999999999,30.0,iron,94.19585685478523,56
2839.4866531551816,6,Night,960ef087e05742f2b803829b9a18fb69,2,47.99999999999999,30.0,iron,94.19585685478523,56
2840.492095696274,6,Night,960ef087e05742f2b803829b9a18fb69,1,46.599999999999994,30.0,iron,94.19585685478523,56
2841.492155905813,6,Night,960ef087e05742f2b803829b9a18fb69,1,46.599999999999994,30.0,iron,94.19585685478523,56
2842.496265654918,6,Night,960ef087e05742f2b803829b9a18fb69,1,46.599999999999994,30.0,iron,94.19585685478523,56
2843.4971204889007,6,Night,960ef087e05742f2b803829b9a18fb69,1,46.599999999999994,30.0,iron,94.19585685478523,53
2844.497677233536,6,Night,960ef087e05742f2b803829b9a18fb69,1,46.599999999999994,30.0,iron,94.19585685478523,53
2845.501530243084,6,Night,960ef087e05742f2b803829b9a18fb69,2,46.599999999999994,0.0,iron,94.19585685478523,53
2846.506089820061,6,Night,960ef087e05742f2b803829b9a18fb69,2,46.599999999999994,0.0,iron,94.19585685478523,53
2847.506499776151,6,Night,960ef087e05742f2b803829b9a18fb69,2,46.599999999999994,0.0,iron,94.19585685478523,53
2848.5073823635466,6,Night,960ef087e05742f2b803829b9a18fb69,2,46.599999999999994,0.0,iron,94.19585685478523,47
2849.5103658633307,6,Night,960ef087e05742f2b803829b9a18fb69,2,46.599999999999994,0.0,iron,94.19585685478523,47
2850.5165470251814,6,Night,960ef087e05742f2b803829b9a18fb69,2,46.599999999999994,0.0,iron,94.19585685478523,47
2851.5170433600433,6,Night,960ef087e05742f2b803829b9a18fb69,2,46.599999999999994,0.0,iron,94.19585685478523,47
2852.518988942262,6,Night,960ef087e05742f2b803829b9a18fb69,2,46.599999999999994,0.0,iron,94.19585685478523,47
2853.5229058573022,6,Night,960ef087e05742f2b803829b9a18fb69,2,46.599999999999994,0.0,iron,94.19585685478523,41
2854.5281228525564,6,Night,960ef087e05742f2b803829b9a18fb69,2,46.599999999999994,0.0,iron,94.19585685478523,41
2855.5304920175113,6,Night,960ef087e05742f2b803829b9a18fb69,1,43.99999999999999,0.0,iron,94.19585685478523,41
2856.531669102609,6,Night,960ef087e05742f2b803829b9a18fb69,1,43.99999999999999,0.0,iron,94.19585685478523,41
2857.538293812424,6,Night,960ef087e05742f2b803829b9a18fb69,1,43.99999999999999,0.0,iron,94.19585685478523,41
2858.545782975387,6,Night,960ef087e05742f2b803829b9a18fb69,1,43.99999999999999,0.0,iron,94.19585685478523,36
2859.549639888108,6,Night,960ef087e05742f2b803829b9a18fb69,1,43.99999999999999,0.0,iron,94.19585685478523,36
2860.5552193066105,6,Night,960ef087e05742f2b803829b9a18fb69,1,43.99999999999999,0.0,iron,94.19585685478523,36
2861.563323845621,6,Night,960ef087e05742f2b803829b9a18fb69,1,43.99999999999999,0.0,iron,94.19585685478523,36
2862.5657838401385,6,Night,960ef087e05742f2b803829b9a18fb69,1,43.99999999999999,0.0,iron,94.19585685478523,36
2863.568318346981,6,Night,960ef087e05742f2b803829b9a18fb69,1,43.99999999999999,0.0,iron,94.19585685478523,31
2864.57119071763,6,Night,960ef087e05742f2b803829b9a18fb69,1,43.99999999999999,0.0,iron,94.19585685478523,31
2865.57553834375,6,Night,960ef087e05742f2b803829b9a18fb69,1,43.99999999999999,0.0,iron,94.19585685478523,31
2866.576945892535,6,Night,960ef087e05742f2b803829b9a18fb69,1,43.99999999999999,0.0,iron,94.19585685478523,31
2867.578448762186,6,Night,960ef087e05742f2b803829b9a18fb69,1,43.99999999999999,0.0,iron,89.45934583665803,31
2868.579767889809,6,Night,960ef087e05742f2b803829b9a18fb69,1,43.99999999999999,0.0,iron,86.60550020402297,27
2869.5807375954464,6,Night,960ef087e05742f2b803829b9a18fb69,1,43.99999999999999,0.0,iron,86.60550020402297,27
2870.5843916404992,6,Night,960ef087e05742f2b803829b9a18fb69,1,43.99999999999999,0.0,iron,86.60550020402297,27
2871.585572055541,6,Night,960ef087e05742f2b803829b9a18fb69,1,43.99999999999999,0.0,iron,86.60550020402297,21
2872.590456845239,6,Night,960ef087e05742f2b803829b9a18fb69,2,43.99999999999999,30.0,iron,86.60550020402297,21
2873.5968181425706,6,Night,960ef087e05742f2b803829b9a18fb69,2,43.99999999999999,30.0,iron,86.60550020402297,17
2874.601562638767,6,Night,960ef087e05742f2b803829b9a18fb69,2,43.99999999999999,30.0,iron,86.60550020402297,17
2875.6053560995497,6,Night,960ef087e05742f2b803829b9a18fb69,2,43.99999999999999,30.0,iron,86.60550020402297,17
2876.612814349588,6,Night,960ef087e05742f2b803829b9a18fb69,2,43.99999999999999,30.0,iron,86.60550020402297,16
2877.6139147258364,6,Night,960ef087e05742f2b803829b9a18fb69,2,43.99999999999999,30.0,iron,86.60550020402297,10
2878.6156269754283,6,Night,960ef087e05742f2b803829b9a18fb69,2,43.99999999999999,30.0,iron,86.60550020402297,6
2879.6206492693163,6,Night,960ef087e05742f2b803829b9a18fb69,2,43.99999999999999,30.0,iron,86.60550020402297,6
2880.624002433382,7,Day,960ef087e05742f2b803829b9a18fb69,2,43.99999999999999,30.0,iron,86.60550020402297,6
2881.624024726916,7,Day,960ef087e05742f2b803829b9a18fb69,2,43.99999999999999,30.0,iron,86.60550020402297,4
2882.6260588876903,7,Day,960ef087e05742f2b803829b9a18fb69,1,42.599999999999994,30.0,iron,86.21302001411095,4
2883.6303950529546,7,Day,960ef087e05742f2b803829b9a18fb69,1,42.599999999999994,30.0,iron,86.21302001411095,0
2884.6354368506,7,Day,960ef087e05742f2b803829b9a18fb69,1,42.599999999999994,30.0,iron,86.21302001411095,0
2885.641589344479,7,Day,960ef087e05742f2b803829b9a18fb69,1,42.599999999999994,30.0,iron,86.21302001411095,0
2886.6446155970916,7,Day,960ef087e05742f2b803829b9a18fb69,1,42.599999999999994,30.0,iron,86.21302001411095,0
2887.649651227519,7,Day,960ef087e05742f2b803829b9a18fb69,2,42.599999999999994,0.0,iron,86.21302001411095,0
2888.652073062025,7,Day,960ef087e05742f2b803829b9a18fb69,2,42.599999999999994,0.0,iron,86.21302001411095,0
2889.659242896829,7,Day,960ef087e05742f2b803829b9a18fb69,2,42.599999999999994,0.0,iron,86.21302001411095,0
2890.6660258984193,7,Day,960ef087e05742f2b803829b9a18fb69,2,42.599999999999994,0.0,iron,86.21302001411095,0
2891.6675291070715,7,Day,960ef087e05742f2b803829b9a18fb69,2,42.599999999999994,0.0,iron,86.21302001411095,0
2892.6702346932143,7,Day,960ef087e05742f2b803829b9a18fb69,2,42.599999999999994,0.0,iron,86.21302001411095,0
2893.6720521557145,7,Day,960ef087e05742f2b803829b9a18fb69,2,42.599999999999994,0.0,iron,86.21302001411095,0
2894.677385733463,7,Day,960ef087e05742f2b803829b9a18fb69,2,42.599999999999994,0.0,iron,86.21302001411095,0
2895.684089313727,7,Day,960ef087e05742f2b803829b9a18fb69,2,42.599999999999994,0.0,iron,86.21302001411095,0
2896.6871694391593,7,Day,960ef087e05742f2b803829b9a18fb69,2,42.599999999999994,0.0,iron,86.21302001411095,0
2897.694120315835,7,Day,960ef087e05742f2b803829b9a18fb69,1,39.99999999999999,0.0,iron,86.21302001411095,0
2898.697810150683,7,Day,960ef087e05742f2b803829b9a18fb69,1,39.99999999999999,0.0,iron,86.21302001411095,0
2899.6989396517165,7,Day,960ef087e05742f2b803829b9a18fb69,1,39.99999999999999,0.0,iron,86.21302001411095,0
2900.699380522594,7,Day,960ef087e05742f2b803829b9a18fb69,1,39.99999999999999,0.0,iron,86.21302001411095,0
2901.702666099649,7,Day,960ef087e05742f2b803829b9a18fb69,1,39.99999999999999,0.0,iron,86.21302001411095,0
2902.7040718975477,7,Day,960ef087e05742f2b803829b9a18fb69,1,39.99999999999999,0.0,iron,86.21302001411095,0
2903.7113065607846,7,Day,960ef087e05742f2b803829b9a18fb69,1,39.99999999999999,0.0,iron,86.21302001411095,0
2904.7113696876913,7,Day,960ef087e05742f2b803829b9a18fb69,1,39.99999999999999,0.0,iron,86.21302001411095,0
2905.713362976443,7,Day,960ef087e05742f2b803829b9a18fb69,1,39.99999999999999,0.0,iron,86.21302001411095,0
2906.715575899463,7,Day,960ef087e05742f2b803829b9a18fb69,1,39.99999999999999,0.0,iron,86.21302001411095,0
2907.7210749848746,7,Day,960ef087e05742f2b803829b9a18fb69,1,39.99999999999999,0.0,iron,86.21302001411095,0
2908.727649435401,7,Day,960ef087e05742f2b803829b9a18fb69,1,39.99999999999999,0.0,iron,86.21302001411095,0
2909.7299736789428,7,Day,960ef087e05742f2b803829b9a18fb69,1,39.99999999999999,0.0,iron,86.21302001411095,0
2910.7352786413394,7,Day,960ef087e05742f2b803829b9a18fb69,1,39.99999999999999,0.0,iron,86.21302001411095,0
2911.7375709740445,7,Day,960ef087e05742f2b803829b9a18fb69,1,39.99999999999999,0.0,iron,86.21302001411095,0
2912.742467140779,7,Day,960ef087e05742f2b803829b9a18fb69,1,39.99999999999999,0.0,iron,86.21302001411095,0
2913.743764396291,7,Day,960ef087e05742f2b803829b9a18fb69,1,39.99999999999999,0.0,iron,86.21302001411095,0
2914.7456564335153,7,Day,960ef087e05742f2b803829b9a18fb69,2,39.99999999999999,30.0,iron,86.21302001411095,0
2915.7530438899994,7,Day,960ef087e05742f2b803829b9a18fb69,2,39.99999999999999,30.0,iron,86.21302001411095,0
2916.7539289747365,7,Day,960ef087e05742f2b803829b9a18fb69,2,39.99999999999999,30.0,iron,86.21302001411095,0
2917.7539683966897,7,Day,960ef087e05742f2b803829b9a18fb69,2,39.99999999999999,30.0,iron,86.21302001411095,0
2918.75927785784,7,Day,960ef087e05742f2b803829b9a18fb69,2,39.99999999999999,30.0,iron,86.21302001411095,0
2919.766694062855,7,Day,960ef087e05742f2b803829b9a18fb69,2,39.99999999999999,30.0,iron,86.21302001411095,0
2920.7728365259245,7,Day,960ef087e05742f2b803829b9a18fb69,2,39.99999999999999,30.0,iron,86.21302001411095,0
2921.7795101054944,7,Day,960ef087e05742f2b803829b9a18fb69,2,39.99999999999999,30.0,iron,86.21302001411095,0
2922.785581183154,7,Day,960ef087e05742f2b803829b9a18fb69,2,39.99999999999999,30.0,iron,86.21302001411095,0
2923.7898029708304,7,Day,960ef087e05742f2b803829b9a18fb69,2,39.99999999999999,30.0,iron,86.21302001411095,0
2924.79736959422,7,Day,960ef087e05742f2b803829b9a18fb69,1,38.599999999999994,30.0,iron,86.21302001411095,0
2925.8034109254368,7,Day,960ef087e05742f2b803829b9a18fb69,1,38.599999999999994,30.0,iron,86.21302001411095,0
2926.808541635517,7,Day,960ef087e05742f2b803829b9a18fb69,1,38.599999999999994,30.0,iron,86.21302001411095,0
2927.8114667674527,7,Day,960ef087e05742f2b803829b9a18fb69,1,38.599999999999994,30.0,iron,86.21302001411095,0
2928.8150178059004,7,Day,960ef087e05742f2b803829b9a18fb69,1,38.599999999999994,30.0,iron,86.21302001411095,0
2929.818261730019,7,Day,960ef087e05742f2b803829b9a18fb69,2,38.599999999999994,0.0,iron,86.21302001411095,0
2930.8208929356188,7,Day,960ef087e05742f2b803829b9a18fb69,2,38.599999999999994,0.0,iron,86.21302001411095,0
2931.8208539313637,7,Day,960ef087e05742f2b803829b9a18fb69,2,38.599999999999994,0.0,iron,86.21302001411095,0
2932.8213406056166,7,Day,960ef087e05742f2b803829b9a18fb69,2,38.599999999999994,0.0,iron,86.21302001411095,0
2933.826564316172,7,Day,960ef087e05742f2b803829b9a18fb69,2,38.599999999999994,0.0,iron,86.21302001411095,0
2934.829416485969,7,Day,960ef087e05742f2b803829b9a18fb69,2,38.599999999999994,0.0,iron,86.21302001411095,0
2935.8356191962957,7,Day,960ef087e05742f2b803829b9a18fb69,2,38.599999999999994,0.0,iron,86.21302001411095,0
2936.8356292466633,7,Day,960ef087e05742f2b803829b9a18fb69,2,38.599999999999994,0.0,iron,86.21302001411095,0
2937.8377950363792,7,Day,960ef087e05742f2b803829b9a18fb69,2,38.599999999999994,0.0,iron,86.21302001411095,0
2938.8435094137676,7,Day,960ef087e05742f2b803829b9a18fb69,2,38.599999999999994,0.0,iron,86.21302001411095,0
2939.846997944638,7,Day,960ef087e05742f2b803829b9a18fb69,1,35.99999999999999,0.0,iron,86.21302001411095,0
2940.8511082744226,7,Day,960ef087e05742f2b803829b9a18fb69,1,35.99999999999999,0.0,iron,86.21302001411095,0
2941.8523941487074,7,Day,960ef087e05742f2b803829b9a18fb69,1,35.99999999999999,0.0,iron,86.21302001411095,0
2942.852865061257,7,Day,960ef087e05742f2b803829b9a18fb69,1,35.99999999999999,0.0,iron,86.21302001411095,0
2943.8581195231527,7,Day,960ef087e05742f2b803829b9a18fb69,1,35.99999999999999,0.0,iron,86.21302001411095,0
2944.8645841036923,7,Day,960ef087e05742f2b803829b9a18fb69,1,35.99999999999999,0.0,iron,86.21302001411095,0
2945.8706253515556,7,Day,960ef087e05742f2b803829b9a18fb69,1,35.99999999999999,0.0,iron,86.21302001411095,0
2946.8728138888255,7,Day,960ef087e05742f2b803829b9a18fb69,1,35.99999999999999,0.0,iron,86.21302001411095,0
2947.8783462652937,7,Day,960ef087e05742f2b803829b9a18fb69,1,35.99999999999999,0.0,iron,86.21302001411095,0
2948.881658470724,7,Day,960ef087e05742f2b803829b9a18fb69,1,35.99999999999999,0.0,iron,86.21302001411095,0
2949.8865513922647,7,Day,960ef087e05742f2b803829b9a18fb69,1,35.99999999999999,0.0,iron,86.21302001411095,0
2950.8930724728853,7,Day,960ef087e05742f2b803829b9a18fb69,1,35.99999999999999,0.0,iron,86.21302001411095,0
2951.8947418886237,7,Day,960ef087e05742f2b803829b9a18fb69,1,35.99999999999999,0.0,iron,86.21302001411095,0
2952.9009373891167,7,Day,960ef087e05742f2b803829b9a18fb69,1,35.99999999999999,0.0,iron,86.21302001411095,0
2953.9070305596106,7,Day,960ef087e05742f2b803829b9a18fb69,1,35.99999999999999,0.0,iron,86.21302001411095,0
2954.9093660553917,7,Day,960ef087e05742f2b803829b9a18fb69,1,35.99999999999999,0.0,iron,86.21302001411095,0
2955.9143758458085,7,Day,960ef087e05742f2b803829b9a18fb69,1,35.99999999999999,0.0,iron,86.21302001411095,0
2956.915209548548,7,Day,960ef087e05742f2b803829b9a18fb69,2,35.99999999999999,30.0,iron,86.21302001411095,0
2957.920415462926,7,Day,960ef087e05742f2b803829b9a18fb69,2,35.99999999999999,30.0,iron,86.21302001411095,0
2958.92690696707,7,Day,960ef087e05742f2b803829b9a18fb69,2,35.99999999999999,30.0,iron,86.21302001411095,0
2959.9338553827256,7,Day,960ef087e05742f2b803829b9a18fb69,2,35.99999999999999,30.0,iron,86.21302001411095,0
2960.9345409707166,7,Day,960ef087e05742f2b803829b9a18fb69,2,35.99999999999999,30.0,iron,86.21302001411095,0
2961.937802720815,7,Day,960ef087e05742f2b803829b9a18fb69,2,35.99999999999999,30.0,iron,86.21302001411095,0
2962.94358292548,7,Day,960ef087e05742f2b803829b9a18fb69,2,35.99999999999999,30.0,iron,86.21302001411095,0
2963.951039047446,7,Day,960ef087e05742f2b803829b9a18fb69,2,35.99999999999999,30.0,iron,86.21302001411095,0
2964.957048422657,7,Day,960ef087e05742f2b803829b9a18fb69,2,35.99999999999999,30.0,iron,86.21302001411095,0
2965.9571164231747,7,Day,960ef087e05742f2b803829b9a18fb69,2,35.99999999999999,30.0,iron,86.21302001411095,0
2966.9650175962597,7,Day,960ef087e05742f2b803829b9a18fb69,1,34.599999999999994,30.0,iron,86.21302001411095,0
2967.9695000560023,7,Day,960ef087e05742f2b803829b9a18fb69,1,34.599999999999994,30.0,iron,86.21302001411095,0
2968.97518230509,7,Day,960ef087e05742f2b803829b9a18fb69,1,34.599999999999994,30.0,iron,86.21302001411095,0
2969.9779679314233,7,Day,960ef087e05742f2b803829b9a18fb69,1,34.599999999999994,30.0,iron,86.21302001411095,0
2970.9786771791987,7,Day,960ef087e05742f2b803829b9a18fb69,1,34.599999999999994,30.0,iron,86.21302001411095,0
2971.9859973439015,7,Day,960ef087e05742f2b803829b9a18fb69,2,34.599999999999994,0.0,iron,86.21302001411095,0
2972.992080802098,7,Day,960ef087e05742f2b803829b9a18fb69,2,34.599999999999994,0.0,iron,86.21302001411095,0
2973.993503209669,7,Day,960ef087e05742f2b803829b9a18fb69,2,34.599999999999994,0.0,iron,86.21302001411095,0
2974.999061252456,7,Day,960ef087e05742f2b803829b9a18fb69,2,34.599999999999994,0.0,iron,86.21302001411095,0
2976.0026941690594,7,Day,960ef087e05742f2b803829b9a18fb69,2,34.599999999999994,0.0,iron,86.21302001411095,0
2977.009302919265,7,Day,960ef087e05742f2b803829b9a18fb69,2,34.599999999999994,0.0,iron,86.21302001411095,0
2978.0118506322615,7,Day,960ef087e05742f2b803829b9a18fb69,2,34.599999999999994,0.0,iron,86.21302001411095,0
2979.0156072606333,7,Day,960ef087e05742f2b803829b9a18fb69,2,34.599999999999994,0.0,iron,86.21302001411095,0
2980.016454134602,7,Day,960ef087e05742f2b803829b9a18fb69,2,34.599999999999994,0.0,iron,86.21302001411095,0
2981.0183109240606,7,Day,960ef087e05742f2b803829b9a18fb69,2,34.599999999999994,0.0,iron,86.21302001411095,0
2982.024119550828,7,Day,960ef087e05742f2b803829b9a18fb69,1,31.999999999999993,0.0,iron,86.21302001411095,0
2983.0284422193654,7,Day,960ef087e05742f2b803829b9a18fb69,1,31.999999999999993,0.0,iron,86.21302001411095,0
2984.0357543453574,7,Day,960ef087e05742f2b803829b9a18fb69,1,31.999999999999993,0.0,iron,86.21302001411095,0
2985.041110886261,7,Day,960ef087e05742f2b803829b9a18fb69,1,31.999999999999993,0.0,iron,86.21302001411095,0
2986.048019595444,7,Day,960ef087e05742f2b803829b9a18fb69,1,31.999999999999993,0.0,iron,86.21302001411095,0
2987.050636595115,7,Day,960ef087e05742f2b803829b9a18fb69,1,31.999999999999993,0.0,iron,86.21302001411095,0
2988.0554689313285,7,Day,960ef087e05742f2b803829b9a18fb69,1,31.999999999999993,0.0,iron,86.21302001411095,0
2989.0614835554734,7,Day,960ef087e05742f2b803829b9a18fb69,1,31.999999999999993,0.0,iron,86.21302001411095,0
2990.064037892036,7,Day,960ef087e05742f2b803829b9a18fb69,1,31.999999999999993,0.0,iron,86.21302001411095,0
2991.0668463027105,7,Day,960ef087e05742f2b803829b9a18fb69,1,31.999999999999993,0.0,iron,86.21302001411095,0
2992.071081803646,7,Day,960ef087e05742f2b803829b9a18fb69,1,31.999999999999993,0.0,iron,86.21302001411095,0
2993.072905424051,7,Day,960ef087e05742f2b803829b9a18fb69,1,31.999999999999993,0.0,iron,86.21302001411095,0
2994.0744432965294,7,Day,960ef087e05742f2b803829b9a18fb69,1,31.999999999999993,0.0,iron,86.21302001411095,0
2995.075075550005,7,Day,960ef087e05742f2b803829b9a18fb69,1,31.999999999999993,0.0,iron,86.21302001411095,0
2996.08145929873,7,Day,960ef087e05742f2b803829b9a18fb69,1,31.999999999999993,0.0,iron,86.21302001411095,0
2997.0817673443817,7,Day,960ef087e05742f2b803829b9a18fb69,1,31.999999999999993,0.0,iron,86.21302001411095,0
2998.084337626584,7,Day,960ef087e05742f2b803829b9a18fb69,1,31.999999999999993,0.0,iron,86.21302001411095,0
2999.0847998834215,7,Day,960ef087e05742f2b803829b9a18fb69,2,31.999999999999993,30.0,iron,86.21302001411095,0
3000.089498635847,7,Day,960ef087e05742f2b803829b9a18fb69,2,31.999999999999993,30.0,iron,86.21302001411095,0
3001.09329225868,7,Day,960ef087e05742f2b803829b9a18fb69,2,31.999999999999993,30.0,iron,86.21302001411095,0
3002.100831970107,7,Day,960ef087e05742f2b803829b9a18fb69,2,31.999999999999993,30.0,iron,86.21302001411095,0
3003.072156385053,7,Day,960ef087e05742f2b803829b9a18fb69,2,31.999999999999993,30.0,iron,86.21302001411095,0
3004.18535030121,7,Day,960ef087e05742f2b803829b9a18fb69,2,31.999999999999993,30.0,iron,86.21302001411095,0
3005.1915746754967,7,Day,960ef087e05742f2b803829b9a18fb69,2,31.999999999999993,30.0,iron,86.21302001411095,0
3006.1974600083195,7,Day,960ef087e05742f2b803829b9a18fb69,2,31.999999999999993,30.0,iron,86.21302001411095,0
3007.198632006068,7,Day,960ef087e05742f2b803829b9a18fb69,2,31.999999999999993,30.0,iron,86.21302001411095,0
3008.205043792259,7,Day,960ef087e05742f2b803829b9a18fb69,2,31.999999999999993,30.0,iron,86.21302001411095,0
3009.206157753244,7,Day,960ef087e05742f2b803829b9a18fb69,1,30.599999999999994,30.0,iron,86.21302001411095,0
3010.2112725912593,7,Day,960ef087e05742f2b803829b9a18fb69,1,30.599999999999994,30.0,iron,86.21302001411095,0
3011.21809159033,7,Day,960ef087e05742f2b803829b9a18fb69,1,30.599999999999994,30.0,iron,86.21302001411095,0
3012.2187981777824,7,Day,960ef087e05742f2b803829b9a18fb69,1,30.599999999999994,30.0,iron,86.21302001411095,0
3013.2228526803665,7,Day,960ef087e05742f2b803829b9a18fb69,1,30.599999999999994,30.0,iron,86.21302001411095,0
3014.2266117227264,7,Day,960ef087e05742f2b803829b9a18fb69,2,30.599999999999994,0.0,iron,86.21302001411095,0
3015.2283983044326,7,Day,960ef087e05742f2b803829b9a18fb69,2,30.599999999999994,0.0,iron,86.21302001411095,0
3016.230704763904,7,Day,960ef087e05742f2b803829b9a18fb69,2,30.599999999999994,0.0,iron,86.21302001411095,0
3017.237480519805,7,Day,960ef087e05742f2b803829b9a18fb69,2,30.599999999999994,0.0,iron,86.21302001411095,0
3018.2428448558785,7,Day,960ef087e05742f2b803829b9a18fb69,2,30.599999999999994,0.0,iron,86.21302001411095,0
3019.2457799324766,7,Day,960ef087e05742f2b803829b9a18fb69,2,30.599999999999994,0.0,iron,86.21302001411095,0
3020.2520410190336,7,Day,960ef087e05742f2b803829b9a18fb69,2,30.599999999999994,0.0,iron,86.21302001411095,0
3021.2583306455053,7,Day,960ef087e05742f2b803829b9a18fb69,2,30.599999999999994,0.0,iron,86.21302001411095,0
3022.265350934118,7,Day,960ef087e05742f2b803829b9a18fb69,2,30.599999999999994,0.0,iron,86.21302001411095,0
3023.267833935097,7,Day,960ef087e05742f2b803829b9a18fb69,2,30.599999999999994,0.0,iron,86.21302001411095,0
3024.2749658902176,7,Day,960ef087e05742f2b803829b9a18fb69,1,27.999999999999993,0.0,iron,86.21302001411095,0
3025.277078592684,7,Day,960ef087e05742f2b803829b9a18fb69,1,27.999999999999993,0.0,iron,86.21302001411095,0
3026.27797529893,7,Day,960ef087e05742f2b803829b9a18fb69,1,27.999999999999993,0.0,iron,86.21302001411095,0
3027.282620173879,7,Day,960ef087e05742f2b803829b9a18fb69,1,27.999999999999993,0.0,iron,86.21302001411095,0
3028.2831291756593,7,Day,960ef087e05742f2b803829b9a18fb69,1,27.999999999999993,0.0,iron,86.21302001411095,0
3029.2880955440924,7,Day,960ef087e05742f2b803829b9a18fb69,1,27.999999999999993,0.0,iron,86.21302001411095,0
3030.2889545061626,7,Day,960ef087e05742f2b803829b9a18fb69,1,27.999999999999993,0.0,iron,86.21302001411095,0
3031.2898455820978,7,Day,960ef087e05742f2b803829b9a18fb69,1,27.999999999999993,0.0,iron,86.21302001411095,0
3032.294796253089,7,Day,960ef087e05742f2b803829b9a18fb69,1,27.999999999999993,0.0,iron,86.21302001411095,0
3033.302627507597,7,Day,960ef087e05742f2b803829b9a18fb69,1,27.999999999999993,0.0,iron,86.21302001411095,0
3034.3038258329034,7,Day,960ef087e05742f2b803829b9a18fb69,1,27.999999999999993,0.0,iron,86.21302001411095,0
3035.30611554347,7,Day,960ef087e05742f2b803829b9a18fb69,1,27.999999999999993,0.0,iron,86.21302001411095,0
3036.310696333181,7,Day,960ef087e05742f2b803829b9a18fb69,1,27.999999999999993,0.0,iron,86.21302001411095,0
3037.314680961892,7,Day,960ef087e05742f2b803829b9a18fb69,1,27.999999999999993,0.0,iron,86.21302001411095,0
3038.317622039467,7,Day,960ef087e05742f2b803829b9a18fb69,1,27.999999999999993,0.0,iron,86.21302001411095,0
3039.323428792879,7,Day,960ef087e05742f2b803829b9a18fb69,1,27.999999999999993,0.0,iron,86.21302001411095,0
3040.452866080217,7,Day,960ef087e05742f2b803829b9a18fb69,2,27.999999999999993,30.0,iron,86.21302001411095,0
3041.4583278717473,7,Day,960ef087e05742f2b803829b9a18fb69,2,27.999999999999993,30.0,iron,86.21302001411095,0
3042.458485708572,7,Day,960ef087e05742f2b803829b9a18fb69,2,27.999999999999993,30.0,iron,86.21302001411095,0
3043.462004878558,7,Day,960ef087e05742f2b803829b9a18fb69,2,27.999999999999993,30.0,iron,86.21302001411095,0
3044.4692299561575,7,Day,960ef087e05742f2b803829b9a18fb69,2,27.999999999999993,30.0,iron,86.21302001411095,0
3045.4738195021637,7,Day,960ef087e05742f2b803829b9a18fb69,2,27.999999999999993,30.0,iron,86.21302001411095,0
3046.481496457476,7,Day,960ef087e05742f2b803829b9a18fb69,2,27.999999999999993,30.0,iron,86.21302001411095,0
3047.4854710400105,7,Day,960ef087e05742f2b803829b9a18fb69,2,27.999999999999993,30.0,iron,86.21302001411095,0
3048.4927046652883,7,Day,960ef087e05742f2b803829b9a18fb69,2,27.999999999999993,30.0,iron,86.21302001411095,0
3049.5004689563066,7,Day,960ef087e05742f2b803829b9a18fb69,2,27.999999999999993,30.0,iron,86.21302001411095,0
3050.5025450899266,7,Day,960ef087e05742f2b803829b9a18fb69,1,26.599999999999994,30.0,iron,86.21302001411095,0
3051.5091740107164,7,Day,960ef087e05742f2b803829b9a18fb69,1,26.599999999999994,30.0,iron,86.21302001411095,0
3052.5109685901552,7,Day,960ef087e05742f2b803829b9a18fb69,1,26.599999999999994,30.0,iron,86.21302001411095,0
3053.5180020043626,7,Day,960ef087e05742f2b803829b9a18fb69,1,26.599999999999994,30.0,iron,86.21302001411095,0
3054.518107003998,7,Day,960ef087e05742f2b803829b9a18fb69,1,26.599999999999994,30.0,iron,86.21302001411095,0
3055.527181411162,7,Day,960ef087e05742f2b803829b9a18fb69,2,26.599999999999994,0.0,iron,86.21302001411095,0
3056.532055745367,7,Day,960ef087e05742f2b803829b9a18fb69,2,26.599999999999994,0.0,iron,86.21302001411095,0
3057.5351112443022,7,Day,960ef087e05742f2b803829b9a18fb69,2,26.599999999999994,0.0,iron,86.21302001411095,0
3058.5415431270376,7,Day,960ef087e05742f2b803829b9a18fb69,2,26.599999999999994,0.0,iron,86.21302001411095,0
3059.5418374161236,7,Day,960ef087e05742f2b803829b9a18fb69,2,26.599999999999994,0.0,iron,86.21302001411095,0
3060.5425350856967,7,Day,960ef087e05742f2b803829b9a18fb69,2,26.599999999999994,0.0,iron,86.21302001411095,0
3061.549444203265,7,Day,960ef087e05742f2b803829b9a18fb69,2,26.599999999999994,0.0,iron,86.21302001411095,0
3062.5503297494724,7,Day,960ef087e05742f2b803829b9a18fb69,2,26.599999999999994,0.0,iron,86.21302001411095,0
3063.5557291652076,7,Day,960ef087e05742f2b803829b9a18fb69,2,26.599999999999994,0.0,iron,86.21302001411095,0
3064.5624014525674,7,Day,960ef087e05742f2b803829b9a18fb69,2,26.599999999999994,0.0,iron,86.21302001411095,0
3065.5685168341734,7,Day,960ef087e05742f2b803829b9a18fb69,1,23.999999999999993,0.0,iron,86.21302001411095,0
3066.571372626815,7,Day,960ef087e05742f2b803829b9a18fb69,1,23.999999999999993,0.0,iron,86.21302001411095,0
3067.5760358725674,7,Day,960ef087e05742f2b803829b9a18fb69,1,23.999999999999993,0.0,iron,86.21302001411095,0
3068.579871083144,7,Day,960ef087e05742f2b803829b9a18fb69,1,23.999999999999993,0.0,iron,86.21302001411095,0
3069.580463751685,7,Day,960ef087e05742f2b803829b9a18fb69,1,23.999999999999993,0.0,iron,86.21302001411095,0
3070.5868695033714,7,Day,960ef087e05742f2b803829b9a18fb69,1,23.999999999999993,0.0,iron,86.21302001411095,0
3071.5902506676503,7,Day,960ef087e05742f2b803829b9a18fb69,1,23.999999999999993,0.0,iron,86.21302001411095,0
3072.5928382873535,7,Day,960ef087e05742f2b803829b9a18fb69,1,23.999999999999993,0.0,iron,86.21302001411095,0
3073.592954543419,7,Day,960ef087e05742f2b803829b9a18fb69,1,23.999999999999993,0.0,iron,86.21302001411095,0
3074.5948515790515,7,Day,960ef087e05742f2b803829b9a18fb69,1,23.999999999999993,0.0,iron,86.21302001411095,0
3075.6001811660826,7,Day,960ef087e05742f2b803829b9a18fb69,1,23.999999999999993,0.0,iron,86.21302001411095,0
3076.601109295152,7,Day,960ef087e05742f2b803829b9a18fb69,1,23.999999999999993,0.0,iron,86.21302001411095,0
3077.60132266907,7,Day,960ef087e05742f2b803829b9a18fb69,1,23.999999999999993,0.0,iron,86.21302001411095,0
3078.606736464426,7,Day,960ef087e05742f2b803829b9a18fb69,1,23.999999999999993,0.0,iron,86.21302001411095,0
3079.610438504722,7,Day,960ef087e05742f2b803829b9a18fb69,1,23.999999999999993,0.0,iron,86.21302001411095,0
3080.6170042180456,7,Day,960ef087e05742f2b803829b9a18fb69,1,23.999999999999993,0.0,iron,86.21302001411095,0
3081.621249342803,7,Day,960ef087e05742f2b803829b9a18fb69,1,23.999999999999993,0.0,iron,86.21302001411095,0
3082.624915466178,7,Day,960ef087e05742f2b803829b9a18fb69,2,23.999999999999993,30.0,iron,86.21302001411095,0
3083.627193428576,7,Day,960ef087e05742f2b803829b9a18fb69,2,23.999999999999993,30.0,iron,86.21302001411095,0
3084.6291294656694,7,Day,960ef087e05742f2b803829b9a18fb69,2,23.999999999999993,30.0,iron,86.21302001411095,0
3085.6364390039816,7,Day,960ef087e05742f2b803829b9a18fb69,2,23.999999999999993,30.0,iron,86.21302001411095,0
3086.637125675101,7,Day,960ef087e05742f2b803829b9a18fb69,2,23.999999999999993,30.0,iron,86.21302001411095,0
3087.6391483005136,7,Day,960ef087e05742f2b803829b9a18fb69,2,23.999999999999993,30.0,iron,86.21302001411095,0
3088.6406891280785,7,Day,960ef087e05742f2b803829b9a18fb69,2,23.999999999999993,30.0,iron,86.21302001411095,0
3089.6437597572803,7,Day,960ef087e05742f2b803829b9a18fb69,2,23.999999999999993,30.0,iron,86.21302001411095,0
3090.6511600073427,7,Day,960ef087e05742f2b803829b9a18fb69,2,23.999999999999993,30.0,iron,86.21302001411095,0
3091.6577542587183,7,Day,960ef087e05742f2b803829b9a18fb69,2,23.999999999999993,30.0,iron,86.21302001411095,0
3092.658237508498,7,Day,960ef087e05742f2b803829b9a18fb69,1,22.599999999999994,30.0,iron,86.21302001411095,0
3093.6625520028174,7,Day,960ef087e05742f2b803829b9a18fb69,1,22.599999999999994,30.0,iron,86.21302001411095,0
3094.668628046289,7,Day,960ef087e05742f2b803829b9a18fb69,1,22.599999999999994,30.0,iron,86.21302001411095,0
3095.671056170482,7,Day,960ef087e05742f2b803829b9a18fb69,1,22.599999999999994,30.0,iron,86.21302001411095,0
3096.6772178797983,7,Day,960ef087e05742f2b803829b9a18fb69,1,22.599999999999994,30.0,iron,86.21302001411095,0
3097.678019384388,7,Day,960ef087e05742f2b803829b9a18fb69,2,22.599999999999994,0.0,iron,86.21302001411095,0
3098.681078257039,7,Day,960ef087e05742f2b803829b9a18fb69,2,22.599999999999994,0.0,iron,86.21302001411095,0
3099.6839757631533,7,Day,960ef087e05742f2b803829b9a18fb69,2,22.599999999999994,0.0,iron,86.21302001411095,0
3100.6892440929078,7,Day,960ef087e05742f2b803829b9a18fb69,2,22.599999999999994,0.0,iron,86.21302001411095,0
3101.6940805101767,7,Day,960ef087e05742f2b803829b9a18fb69,2,22.599999999999994,0.0,iron,86.21302001411095,0
3102.6996797989123,7,Day,960ef087e05742f2b803829b9a18fb69,2,22.599999999999994,0.0,iron,86.21302001411095,0
3103.7020751698874,7,Day,960ef087e05742f2b803829b9a18fb69,2,22.599999999999994,0.0,iron,86.21302001411095,0
3104.7055574581027,7,Day,960ef087e05742f2b803829b9a18fb69,2,22.599999999999994,0.0,iron,86.21302001411095,0
3105.7084573814645,7,Day,960ef087e05742f2b803829b9a18fb69,2,22.599999999999994,0.0,iron,86.21302001411095,0
3106.713855459355,7,Day,960ef087e05742f2b803829b9a18fb69,2,22.599999999999994,0.0,iron,86.21302001411095,0
3107.7204382186756,7,Day,960ef087e05742f2b803829b9a18fb69,3,19.999999999999993,0.0,iron,86.21302001411095,0
3108.7232096684165,7,Day,960ef087e05742f2b803829b9a18fb69,3,19.999999999999993,0.0,iron,86.21302001411095,0
3109.725849003531,7,Day,960ef087e05742f2b803829b9a18fb69,3,19.999999999999993,0.0,iron,86.21302001411095,0
3110.729819246102,7,Day,960ef087e05742f2b803829b9a18fb69,3,19.999999999999993,0.0,iron,86.21302001411095,0
3111.730640000198,7,Day,960ef087e05742f2b803829b9a18fb69,3,19.999999999999993,0.0,iron,86.21302001411095,0
3112.735258371569,7,Day,960ef087e05742f2b803829b9a18fb69,3,19.999999999999993,0.0,iron,86.21302001411095,0
3113.7357564987615,7,Day,960ef087e05742f2b803829b9a18fb69,3,19.999999999999993,0.0,iron,86.21302001411095,0
3114.74296558043,7,Day,960ef087e05742f2b803829b9a18fb69,3,19.999999999999993,0.0,iron,86.21302001411095,0
3115.746767115779,7,Day,960ef087e05742f2b803829b9a18fb69,3,19.999999999999993,0.0,iron,86.21302001411095,0
3116.752276491374,7,Day,960ef087e05742f2b803829b9a18fb69,3,19.999999999999993,0.0,iron,86.21302001411095,0
3117.7536339540966,7,Day,960ef087e05742f2b803829b9a18fb69,3,19.999999999999993,0.0,iron,86.21302001411095,0
3118.7570408280008,7,Day,960ef087e05742f2b803829b9a18fb69,3,19.999999999999993,0.0,iron,86.21302001411095,0
3119.7629834539257,7,Day,960ef087e05742f2b803829b9a18fb69,3,19.999999999999993,0.0,iron,86.21302001411095,0
3120.765261914581,7,Day,960ef087e05742f2b803829b9a18fb69,3,19.999999999999993,0.0,iron,86.21302001411095,0
3121.7661525816657,7,Day,960ef087e05742f2b803829b9a18fb69,3,19.999999999999993,0.0,iron,86.21302001411095,0
3122.7737130429596,7,Day,960ef087e05742f2b803829b9a18fb69,3,19.999999999999993,0.0,iron,86.21302001411095,0
3123.7806441630237,7,Day,960ef087e05742f2b803829b9a18fb69,3,19.999999999999993,0.0,iron,86.21302001411095,0
3124.787873409223,7,Day,960ef087e05742f2b803829b9a18fb69,2,70.0,30.0,iron,200.0,0
3125.7916595782153,7,Day,960ef087e05742f2b803829b9a18fb69,2,70.0,30.0,iron,200.0,0
3126.792500158306,7,Day,960ef087e05742f2b803829b9a18fb69,2,70.0,30.0,iron,200.0,0
3127.7956589516252,7,Day,960ef087e05742f2b803829b9a18fb69,2,70.0,30.0,iron,200.0,0
3128.802536991425,7,Day,960ef087e05742f2b803829b9a18fb69,2,70.0,30.0,iron,200.0,0
3129.806130700279,7,Day,960ef087e05742f2b803829b9a18fb69,2,70.0,30.0,iron,200.0,0
3130.8068677010015,7,Day,960ef087e05742f2b803829b9a18fb69,2,70.0,30.0,iron,200.0,0
3131.811532027088,7,Day,960ef087e05742f2b803829b9a18fb69,2,70.0,30.0,iron,200.0,0
3132.8196438197047,7,Day,960ef087e05742f2b803829b9a18fb69,2,70.0,30.0,iron,200.0,0
3133.8217905741185,7,Day,960ef087e05742f2b803829b9a18fb69,2,70.0,30.0,iron,200.0,0
3134.9389262772165,7,Day,960ef087e05742f2b803829b9a18fb69,1,68.6,30.0,iron,200.0,0
3135.945918447338,7,Day,960ef087e05742f2b803829b9a18fb69,1,68.6,30.0,iron,200.0,0
3136.9472239059396,7,Day,960ef087e05742f2b803829b9a18fb69,1,68.6,30.0,iron,200.0,0
3137.9517020317726,7,Day,960ef087e05742f2b803829b9a18fb69,1,68.6,30.0,iron,200.0,0
3138.95597169362,7,Day,960ef087e05742f2b803829b9a18fb69,1,68.6,30.0,iron,200.0,0
3139.9612562335096,7,Day,960ef087e05742f2b803829b9a18fb69,2,68.6,0.0,iron,200.0,0
3140.9654226079583,7,Day,960ef087e05742f2b803829b9a18fb69,2,68.6,0.0,iron,200.0,0
3141.972599361092,7,Day,960ef087e05742f2b803829b9a18fb69,2,68.6,0.0,iron,200.0,0
3142.976205647923,7,Day,960ef087e05742f2b803829b9a18fb69,2,68.6,0.0,iron,200.0,0
3143.9830841501243,7,Day,960ef087e05742f2b803829b9a18fb69,2,68.6,0.0,iron,200.0,0
3144.9875188525766,7,Day,960ef087e05742f2b803829b9a18fb69,2,68.6,0.0,iron,200.0,0
3145.994016692508,7,Day,960ef087e05742f2b803829b9a18fb69,2,68.6,0.0,iron,200.0,0
3146.9962988137268,7,Day,960ef087e05742f2b803829b9a18fb69,2,68.6,0.0,iron,200.0,0
3148.0001731510274,7,Day,960ef087e05742f2b803829b9a18fb69,2,68.6,0.0,iron,200.0,0
3149.0064401547424,7,Day,960ef087e05742f2b803829b9a18fb69,2,68.6,0.0,iron,200.0,0
3150.0114389425144,7,Day,960ef087e05742f2b803829b9a18fb69,1,66.0,0.0,iron,200.0,0
3151.0170492385514,7,Day,960ef087e05742f2b803829b9a18fb69,1,66.0,0.0,iron,200.0,0
3152.023438939359,7,Day,960ef087e05742f2b803829b9a18fb69,1,66.0,0.0,iron,200.0,0
3153.0303938570432,7,Day,960ef087e05742f2b803829b9a18fb69,1,66.0,0.0,iron,200.0,0
3154.0361445266753,7,Day,960ef087e05742f2b803829b9a18fb69,1,66.0,0.0,iron,200.0,0
3155.0415270351805,7,Day,960ef087e05742f2b803829b9a18fb69,1,66.0,0.0,iron,200.0,0
3156.0429397812113,7,Day,960ef087e05742f2b803829b9a18fb69,1,66.0,0.0,iron,200.0,0
3157.0484160673805,7,Day,960ef087e05742f2b803829b9a18fb69,1,66.0,0.0,iron,200.0,0
3158.0536708217114,7,Day,960ef087e05742f2b803829b9a18fb69,1,66.0,0.0,iron,200.0,0
3159.0567429438233,7,Day,960ef087e05742f2b803829b9a18fb69,1,66.0,0.0,iron,200.0,0
3160.06210752856,7,Day,960ef087e05742f2b803829b9a18fb69,1,66.0,0.0,iron,200.0,0
3161.0658684507944,7,Day,960ef087e05742f2b803829b9a18fb69,1,66.0,0.0,iron,200.0,0
3162.071374863852,7,Day,960ef087e05742f2b803829b9a18fb69,1,66.0,0.0,iron,200.0,0
3163.0769500341266,7,Day,960ef087e05742f2b803829b9a18fb69,1,66.0,0.0,iron,200.0,0
3164.0827554897405,7,Day,960ef087e05742f2b803829b9a18fb69,1,66.0,0.0,iron,200.0,0
3165.0870829527266,7,Day,960ef087e05742f2b803829b9a18fb69,1,66.0,0.0,iron,200.0,0
3166.092758994084,7,Day,960ef087e05742f2b803829b9a18fb69,1,66.0,0.0,iron,200.0,0
3167.094094831031,7,Day,960ef087e05742f2b803829b9a18fb69,2,66.0,30.0,iron,200.0,0
3168.095322828274,7,Day,960ef087e05742f2b803829b9a18fb69,2,66.0,30.0,iron,200.0,0
3169.1029143240303,7,Day,960ef087e05742f2b803829b9a18fb69,2,66.0,30.0,iron,200.0,0
3170.1045631198213,7,Day,960ef087e05742f2b803829b9a18fb69,2,66.0,30.0,iron,200.0,0
3171.109055457171,7,Day,960ef087e05742f2b803829b9a18fb69,2,66.0,30.0,iron,200.0,0
3172.1108201714233,7,Day,960ef087e05742f2b803829b9a18fb69,2,66.0,30.0,iron,200.0,0
3173.1118297176436,7,Day,960ef087e05742f2b803829b9a18fb69,2,66.0,30.0,iron,200.0,0
3174.1120944265276,7,Day,960ef087e05742f2b803829b9a18fb69,2,66.0,30.0,iron,200.0,0
3175.115173588041,7,Day,960ef087e05742f2b803829b9a18fb69,2,66.0,30.0,iron,200.0,0
3176.122527464293,7,Day,960ef087e05742f2b803829b9a18fb69,2,66.0,30.0,iron,200.0,0
3177.1261763819493,7,Day,960ef087e05742f2b803829b9a18fb69,1,64.6,30.0,iron,200.0,0
3178.1340042920783,7,Day,960ef087e05742f2b803829b9a18fb69,1,64.6,30.0,iron,200.0,0
3179.136039464269,7,Day,960ef087e05742f2b803829b9a18fb69,1,64.6,30.0,iron,200.0,0
3180.1523968055844,7,Night,960ef087e05742f2b803829b9a18fb69,1,64.6,30.0,iron,200.0,0
3181.1605670969,7,Night,960ef087e05742f2b803829b9a18fb69,1,64.6,30.0,iron,200.0,12
3182.16293294169,7,Night,960ef087e05742f2b803829b9a18fb69,2,64.6,0.0,iron,200.0,20
3183.164146941155,7,Night,960ef087e05742f2b803829b9a18fb69,2,64.6,0.0,iron,200.0,32
3184.1719286413863,7,Night,960ef087e05742f2b803829b9a18fb69,2,64.6,0.0,iron,200.0,40
3185.1776356869377,7,Night,960ef087e05742f2b803829b9a18fb69,2,64.6,0.0,iron,200.0,52
3186.184807848651,7,Night,960ef087e05742f2b803829b9a18fb69,2,64.6,0.0,iron,200.0,60
3187.1914953044616,7,Night,960ef087e05742f2b803829b9a18fb69,2,64.6,0.0,iron,200.0,72
3188.1938847652636,7,Night,960ef087e05742f2b803829b9a18fb69,2,64.6,0.0,iron,200.0,80
3189.195374973584,7,Night,960ef087e05742f2b803829b9a18fb69,2,64.6,0.0,iron,200.0,92
3190.2023628884926,7,Night,960ef087e05742f2b803829b9a18fb69,2,64.6,0.0,iron,200.0,104
3191.2087472602725,7,Night,960ef087e05742f2b803829b9a18fb69,2,64.6,0.0,iron,200.0,112
3192.215602508746,7,Night,960ef087e05742f2b803829b9a18fb69,1,61.99999999999999,0.0,iron,200.0,124
3193.221958502196,7,Night,960ef087e05742f2b803829b9a18fb69,1,61.99999999999999,0.0,iron,200.0,132
3194.2249285043217,7,Night,960ef087e05742f2b803829b9a18fb69,1,61.99999999999999,0.0,iron,200.0,144
3195.2322746268474,7,Night,960ef087e05742f2b803829b9a18fb69,1,61.99999999999999,0.0,iron,200.0,152
3196.233510333579,7,Night,960ef087e05742f2b803829b9a18fb69,1,61.99999999999999,0.0,iron,200.0,164
3197.2390512456186,7,Night,960ef087e05742f2b803829b9a18fb69,1,61.99999999999999,0.0,iron,200.0,172
3198.2449222500436,7,Night,960ef087e05742f2b803829b9a18fb69,1,61.99999999999999,0.0,iron,200.0,184
3199.251134539023,7,Night,960ef087e05742f2b803829b9a18fb69,1,61.99999999999999,0.0,iron,200.0,192
3200.2569232541136,7,Night,960ef087e05742f2b803829b9a18fb69,1,61.99999999999999,0.0,iron,200.0,204
3201.2613388733007,7,Night,960ef087e05742f2b803829b9a18fb69,1,61.99999999999999,0.0,iron,200.0,212
3202.265597920865,7,Night,960ef087e05742f2b803829b9a18fb69,1,61.99999999999999,0.0,iron,200.0,224
3203.2693078792654,7,Night,960ef087e05742f2b803829b9a18fb69,1,61.99999999999999,0.0,iron,200.0,232
3204.277354754973,7,Night,960ef087e05742f2b803829b9a18fb69,1,61.99999999999999,0.0,iron,200.0,244
3205.2848551278003,7,Night,960ef087e05742f2b803829b9a18fb69,1,61.99999999999999,0.0,iron,200.0,250
3206.2877316279337,7,Night,960ef087e05742f2b803829b9a18fb69,1,61.99999999999999,0.0,iron,200.0,250
3207.2900666706264,7,Night,960ef087e05742f2b803829b9a18fb69,1,61.99999999999999,0.0,iron,200.0,250
3208.2976015387103,7,Night,960ef087e05742f2b803829b9a18fb69,1,61.99999999999999,0.0,iron,200.0,250
3209.300349242054,7,Night,960ef087e05742f2b803829b9a18fb69,2,61.99999999999999,30.0,iron,200.0,250
3210.3051881538704,7,Night,960ef087e05742f2b803829b9a18fb69,2,61.99999999999999,30.0,iron,200.0,250
3211.306144987233,7,Night,960ef087e05742f2b803829b9a18fb69,2,61.99999999999999,30.0,iron,200.0,250
3212.3075483194552,7,Night,960ef087e05742f2b803829b9a18fb69,2,61.99999999999999,30.0,iron,200.0,250
3213.3123094453476,7,Night,960ef087e05742f2b803829b9a18fb69,2,61.99999999999999,30.0,iron,200.0,250
3214.316637281794,7,Night,960ef087e05742f2b803829b9a18fb69,2,61.99999999999999,30.0,iron,200.0,250
3215.3215373209678,7,Night,960ef087e05742f2b803829b9a18fb69,2,61.99999999999999,30.0,iron,200.0,250
3216.3272553235292,7,Night,960ef087e05742f2b803829b9a18fb69,2,61.99999999999999,30.0,iron,200.0,250
3217.3313466138206,7,Night,960ef087e05742f2b803829b9a18fb69,2,61.99999999999999,30.0,iron,200.0,250
3218.3337103617378,7,Night,960ef087e05742f2b803829b9a18fb69,2,61.99999999999999,30.0,iron,200.0,250
3219.335691529792,7,Night,960ef087e05742f2b803829b9a18fb69,1,60.599999999999994,30.0,iron,200.0,250
3220.340484444052,7,Night,960ef087e05742f2b803829b9a18fb69,1,60.599999999999994,30.0,iron,200.0,250
3221.347765656654,7,Night,960ef087e05742f2b803829b9a18fb69,1,60.599999999999994,30.0,iron,200.0,250
3222.3536370713264,7,Night,960ef087e05742f2b803829b9a18fb69,1,60.599999999999994,30.0,iron,200.0,250
3223.359025652986,7,Night,960ef087e05742f2b803829b9a18fb69,1,60.599999999999994,30.0,iron,200.0,250
3224.3638189365156,7,Night,960ef087e05742f2b803829b9a18fb69,2,60.599999999999994,0.0,iron,200.0,250
3225.364024392329,7,Night,960ef087e05742f2b803829b9a18fb69,2,60.599999999999994,0.0,iron,200.0,250
3226.3684188956395,7,Night,960ef087e05742f2b803829b9a18fb69,2,60.599999999999994,0.0,iron,200.0,250
3227.3719631503336,7,Night,960ef087e05742f2b803829b9a18fb69,2,60.599999999999994,0.0,iron,200.0,250
3228.3727796012536,7,Night,960ef087e05742f2b803829b9a18fb69,2,60.599999999999994,0.0,iron,200.0,250
3229.3780474793166,7,Night,960ef087e05742f2b803829b9a18fb69,2,60.599999999999994,0.0,iron,200.0,250
3230.3788408092223,7,Night,960ef087e05742f2b803829b9a18fb69,2,60.599999999999994,0.0,iron,200.0,250
3231.379078730941,7,Night,960ef087e05742f2b803829b9a18fb69,2,60.599999999999994,0.0,iron,200.0,250
3232.3816753546707,7,Night,960ef087e05742f2b803829b9a18fb69,2,60.599999999999994,0.0,iron,200.0,250
3233.388655683957,7,Night,960ef087e05742f2b803829b9a18fb69,2,60.599999999999994,0.0,iron,200.0,250
3234.3900460237637,7,Night,960ef087e05742f2b803829b9a18fb69,1,57.99999999999999,0.0,iron,200.0,250
3235.391294565052,7,Night,960ef087e05742f2b803829b9a18fb69,1,57.99999999999999,0.0,iron,200.0,250
3236.396337358281,7,Night,960ef087e05742f2b803829b9a18fb69,1,57.99999999999999,0.0,iron,200.0,248
3237.4015213563107,7,Night,960ef087e05742f2b803829b9a18fb69,1,57.99999999999999,0.0,iron,200.0,248
3238.4020558614284,7,Night,960ef087e05742f2b803829b9a18fb69,1,57.99999999999999,0.0,iron,200.0,248
3239.4045948255807,7,Night,960ef087e05742f2b803829b9a18fb69,1,57.99999999999999,0.0,iron,200.0,248
3240.4083857396618,7,Night,960ef087e05742f2b803829b9a18fb69,1,57.99999999999999,0.0,iron,200.0,248
3241.409327739384,7,Night,960ef087e05742f2b803829b9a18fb69,1,57.99999999999999,0.0,iron,200.0,245
3242.4145783628337,7,Night,960ef087e05742f2b803829b9a18fb69,1,57.99999999999999,0.0,iron,200.0,245
3243.4151766970754,7,Night,960ef087e05742f2b803829b9a18fb69,1,57.99999999999999,0.0,iron,200.0,245
3244.4152908627875,7,Night,960ef087e05742f2b803829b9a18fb69,1,57.99999999999999,0.0,iron,200.0,245
3245.4167825328186,7,Night,960ef087e05742f2b803829b9a18fb69,1,57.99999999999999,0.0,iron,200.0,245
3246.425286031794,7,Night,960ef087e05742f2b803829b9a18fb69,1,57.99999999999999,0.0,iron,200.0,240
3247.4314754880033,7,Night,960ef087e05742f2b803829b9a18fb69,1,57.99999999999999,0.0,iron,200.0,240
3248.4374744924717,7,Night,960ef087e05742f2b803829b9a18fb69,1,57.99999999999999,0.0,iron,200.0,240
3249.444296208676,7,Night,960ef087e05742f2b803829b9a18fb69,1,57.99999999999999,0.0,iron,200.0,240
3250.444564122241,7,Night,960ef087e05742f2b803829b9a18fb69,1,57.99999999999999,0.0,iron,200.0,240
3251.4514185721055,7,Night,960ef087e05742f2b803829b9a18fb69,2,57.99999999999999,30.0,iron,200.0,239
3252.452769869007,7,Night,960ef087e05742f2b803829b9a18fb69,2,57.99999999999999,30.0,iron,200.0,239
3253.4584607016295,7,Night,960ef087e05742f2b803829b9a18fb69,2,57.99999999999999,30.0,iron,200.0,233
3254.4588417457417,7,Night,960ef087e05742f2b803829b9a18fb69,2,57.99999999999999,30.0,iron,200.0,232
3255.464882869739,7,Night,960ef087e05742f2b803829b9a18fb69,2,57.99999999999999,30.0,iron,200.0,232
3256.4667982007377,7,Night,960ef087e05742f2b803829b9a18fb69,2,57.99999999999999,30.0,iron,200.0,221
3257.4708356559277,7,Night,960ef087e05742f2b803829b9a18fb69,2,57.99999999999999,30.0,iron,200.0,219
3258.474506951403,7,Night,960ef087e05742f2b803829b9a18fb69,2,57.99999999999999,30.0,iron,200.0,216
3259.4801285294816,7,Night,960ef087e05742f2b803829b9a18fb69,2,57.99999999999999,30.0,iron,200.0,213
3260.4853560314514,7,Night,960ef087e05742f2b803829b9a18fb69,2,57.99999999999999,30.0,iron,200.0,211
3261.4874009885825,7,Night,960ef087e05742f2b803829b9a18fb69,1,56.599999999999994,30.0,iron,200.0,197
3262.4935750667937,7,Night,960ef087e05742f2b803829b9a18fb69,1,56.599999999999994,30.0,iron,200.0,195
3263.498169987928,7,Night,960ef087e05742f2b803829b9a18fb69,1,56.599999999999994,30.0,iron,200.0,192
3264.5028369030915,7,Night,960ef087e05742f2b803829b9a18fb69,1,56.599999999999994,30.0,iron,200.0,190
3265.5054392414168,7,Night,960ef087e05742f2b803829b9a18fb69,1,56.599999999999994,30.0,iron,200.0,176
3266.505764314905,7,Night,960ef087e05742f2b803829b9a18fb69,2,56.599999999999994,0.0,iron,200.0,174
3267.5115195671096,7,Night,960ef087e05742f2b803829b9a18fb69,2,56.599999999999994,0.0,iron,200.0,171
3268.5182597693056,7,Night,960ef087e05742f2b803829b9a18fb69,2,56.599999999999994,0.0,iron,200.0,169
3269.5194187746383,7,Night,960ef087e05742f2b803829b9a18fb69,2,56.599999999999994,0.0,iron,200.0,166
3270.5206472687423,7,Night,960ef087e05742f2b803829b9a18fb69,2,56.599999999999994,0.0,iron,200.0,153
3271.5276012322865,7,Night,960ef087e05742f2b803829b9a18fb69,2,56.599999999999994,0.0,iron,200.0,146
3272.5347446049564,7,Night,960ef087e05742f2b803829b9a18fb69,2,56.599999999999994,0.0,iron,200.0,144
3273.540271232836,7,Night,960ef087e05742f2b803829b9a18fb69,2,56.599999999999994,0.0,iron,200.0,141
3274.543387399055,7,Night,960ef087e05742f2b803829b9a18fb69,2,56.599999999999994,0.0,iron,200.0,133
3275.5474729067646,7,Night,960ef087e05742f2b803829b9a18fb69,2,56.599999999999994,0.0,iron,200.0,131
3276.5547576951794,7,Night,960ef087e05742f2b803829b9a18fb69,1,53.99999999999999,0.0,iron,200.0,124
3277.558313993737,7,Night,960ef087e05742f2b803829b9a18fb69,1,53.99999999999999,0.0,iron,200.0,121
3278.56495383149,7,Night,960ef087e05742f2b803829b9a18fb69,1,53.99999999999999,0.0,iron,200.0,115
3279.571025076788,7,Night,960ef087e05742f2b803829b9a18fb69,1,53.99999999999999,0.0,iron,200.0,110
3280.574527368415,7,Night,960ef087e05742f2b803829b9a18fb69,1,53.99999999999999,0.0,iron,200.0,104
3281.5819306224585,7,Night,960ef087e05742f2b803829b9a18fb69,1,53.99999999999999,0.0,iron,200.0,98
3282.5848399517126,7,Night,960ef087e05742f2b803829b9a18fb69,1,53.99999999999999,0.0,iron,197.02700978610665,90
3283.589342157822,7,Night,960ef087e05742f2b803829b9a18fb69,1,53.99999999999999,0.0,iron,192.00449875555933,86
3284.5905656237155,7,Night,960ef087e05742f2b803829b9a18fb69,1,53.99999999999999,0.0,iron,186.99838142609224,79
3285.59381236881,7,Night,960ef087e05742f2b803829b9a18fb69,1,53.99999999999999,0.0,iron,181.98214770061895,74
3286.594265203923,7,Night,960ef087e05742f2b803829b9a18fb69,1,53.99999999999999,0.0,iron,176.9798835250549,67
3287.596617493313,7,Night,960ef087e05742f2b803829b9a18fb69,1,53.99999999999999,0.0,iron,171.9681220781058,64
3288.5994452000596,7,Night,960ef087e05742f2b803829b9a18fb69,1,53.99999999999999,0.0,iron,166.95398354437202,59
3289.6053767837584,7,Night,960ef087e05742f2b803829b9a18fb69,1,53.99999999999999,0.0,iron,161.92432562587783,53
3290.6097127459943,7,Night,960ef087e05742f2b803829b9a18fb69,1,53.99999999999999,0.0,iron,156.9026458146982,49
3291.6164880385622,7,Night,960ef087e05742f2b803829b9a18fb69,1,53.99999999999999,0.0,iron,151.86876935185865,43
3292.6230285000056,7,Night,960ef087e05742f2b803829b9a18fb69,1,53.99999999999999,0.0,iron,146.83606704464182,39
3293.624280172866,7,Night,960ef087e05742f2b803829b9a18fb69,2,53.99999999999999,30.0,iron,141.82980868034065,34
3294.6314765866846,7,Night,960ef087e05742f2b803829b9a18fb69,2,53.99999999999999,30.0,iron,139.437347445637,28
3295.6385572119616,7,Night,960ef087e05742f2b803829b9a18fb69,2,53.99999999999999,30.0,iron,134.40194431925192,20
3296.642044919543,7,Night,960ef087e05742f2b803829b9a18fb69,2,53.99999999999999,30.0,iron,133.68632768280804,18
3297.642079711426,7,Night,960ef087e05742f2b803829b9a18fb69,2,53.99999999999999,30.0,iron,128.68615372339264,14
3298.6443410473876,7,Night,960ef087e05742f2b803829b9a18fb69,2,53.99999999999999,30.0,iron,123.67484704358503,10
3299.646277719643,7,Night,960ef087e05742f2b803829b9a18fb69,2,53.99999999999999,30.0,iron,123.07438367977738,5
3300.6525492239743,7,Night,960ef087e05742f2b803829b9a18fb69,2,53.99999999999999,30.0,iron,123.07438367977738,0
3301.654219303746,7,Night,960ef087e05742f2b803829b9a18fb69,2,53.99999999999999,30.0,iron,123.07438367977738,0
3302.6543797226623,7,Night,960ef087e05742f2b803829b9a18fb69,2,53.99999999999999,30.0,iron,123.07438367977738,0
3303.656344389543,7,Night,960ef087e05742f2b803829b9a18fb69,1,52.599999999999994,30.0,iron,123.07438367977738,0
3304.661516138818,7,Night,960ef087e05742f2b803829b9a18fb69,1,52.599999999999994,30.0,iron,123.07438367977738,0
3305.668967225123,7,Night,960ef087e05742f2b803829b9a18fb69,1,52.599999999999994,30.0,iron,123.07438367977738,0
3306.6733261090703,7,Night,960ef087e05742f2b803829b9a18fb69,1,52.599999999999994,30.0,iron,123.07438367977738,0
3307.677764439024,7,Night,960ef087e05742f2b803829b9a18fb69,1,52.599999999999994,30.0,iron,123.07438367977738,0
3308.681845153682,7,Night,960ef087e05742f2b803829b9a18fb69,2,52.599999999999994,0.0,iron,123.07438367977738,0
3309.6867302381434,7,Night,960ef087e05742f2b803829b9a18fb69,2,52.599999999999994,0.0,iron,123.07438367977738,0
3310.6882991949096,7,Night,960ef087e05742f2b803829b9a18fb69,2,52.599999999999994,0.0,iron,123.07438367977738,0
3311.69384377962,7,Night,960ef087e05742f2b803829b9a18fb69,2,52.599999999999994,0.0,iron,123.07438367977738,0
3312.698979781475,7,Night,960ef087e05742f2b803829b9a18fb69,2,52.599999999999994,0.0,iron,123.07438367977738,0
3313.7050525685772,7,Night,960ef087e05742f2b803829b9a18fb69,2,52.599999999999994,0.0,iron,123.07438367977738,0
3314.7119983215816,7,Night,960ef087e05742f2b803829b9a18fb69,2,52.599999999999994,0.0,iron,123.07438367977738,0
3315.7198763145134,7,Night,960ef087e05742f2b803829b9a18fb69,2,52.599999999999994,0.0,iron,123.07438367977738,0
3316.7225892334245,7,Night,960ef087e05742f2b803829b9a18fb69,2,52.599999999999994,0.0,iron,123.07438367977738,0
3317.727119151037,7,Night,960ef087e05742f2b803829b9a18fb69,2,52.599999999999994,0.0,iron,123.07438367977738,0
3318.7284501413815,7,Night,960ef087e05742f2b803829b9a18fb69,1,49.99999999999999,0.0,iron,123.07438367977738,0
3319.732373519335,7,Night,960ef087e05742f2b803829b9a18fb69,1,49.99999999999999,0.0,iron,123.07438367977738,0
3320.7341103139333,7,Night,960ef087e05742f2b803829b9a18fb69,1,49.99999999999999,0.0,iron,123.07438367977738,0
3321.735786607489,7,Night,960ef087e05742f2b803829b9a18fb69,1,49.99999999999999,0.0,iron,123.07438367977738,0
3322.7431921064854,7,Night,960ef087e05742f2b803829b9a18fb69,1,49.99999999999999,0.0,iron,123.07438367977738,0
3323.7442647302523,7,Night,960ef087e05742f2b803829b9a18fb69,1,49.99999999999999,0.0,iron,123.07438367977738,0
3324.7519681896083,7,Night,960ef087e05742f2b803829b9a18fb69,1,49.99999999999999,0.0,iron,123.07438367977738,0
3325.7522393544205,7,Night,960ef087e05742f2b803829b9a18fb69,1,49.99999999999999,0.0,iron,123.07438367977738,0
3326.75474727666,7,Night,960ef087e05742f2b803829b9a18fb69,1,49.99999999999999,0.0,iron,123.07438367977738,0
3327.754925270565,7,Night,960ef087e05742f2b803829b9a18fb69,1,49.99999999999999,0.0,iron,123.07438367977738,0
3328.76195009565,7,Night,960ef087e05742f2b803829b9a18fb69,1,49.99999999999999,0.0,iron,123.07438367977738,0
3329.766141685657,7,Night,960ef087e05742f2b803829b9a18fb69,1,49.99999999999999,0.0,iron,123.07438367977738,0
3330.7724395585246,7,Night,960ef087e05742f2b803829b9a18fb69,1,49.99999999999999,0.0,iron,123.07438367977738,0
3331.776919516735,7,Night,960ef087e05742f2b803829b9a18fb69,1,49.99999999999999,0.0,iron,123.07438367977738,0
3332.779545139987,7,Night,960ef087e05742f2b803829b9a18fb69,1,49.99999999999999,0.0,iron,123.07438367977738,0
3333.7842384288087,7,Night,960ef087e05742f2b803829b9a18fb69,1,49.99999999999999,0.0,iron,123.07438367977738,0
3334.789768764749,7,Night,960ef087e05742f2b803829b9a18fb69,2,49.99999999999999,30.0,iron,123.07438367977738,0
3335.79201384075,7,Night,960ef087e05742f2b803829b9a18fb69,2,49.99999999999999,30.0,iron,123.07438367977738,0
3336.799437586218,7,Night,960ef087e05742f2b803829b9a18fb69,2,49.99999999999999,30.0,iron,123.07438367977738,0
3337.8040250521153,7,Night,960ef087e05742f2b803829b9a18fb69,2,49.99999999999999,30.0,iron,123.07438367977738,0
3338.8078778400086,7,Night,960ef087e05742f2b803829b9a18fb69,2,49.99999999999999,30.0,iron,123.07438367977738,0
3339.8141837106086,7,Night,960ef087e05742f2b803829b9a18fb69,2,49.99999999999999,30.0,iron,123.07438367977738,0
3340.8207898740657,7,Night,960ef087e05742f2b803829b9a18fb69,2,49.99999999999999,30.0,iron,123.07438367977738,0
3341.8239259999245,7,Night,960ef087e05742f2b803829b9a18fb69,2,49.99999999999999,30.0,iron,123.07438367977738,0
3342.8249429995194,7,Night,960ef087e05742f2b803829b9a18fb69,2,49.99999999999999,30.0,iron,123.07438367977738,0
3343.826174163725,7,Night,960ef087e05742f2b803829b9a18fb69,2,49.99999999999999,30.0,iron,123.07438367977738,0
3344.9418948250823,7,Night,960ef087e05742f2b803829b9a18fb69,1,48.599999999999994,30.0,iron,123.07438367977738,0
3345.9523632419296,7,Night,960ef087e05742f2b803829b9a18fb69,1,48.599999999999994,30.0,iron,123.07438367977738,0
3346.9547478235327,7,Night,960ef087e05742f2b803829b9a18fb69,1,48.599999999999994,30.0,iron,123.07438367977738,0
3347.961703986861,7,Night,960ef087e05742f2b803829b9a18fb69,1,48.599999999999994,30.0,iron,123.07438367977738,0
3348.964780693408,7,Night,960ef087e05742f2b803829b9a18fb69,1,48.599999999999994,30.0,iron,123.07438367977738,0
3349.9666132717393,7,Night,960ef087e05742f2b803829b9a18fb69,2,48.599999999999994,0.0,iron,123.07438367977738,0
3350.971202524379,7,Night,960ef087e05742f2b803829b9a18fb69,2,48.599999999999994,0.0,iron,123.07438367977738,0
3351.9737492348067,7,Night,960ef087e05742f2b803829b9a18fb69,2,48.599999999999994,0.0,iron,123.07438367977738,0
3353.098552059848,7,Night,960ef087e05742f2b803829b9a18fb69,2,48.599999999999994,0.0,iron,123.07438367977738,0
3354.101966137998,7,Night,960ef087e05742f2b803829b9a18fb69,2,48.599999999999994,0.0,iron,123.07438367977738,0
3355.1020425548777,7,Night,960ef087e05742f2b803829b9a18fb69,2,48.599999999999994,0.0,iron,123.07438367977738,0
3356.108459261246,7,Night,960ef087e05742f2b803829b9a18fb69,2,48.599999999999994,0.0,iron,123.07438367977738,0
3357.11177580012,7,Night,960ef087e05742f2b803829b9a18fb69,2,48.599999999999994,0.0,iron,123.07438367977738,0
3358.1165931732394,7,Night,960ef087e05742f2b803829b9a18fb69,2,48.599999999999994,0.0,iron,123.07438367977738,0
3359.1167931728996,7,Night,960ef087e05742f2b803829b9a18fb69,2,48.599999999999994,0.0,iron,123.07438367977738,0
3360.270010775421,8,Day,960ef087e05742f2b803829b9a18fb69,1,45.99999999999999,0.0,iron,123.07438367977738,0
3361.2772236880846,8,Day,960ef087e05742f2b803829b9a18fb69,1,45.99999999999999,0.0,iron,123.07438367977738,0
3362.2783576087095,8,Day,960ef087e05742f2b803829b9a18fb69,1,45.99999999999999,0.0,iron,123.07438367977738,0
3363.2788645648398,8,Day,960ef087e05742f2b803829b9a18fb69,1,45.99999999999999,0.0,iron,123.07438367977738,0
3364.2833672752604,8,Day,960ef087e05742f2b803829b9a18fb69,1,45.99999999999999,0.0,iron,123.07438367977738,0
3365.291598360054,8,Day,960ef087e05742f2b803829b9a18fb69,1,45.99999999999999,0.0,iron,123.07438367977738,0
3366.2924459949136,8,Day,960ef087e05742f2b803829b9a18fb69,1,45.99999999999999,0.0,iron,123.07438367977738,0
3367.2998789078556,8,Day,960ef087e05742f2b803829b9a18fb69,1,45.99999999999999,0.0,iron,123.07438367977738,0
3368.304730701726,8,Day,960ef087e05742f2b803829b9a18fb69,1,45.99999999999999,0.0,iron,123.07438367977738,0
3369.3115207478404,8,Day,960ef087e05742f2b803829b9a18fb69,1,45.99999999999999,0.0,iron,123.07438367977738,0
3370.31376879476,8,Day,960ef087e05742f2b803829b9a18fb69,1,45.99999999999999,0.0,iron,123.07438367977738,0
3371.3160870820284,8,Day,960ef087e05742f2b803829b9a18fb69,1,45.99999999999999,0.0,iron,123.07438367977738,0
3372.3167079156265,8,Day,960ef087e05742f2b803829b9a18fb69,1,45.99999999999999,0.0,iron,123.07438367977738,0
3373.3205139180645,8,Day,960ef087e05742f2b803829b9a18fb69,1,45.99999999999999,0.0,iron,123.07438367977738,0
3374.3270740355365,8,Day,960ef087e05742f2b803829b9a18fb69,1,45.99999999999999,0.0,iron,123.07438367977738,0
3375.328249872662,8,Day,960ef087e05742f2b803829b9a18fb69,1,45.99999999999999,0.0,iron,123.07438367977738,0
3376.335434960667,8,Day,960ef087e05742f2b803829b9a18fb69,1,45.99999999999999,0.0,iron,123.07438367977738,0
3377.341536796186,8,Day,960ef087e05742f2b803829b9a18fb69,2,45.99999999999999,30.0,iron,123.07438367977738,0
3378.348733167164,8,Day,960ef087e05742f2b803829b9a18fb69,2,45.99999999999999,30.0,iron,123.07438367977738,0
3379.354413166642,8,Day,960ef087e05742f2b803829b9a18fb69,2,45.99999999999999,30.0,iron,123.07438367977738,0
3380.3549659568816,8,Day,960ef087e05742f2b803829b9a18fb69,2,45.99999999999999,30.0,iron,123.07438367977738,0
3381.357666242402,8,Day,960ef087e05742f2b803829b9a18fb69,2,45.99999999999999,30.0,iron,123.07438367977738,0
3382.3591831973754,8,Day,960ef087e05742f2b803829b9a18fb69,2,45.99999999999999,30.0,iron,123.07438367977738,0
3383.361160117667,8,Day,960ef087e05742f2b803829b9a18fb69,2,45.99999999999999,30.0,iron,123.07438367977738,0
3384.364903740585,8,Day,960ef087e05742f2b803829b9a18fb69,2,45.99999999999999,30.0,iron,123.07438367977738,0
3385.369701370131,8,Day,960ef087e05742f2b803829b9a18fb69,2,45.99999999999999,30.0,iron,123.07438367977738,0
3386.372440074105,8,Day,960ef087e05742f2b803829b9a18fb69,2,45.99999999999999,30.0,iron,123.07438367977738,0
3387.378002793528,8,Day,960ef087e05742f2b803829b9a18fb69,1,44.599999999999994,30.0,iron,123.07438367977738,0
3388.3794588297606,8,Day,960ef087e05742f2b803829b9a18fb69,1,44.599999999999994,30.0,iron,123.07438367977738,0
3389.3824627883732,8,Day,960ef087e05742f2b803829b9a18fb69,1,44.599999999999994,30.0,iron,123.07438367977738,0
3390.388045619242,8,Day,960ef087e05742f2b803829b9a18fb69,1,44.599999999999994,30.0,iron,123.07438367977738,0
3391.3891789913177,8,Day,960ef087e05742f2b803829b9a18fb69,1,44.599999999999994,30.0,iron,123.07438367977738,0
3392.3929618704133,8,Day,960ef087e05742f2b803829b9a18fb69,2,44.599999999999994,0.0,iron,123.07438367977738,0
3393.3989664041437,8,Day,960ef087e05742f2b803829b9a18fb69,2,44.599999999999994,0.0,iron,123.07438367977738,0
3394.4019722430967,8,Day,960ef087e05742f2b803829b9a18fb69,2,44.599999999999994,0.0,iron,123.07438367977738,0
3395.402971699834,8,Day,960ef087e05742f2b803829b9a18fb69,2,44.599999999999994,0.0,iron,123.07438367977738,0
3396.403669831343,8,Day,960ef087e05742f2b803829b9a18fb69,2,44.599999999999994,0.0,iron,123.07438367977738,0
3397.4095830344595,8,Day,960ef087e05742f2b803829b9a18fb69,2,44.599999999999994,0.0,iron,123.07438367977738,0
3398.41412470676,8,Day,960ef087e05742f2b803829b9a18fb69,2,44.599999999999994,0.0,iron,123.07438367977738,0
3399.4157999912277,8,Day,960ef087e05742f2b803829b9a18fb69,2,44.599999999999994,0.0,iron,123.07438367977738,0
3400.4227335695177,8,Day,960ef087e05742f2b803829b9a18fb69,2,44.599999999999994,0.0,iron,123.07438367977738,0
3401.424325568136,8,Day,960ef087e05742f2b803829b9a18fb69,2,44.599999999999994,0.0,iron,123.07438367977738,0
3402.426931058988,8,Day,960ef087e05742f2b803829b9a18fb69,1,41.99999999999999,0.0,iron,123.07438367977738,0
3403.4341884385794,8,Day,960ef087e05742f2b803829b9a18fb69,1,41.99999999999999,0.0,iron,123.07438367977738,0
3404.4401383521035,8,Day,960ef087e05742f2b803829b9a18fb69,1,41.99999999999999,0.0,iron,123.07438367977738,0
3405.445259439759,8,Day,960ef087e05742f2b803829b9a18fb69,1,41.99999999999999,0.0,iron,123.07438367977738,0
3406.4462514393963,8,Day,960ef087e05742f2b803829b9a18fb69,1,41.99999999999999,0.0,iron,123.07438367977738,0
3407.453159524128,8,Day,960ef087e05742f2b803829b9a18fb69,1,41.99999999999999,0.0,iron,123.07438367977738,0
3408.4597034072503,8,Day,960ef087e05742f2b803829b9a18fb69,1,41.99999999999999,0.0,iron,123.07438367977738,0
3409.4614508622326,8,Day,960ef087e05742f2b803829b9a18fb69,1,41.99999999999999,0.0,iron,123.07438367977738,0
3410.462705868762,8,Day,960ef087e05742f2b803829b9a18fb69,1,41.99999999999999,0.0,iron,123.07438367977738,0
3411.4671439086087,8,Day,960ef087e05742f2b803829b9a18fb69,1,41.99999999999999,0.0,iron,123.07438367977738,0
3412.4751762002707,8,Day,960ef087e05742f2b803829b9a18fb69,1,41.99999999999999,0.0,iron,123.07438367977738,0
3413.477554945741,8,Day,960ef087e05742f2b803829b9a18fb69,1,41.99999999999999,0.0,iron,123.07438367977738,0
3414.4810372404754,8,Day,960ef087e05742f2b803829b9a18fb69,1,41.99999999999999,0.0,iron,123.07438367977738,0
3415.486775202211,8,Day,960ef087e05742f2b803829b9a18fb69,1,41.99999999999999,0.0,iron,123.07438367977738,0
3416.4896934917197,8,Day,960ef087e05742f2b803829b9a18fb69,1,41.99999999999999,0.0,iron,123.07438367977738,0
3417.495504577644,8,Day,960ef087e05742f2b803829b9a18fb69,1,41.99999999999999,0.0,iron,123.07438367977738,0
3418.502685246058,8,Day,960ef087e05742f2b803829b9a18fb69,1,41.99999999999999,0.0,iron,123.07438367977738,0
3419.508991630748,8,Day,960ef087e05742f2b803829b9a18fb69,2,41.99999999999999,30.0,iron,123.07438367977738,0
3420.5167852579616,8,Day,960ef087e05742f2b803829b9a18fb69,2,41.99999999999999,30.0,iron,123.07438367977738,0
3421.5168297998607,8,Day,960ef087e05742f2b803829b9a18fb69,2,41.99999999999999,30.0,iron,123.07438367977738,0
3422.5230008405633,8,Day,960ef087e05742f2b803829b9a18fb69,2,41.99999999999999,30.0,iron,123.07438367977738,0
3423.527506134007,8,Day,960ef087e05742f2b803829b9a18fb69,2,41.99999999999999,30.0,iron,123.07438367977738,0
3424.5345146367326,8,Day,960ef087e05742f2b803829b9a18fb69,2,41.99999999999999,30.0,iron,123.07438367977738,0
3425.537320922129,8,Day,960ef087e05742f2b803829b9a18fb69,2,41.99999999999999,30.0,iron,123.07438367977738,0
3426.538343549706,8,Day,960ef087e05742f2b803829b9a18fb69,2,41.99999999999999,30.0,iron,123.07438367977738,0
3427.5404027216136,8,Day,960ef087e05742f2b803829b9a18fb69,2,41.99999999999999,30.0,iron,123.07438367977738,0
3428.546432597097,8,Day,960ef087e05742f2b803829b9a18fb69,2,41.99999999999999,30.0,iron,123.07438367977738,0
3429.553541430738,8,Day,960ef087e05742f2b803829b9a18fb69,1,40.599999999999994,30.0,iron,123.07438367977738,0
3430.557582809124,8,Day,960ef087e05742f2b803829b9a18fb69,1,40.599999999999994,30.0,iron,123.07438367977738,0
3431.5645930194296,8,Day,960ef087e05742f2b803829b9a18fb69,1,40.599999999999994,30.0,iron,123.07438367977738,0
3432.5652211038396,8,Day,960ef087e05742f2b803829b9a18fb69,1,40.599999999999994,30.0,iron,123.07438367977738,0
3433.570080017671,8,Day,960ef087e05742f2b803829b9a18fb69,1,40.599999999999994,30.0,iron,123.07438367977738,0
3434.576797138434,8,Day,960ef087e05742f2b803829b9a18fb69,2,40.599999999999994,0.0,iron,123.07438367977738,0
3435.5847810995765,8,Day,960ef087e05742f2b803829b9a18fb69,2,40.599999999999994,0.0,iron,123.07438367977738,0
3436.5927818082273,8,Day,960ef087e05742f2b803829b9a18fb69,2,40.599999999999994,0.0,iron,123.07438367977738,0
3437.594889102038,8,Day,960ef087e05742f2b803829b9a18fb69,2,40.599999999999994,0.0,iron,123.07438367977738,0
3438.5972366831265,8,Day,960ef087e05742f2b803829b9a18fb69,2,40.599999999999994,0.0,iron,123.07438367977738,0
3439.6023581386544,8,Day,960ef087e05742f2b803829b9a18fb69,2,40.599999999999994,0.0,iron,123.07438367977738,0
3440.6076391362585,8,Day,960ef087e05742f2b803829b9a18fb69,2,40.599999999999994,0.0,iron,123.07438367977738,0
3441.6152616362087,8,Day,960ef087e05742f2b803829b9a18fb69,2,40.599999999999994,0.0,iron,123.07438367977738,0
3442.6180868451484,8,Day,960ef087e05742f2b803829b9a18fb69,2,40.599999999999994,0.0,iron,123.07438367977738,0
3443.620069548022,8,Day,960ef087e05742f2b803829b9a18fb69,2,40.599999999999994,0.0,iron,123.07438367977738,0
3444.620682708919,8,Day,960ef087e05742f2b803829b9a18fb69,1,37.99999999999999,0.0,iron,123.07438367977738,0
3445.6280700438656,8,Day,960ef087e05742f2b803829b9a18fb69,1,37.99999999999999,0.0,iron,123.07438367977738,0
3446.632256662473,8,Day,960ef087e05742f2b803829b9a18fb69,1,37.99999999999999,0.0,iron,123.07438367977738,0
3447.636755499523,8,Day,960ef087e05742f2b803829b9a18fb69,1,37.99999999999999,0.0,iron,123.07438367977738,0
3448.6378671643324,8,Day,960ef087e05742f2b803829b9a18fb69,1,37.99999999999999,0.0,iron,123.07438367977738,0
3449.6389746721834,8,Day,960ef087e05742f2b803829b9a18fb69,1,37.99999999999999,0.0,iron,123.07438367977738,0
3450.6410157452337,8,Day,960ef087e05742f2b803829b9a18fb69,1,37.99999999999999,0.0,iron,123.07438367977738,0
3451.6425085389055,8,Day,960ef087e05742f2b803829b9a18fb69,1,37.99999999999999,0.0,iron,123.07438367977738,0
3452.6427921215072,8,Day,960ef087e05742f2b803829b9a18fb69,1,37.99999999999999,0.0,iron,123.07438367977738,0
3453.6435722853057,8,Day,960ef087e05742f2b803829b9a18fb69,1,37.99999999999999,0.0,iron,123.07438367977738,0
3454.6505668703467,8,Day,960ef087e05742f2b803829b9a18fb69,1,37.99999999999999,0.0,iron,123.07438367977738,0
3455.6507849106565,8,Day,960ef087e05742f2b803829b9a18fb69,1,37.99999999999999,0.0,iron,123.07438367977738,0
3456.655685205944,8,Day,960ef087e05742f2b803829b9a18fb69,1,37.99999999999999,0.0,iron,123.07438367977738,0
3457.658654832747,8,Day,960ef087e05742f2b803829b9a18fb69,1,37.99999999999999,0.0,iron,123.07438367977738,0
3458.6614408697933,8,Day,960ef087e05742f2b803829b9a18fb69,1,37.99999999999999,0.0,iron,123.07438367977738,0
3459.6681712875143,8,Day,960ef087e05742f2b803829b9a18fb69,1,37.99999999999999,0.0,iron,123.07438367977738,0
3460.6694491626695,8,Day,960ef087e05742f2b803829b9a18fb69,1,37.99999999999999,0.0,iron,123.07438367977738,0
3461.6796710761264,8,Day,960ef087e05742f2b803829b9a18fb69,2,37.99999999999999,30.0,iron,123.07438367977738,0
3462.6879181563854,8,Day,960ef087e05742f2b803829b9a18fb69,2,37.99999999999999,30.0,iron,123.07438367977738,0
3463.6909138699993,8,Day,960ef087e05742f2b803829b9a18fb69,2,37.99999999999999,30.0,iron,123.07438367977738,0
3464.6972168684006,8,Day,960ef087e05742f2b803829b9a18fb69,2,37.99999999999999,30.0,iron,123.07438367977738,0
3465.6971255792305,8,Day,960ef087e05742f2b803829b9a18fb69,2,37.99999999999999,30.0,iron,123.07438367977738,0
3466.7018525339663,8,Day,960ef087e05742f2b803829b9a18fb69,2,37.99999999999999,30.0,iron,123.07438367977738,0
3467.704166245181,8,Day,960ef087e05742f2b803829b9a18fb69,2,37.99999999999999,30.0,iron,123.07438367977738,0
3468.708157200832,8,Day,960ef087e05742f2b803829b9a18fb69,2,37.99999999999999,30.0,iron,123.07438367977738,0
3469.7087181243114,8,Day,960ef087e05742f2b803829b9a18fb69,2,37.99999999999999,30.0,iron,123.07438367977738,0
3470.7117859912105,8,Day,960ef087e05742f2b803829b9a18fb69,2,37.99999999999999,30.0,iron,123.07438367977738,0
3471.7121851486154,8,Day,960ef087e05742f2b803829b9a18fb69,1,36.599999999999994,30.0,iron,123.07438367977738,0
3472.715625321027,8,Day,960ef087e05742f2b803829b9a18fb69,1,36.599999999999994,30.0,iron,123.07438367977738,0
3473.717656822875,8,Day,960ef087e05742f2b803829b9a18fb69,1,36.599999999999994,30.0,iron,123.07438367977738,0
3474.720442822203,8,Day,960ef087e05742f2b803829b9a18fb69,1,36.599999999999994,30.0,iron,123.07438367977738,0
3475.725536036305,8,Day,960ef087e05742f2b803829b9a18fb69,1,36.599999999999994,30.0,iron,123.07438367977738,0
3476.7277877791785,8,Day,960ef087e05742f2b803829b9a18fb69,2,36.599999999999994,0.0,iron,123.07438367977738,0
3477.7311633187346,8,Day,960ef087e05742f2b803829b9a18fb69,2,36.599999999999994,0.0,iron,123.07438367977738,0
3478.7329123620875,8,Day,960ef087e05742f2b803829b9a18fb69,2,36.599999999999994,0.0,iron,123.07438367977738,0
3479.7340529034846,8,Day,960ef087e05742f2b803829b9a18fb69,2,36.599999999999994,0.0,iron,123.07438367977738,0
3480.7342453245074,8,Day,960ef087e05742f2b803829b9a18fb69,2,36.599999999999994,0.0,iron,123.07438367977738,0
3481.7389391171746,8,Day,960ef087e05742f2b803829b9a18fb69,2,36.599999999999994,0.0,iron,123.07438367977738,0
3482.7390500744805,8,Day,960ef087e05742f2b803829b9a18fb69,2,36.599999999999994,0.0,iron,123.07438367977738,0
3483.746673324611,8,Day,960ef087e05742f2b803829b9a18fb69,2,36.599999999999994,0.0,iron,123.07438367977738,0
3484.751197742764,8,Day,960ef087e05742f2b803829b9a18fb69,2,36.599999999999994,0.0,iron,123.07438367977738,0
3485.751274120994,8,Day,960ef087e05742f2b803829b9a18fb69,2,36.599999999999994,0.0,iron,123.07438367977738,0
3486.7581554916687,8,Day,960ef087e05742f2b803829b9a18fb69,1,33.99999999999999,0.0,iron,123.07438367977738,0
3487.7605526586995,8,Day,960ef087e05742f2b803829b9a18fb69,1,33.99999999999999,0.0,iron,123.07438367977738,0
3488.762507286854,8,Day,960ef087e05742f2b803829b9a18fb69,1,33.99999999999999,0.0,iron,123.07438367977738,0
3489.769385576714,8,Day,960ef087e05742f2b803829b9a18fb69,1,33.99999999999999,0.0,iron,123.07438367977738,0
3490.7699159150943,8,Day,960ef087e05742f2b803829b9a18fb69,1,33.99999999999999,0.0,iron,123.07438367977738,0
3491.773922495544,8,Day,960ef087e05742f2b803829b9a18fb69,1,33.99999999999999,0.0,iron,123.07438367977738,0
3492.7779659521766,8,Day,960ef087e05742f2b803829b9a18fb69,1,33.99999999999999,0.0,iron,123.07438367977738,0
3493.7797590387054,8,Day,960ef087e05742f2b803829b9a18fb69,1,33.99999999999999,0.0,iron,123.07438367977738,0
3494.7829940407537,8,Day,960ef087e05742f2b803829b9a18fb69,1,33.99999999999999,0.0,iron,123.07438367977738,0
3495.783251873683,8,Day,960ef087e05742f2b803829b9a18fb69,1,33.99999999999999,0.0,iron,123.07438367977738,0
3496.789388375357,8,Day,960ef087e05742f2b803829b9a18fb69,1,33.99999999999999,0.0,iron,123.07438367977738,0
3497.789663084317,8,Day,960ef087e05742f2b803829b9a18fb69,1,33.99999999999999,0.0,iron,123.07438367977738,0
3498.791663543321,8,Day,960ef087e05742f2b803829b9a18fb69,1,33.99999999999999,0.0,iron,123.07438367977738,0
3499.7918612044305,8,Day,960ef087e05742f2b803829b9a18fb69,1,33.99999999999999,0.0,iron,123.07438367977738,0
3500.795004207175,8,Day,960ef087e05742f2b803829b9a18fb69,1,33.99999999999999,0.0,iron,123.07438367977738,0
3501.79781762138,8,Day,960ef087e05742f2b803829b9a18fb69,1,33.99999999999999,0.0,iron,123.07438367977738,0
3502.942975705024,8,Day,960ef087e05742f2b803829b9a18fb69,2,33.99999999999999,30.0,iron,123.07438367977738,0
3503.9492981233634,8,Day,960ef087e05742f2b803829b9a18fb69,2,33.99999999999999,30.0,iron,123.07438367977738,0
3504.9554039556533,8,Day,960ef087e05742f2b803829b9a18fb69,2,33.99999999999999,30.0,iron,123.07438367977738,0
3505.960530166514,8,Day,960ef087e05742f2b803829b9a18fb69,2,33.99999999999999,30.0,iron,123.07438367977738,0
3506.9664846672677,8,Day,960ef087e05742f2b803829b9a18fb69,2,33.99999999999999,30.0,iron,123.07438367977738,0
3507.973092409782,8,Day,960ef087e05742f2b803829b9a18fb69,2,33.99999999999999,30.0,iron,123.07438367977738,0
3508.9752116221935,8,Day,960ef087e05742f2b803829b9a18fb69,2,33.99999999999999,30.0,iron,123.07438367977738,0
3509.9766137464903,8,Day,960ef087e05742f2b803829b9a18fb69,2,33.99999999999999,30.0,iron,123.07438367977738,0
3510.9809696171433,8,Day,960ef087e05742f2b803829b9a18fb69,2,33.99999999999999,30.0,iron,123.07438367977738,0
3511.9859761595726,8,Day,960ef087e05742f2b803829b9a18fb69,2,33.99999999999999,30.0,iron,123.07438367977738,0
3512.99061624147,8,Day,960ef087e05742f2b803829b9a18fb69,1,32.599999999999994,30.0,iron,123.07438367977738,0
3513.997010408435,8,Day,960ef087e05742f2b803829b9a18fb69,1,32.599999999999994,30.0,iron,123.07438367977738,0
3515.001714909449,8,Day,960ef087e05742f2b803829b9a18fb69,1,32.599999999999994,30.0,iron,123.07438367977738,0
3516.0082574016415,8,Day,960ef087e05742f2b803829b9a18fb69,1,32.599999999999994,30.0,iron,123.07438367977738,0
3517.009386489168,8,Day,960ef087e05742f2b803829b9a18fb69,1,32.599999999999994,30.0,iron,123.07438367977738,0
3518.0130405235104,8,Day,960ef087e05742f2b803829b9a18fb69,2,32.599999999999994,0.0,iron,123.07438367977738,0
3519.0135029787198,8,Day,960ef087e05742f2b803829b9a18fb69,2,32.599999999999994,0.0,iron,123.07438367977738,0
3520.0156710608862,8,Day,960ef087e05742f2b803829b9a18fb69,2,32.599999999999994,0.0,iron,123.07438367977738,0
3521.018902603537,8,Day,960ef087e05742f2b803829b9a18fb69,2,32.599999999999994,0.0,iron,123.07438367977738,0
3522.0257000583224,8,Day,960ef087e05742f2b803829b9a18fb69,2,32.599999999999994,0.0,iron,123.07438367977738,0
3523.033056351822,8,Day,960ef087e05742f2b803829b9a18fb69,2,32.599999999999994,0.0,iron,123.07438367977738,0
3524.0404556444846,8,Day,960ef087e05742f2b803829b9a18fb69,2,32.599999999999994,0.0,iron,123.07438367977738,0
3525.043451273348,8,Day,960ef087e05742f2b803829b9a18fb69,2,32.599999999999994,0.0,iron,123.07438367977738,0
3526.0478835213,8,Day,960ef087e05742f2b803829b9a18fb69,2,32.599999999999994,0.0,iron,123.07438367977738,0
3527.050196145661,8,Day,960ef087e05742f2b803829b9a18fb69,2,32.599999999999994,0.0,iron,123.07438367977738,0
3528.0523730595596,8,Day,960ef087e05742f2b803829b9a18fb69,1,29.999999999999993,0.0,iron,123.07438367977738,0
3529.055019356776,8,Day,960ef087e05742f2b803829b9a18fb69,1,29.999999999999993,0.0,iron,123.07438367977738,0
3530.0575008154847,8,Day,960ef087e05742f2b803829b9a18fb69,1,29.999999999999993,0.0,iron,123.07438367977738,0
3531.063684942201,8,Day,960ef087e05742f2b803829b9a18fb69,1,29.999999999999993,0.0,iron,123.07438367977738,0
3532.0684385695495,8,Day,960ef087e05742f2b803829b9a18fb69,1,29.999999999999993,0.0,iron,123.07438367977738,0
3533.108270111028,8,Day,960ef087e05742f2b803829b9a18fb69,1,29.999999999999993,0.0,iron,123.07438367977738,0
3534.1169881518,8,Day,960ef087e05742f2b803829b9a18fb69,1,29.999999999999993,0.0,iron,123.07438367977738,0
3535.119162227493,8,Day,960ef087e05742f2b803829b9a18fb69,1,29.999999999999993,0.0,iron,123.07438367977738,0
3536.126551520545,8,Day,960ef087e05742f2b803829b9a18fb69,1,29.999999999999993,0.0,iron,123.07438367977738,0
3537.128646395169,8,Day,960ef087e05742f2b803829b9a18fb69,1,29.999999999999993,0.0,iron,123.07438367977738,0
3538.1301270639524,8,Day,960ef087e05742f2b803829b9a18fb69,1,29.999999999999993,0.0,iron,123.07438367977738,0
3539.132336184848,8,Day,960ef087e05742f2b803829b9a18fb69,1,29.999999999999993,0.0,iron,123.07438367977738,0
3540.029853519518,8,Day,960ef087e05742f2b803829b9a18fb69,1,29.999999999999993,0.0,iron,123.07438367977738,0
3541.13952027075,8,Day,960ef087e05742f2b803829b9a18fb69,1,29.999999999999993,0.0,iron,123.07438367977738,0
3542.142059398815,8,Day,960ef087e05742f2b803829b9a18fb69,1,29.999999999999993,0.0,iron,123.07438367977738,0
3543.149079022929,8,Day,960ef087e05742f2b803829b9a18fb69,1,29.999999999999993,0.0,iron,123.07438367977738,0
3544.153739064932,8,Day,960ef087e05742f2b803829b9a18fb69,1,29.999999999999993,0.0,iron,123.07438367977738,0
3545.161637444049,8,Day,960ef087e05742f2b803829b9a18fb69,2,29.999999999999993,30.0,iron,123.07438367977738,0
3546.1643211948685,8,Day,960ef087e05742f2b803829b9a18fb69,2,29.999999999999993,30.0,iron,123.07438367977738,0
3547.1660131514072,8,Day,960ef087e05742f2b803829b9a18fb69,2,29.999999999999993,30.0,iron,123.07438367977738,0
3548.1697971085086,8,Day,960ef087e05742f2b803829b9a18fb69,2,29.999999999999993,30.0,iron,123.07438367977738,0
3549.1758208200336,8,Day,960ef087e05742f2b803829b9a18fb69,2,29.999999999999993,30.0,iron,123.07438367977738,0
3550.1773641128093,8,Day,960ef087e05742f2b803829b9a18fb69,2,29.999999999999993,30.0,iron,123.07438367977738,0
3551.1817297823727,8,Day,960ef087e05742f2b803829b9a18fb69,2,29.999999999999993,30.0,iron,123.07438367977738,0
3552.184844950214,8,Day,960ef087e05742f2b803829b9a18fb69,2,29.999999999999993,30.0,iron,123.07438367977738,0
3553.1866609067656,8,Day,960ef087e05742f2b803829b9a18fb69,2,29.999999999999993,30.0,iron,123.07438367977738,0
3554.191437073052,8,Day,960ef087e05742f2b803829b9a18fb69,2,29.999999999999993,30.0,iron,123.07438367977738,0
3555.1921426625922,8,Day,960ef087e05742f2b803829b9a18fb69,1,28.599999999999994,30.0,iron,123.07438367977738,0
3556.1991483676247,8,Day,960ef087e05742f2b803829b9a18fb69,1,28.599999999999994,30.0,iron,123.07438367977738,0
3557.2047929968685,8,Day,960ef087e05742f2b803829b9a18fb69,1,28.599999999999994,30.0,iron,123.07438367977738,0
3558.207869285252,8,Day,960ef087e05742f2b803829b9a18fb69,1,28.599999999999994,30.0,iron,123.07438367977738,0
3559.209686530754,8,Day,960ef087e05742f2b803829b9a18fb69,1,28.599999999999994,30.0,iron,123.07438367977738,0
3560.210935957264,8,Day,960ef087e05742f2b803829b9a18fb69,2,28.599999999999994,0.0,iron,123.07438367977738,0
3561.2166728316806,8,Day,960ef087e05742f2b803829b9a18fb69,2,28.599999999999994,0.0,iron,123.07438367977738,0
3562.2167647024617,8,Day,960ef087e05742f2b803829b9a18fb69,2,28.599999999999994,0.0,iron,123.07438367977738,0
3563.219217119273,8,Day,960ef087e05742f2b803829b9a18fb69,2,28.599999999999994,0.0,iron,123.07438367977738,0
3564.224224537611,8,Day,960ef087e05742f2b803829b9a18fb69,2,28.599999999999994,0.0,iron,123.07438367977738,0
3565.228875370696,8,Day,960ef087e05742f2b803829b9a18fb69,2,28.599999999999994,0.0,iron,123.07438367977738,0
3566.234951532446,8,Day,960ef087e05742f2b803829b9a18fb69,2,28.599999999999994,0.0,iron,123.07438367977738,0
3567.238872075919,8,Day,960ef087e05742f2b803829b9a18fb69,2,28.599999999999994,0.0,iron,123.07438367977738,0
3568.239720327314,8,Day,960ef087e05742f2b803829b9a18fb69,2,28.599999999999994,0.0,iron,123.07438367977738,0
3569.2403355762362,8,Day,960ef087e05742f2b803829b9a18fb69,2,28.599999999999994,0.0,iron,123.07438367977738,0
3570.24066582229,8,Day,960ef087e05742f2b803829b9a18fb69,1,25.999999999999993,0.0,iron,123.07438367977738,0
3571.2440868243575,8,Day,960ef087e05742f2b803829b9a18fb69,1,25.999999999999993,0.0,iron,123.07438367977738,0
3572.249135699589,8,Day,960ef087e05742f2b803829b9a18fb69,1,25.999999999999993,0.0,iron,123.07438367977738,0
3573.249488447793,8,Day,960ef087e05742f2b803829b9a18fb69,1,25.999999999999993,0.0,iron,123.07438367977738,0
3574.2546977833845,8,Day,960ef087e05742f2b803829b9a18fb69,1,25.999999999999993,0.0,iron,123.07438367977738,0
3575.261337158736,8,Day,960ef087e05742f2b803829b9a18fb69,1,25.999999999999993,0.0,iron,123.07438367977738,0
3576.2637812835164,8,Day,960ef087e05742f2b803829b9a18fb69,1,25.999999999999993,0.0,iron,123.07438367977738,0
3577.269738075789,8,Day,960ef087e05742f2b803829b9a18fb69,1,25.999999999999993,0.0,iron,123.07438367977738,0
3578.277716662269,8,Day,960ef087e05742f2b803829b9a18fb69,1,25.999999999999993,0.0,iron,123.07438367977738,0
3579.2829781980254,8,Day,960ef087e05742f2b803829b9a18fb69,1,25.999999999999993,0.0,iron,123.07438367977738,0
3580.2899430366233,8,Day,960ef087e05742f2b803829b9a18fb69,1,25.999999999999993,0.0,iron,123.07438367977738,0
3581.2945908685215,8,Day,960ef087e05742f2b803829b9a18fb69,1,25.999999999999993,0.0,iron,123.07438367977738,0
3582.2965651573613,8,Day,960ef087e05742f2b803829b9a18fb69,1,25.999999999999993,0.0,iron,123.07438367977738,0
3583.2969879484735,8,Day,960ef087e05742f2b803829b9a18fb69,1,25.999999999999993,0.0,iron,123.07438367977738,0
3584.3051057006232,8,Day,960ef087e05742f2b803829b9a18fb69,1,25.999999999999993,0.0,iron,123.07438367977738,0
3585.3088617017493,8,Day,960ef087e05742f2b803829b9a18fb69,1,25.999999999999993,0.0,iron,123.07438367977738,0
3586.3095288714394,8,Day,960ef087e05742f2b803829b9a18fb69,1,25.999999999999993,0.0,iron,123.07438367977738,0
3587.311209744308,8,Day,960ef087e05742f2b803829b9a18fb69,2,25.999999999999993,30.0,iron,123.07438367977738,0
3588.3156789056957,8,Day,960ef087e05742f2b803829b9a18fb69,2,25.999999999999993,30.0,iron,123.07438367977738,0
3589.316682404373,8,Day,960ef087e05742f2b803829b9a18fb69,2,25.999999999999993,30.0,iron,123.07438367977738,0
3590.3196516153403,8,Day,960ef087e05742f2b803829b9a18fb69,2,25.999999999999993,30.0,iron,123.07438367977738,0
3591.3264089981094,8,Day,960ef087e05742f2b803829b9a18fb69,2,25.999999999999993,30.0,iron,123.07438367977738,0
3592.3264837856404,8,Day,960ef087e05742f2b803829b9a18fb69,2,25.999999999999993,30.0,iron,123.07438367977738,0
3593.332765966654,8,Day,960ef087e05742f2b803829b9a18fb69,2,25.999999999999993,30.0,iron,123.07438367977738,0
3594.339481549803,8,Day,960ef087e05742f2b803829b9a18fb69,2,25.999999999999993,30.0,iron,123.07438367977738,0
3595.346722332295,8,Day,960ef087e05742f2b803829b9a18fb69,2,25.999999999999993,30.0,iron,123.07438367977738,0
3596.350663836114,8,Day,960ef087e05742f2b803829b9a18fb69,2,25.999999999999993,30.0,iron,123.07438367977738,0
3597.3564561740495,8,Day,960ef087e05742f2b803829b9a18fb69,1,24.599999999999994,30.0,iron,123.07438367977738,0
3598.36503950553,8,Day,960ef087e05742f2b803829b9a18fb69,1,24.599999999999994,30.0,iron,123.07438367977738,0
3599.3718558819965,8,Day,960ef087e05742f2b803829b9a18fb69,1,24.599999999999994,30.0,iron,123.07438367977738,0
3600.374077845365,8,Day,960ef087e05742f2b803829b9a18fb69,1,24.599999999999994,30.0,iron,123.07438367977738,0
3601.3786384691484,8,Day,960ef087e05742f2b803829b9a18fb69,1,24.599999999999994,30.0,iron,123.07438367977738,0
3602.3808375149965,8,Day,960ef087e05742f2b803829b9a18fb69,2,24.599999999999994,0.0,iron,123.07438367977738,0
3603.3825782574713,8,Day,960ef087e05742f2b803829b9a18fb69,2,24.599999999999994,0.0,iron,123.07438367977738,0
3604.389615636319,8,Day,960ef087e05742f2b803829b9a18fb69,2,24.599999999999994,0.0,iron,123.07438367977738,0
3605.3970274291933,8,Day,960ef087e05742f2b803829b9a18fb69,2,24.599999999999994,0.0,iron,123.07438367977738,0
3606.4024401763454,8,Day,960ef087e05742f2b803829b9a18fb69,2,24.599999999999994,0.0,iron,123.07438367977738,0
3607.411105803214,8,Day,960ef087e05742f2b803829b9a18fb69,2,24.599999999999994,0.0,iron,123.07438367977738,0
3608.411157925613,8,Day,960ef087e05742f2b803829b9a18fb69,2,24.599999999999994,0.0,iron,123.07438367977738,0
3609.412889551837,8,Day,960ef087e05742f2b803829b9a18fb69,2,24.599999999999994,0.0,iron,123.07438367977738,0
3610.418818301987,8,Day,960ef087e05742f2b803829b9a18fb69,2,24.599999999999994,0.0,iron,123.07438367977738,0
3611.4228394678794,8,Day,960ef087e05742f2b803829b9a18fb69,2,24.599999999999994,0.0,iron,123.07438367977738,0
3612.426247981377,8,Day,960ef087e05742f2b803829b9a18fb69,1,21.999999999999993,0.0,iron,123.07438367977738,0
3613.4335627295077,8,Day,960ef087e05742f2b803829b9a18fb69,1,21.999999999999993,0.0,iron,123.07438367977738,0
3614.4384071030654,8,Day,960ef087e05742f2b803829b9a18fb69,1,21.999999999999993,0.0,iron,123.07438367977738,0
3615.445527689997,8,Day,960ef087e05742f2b803829b9a18fb69,1,21.999999999999993,0.0,iron,123.07438367977738,0
3616.4479585238732,8,Day,960ef087e05742f2b803829b9a18fb69,1,21.999999999999993,0.0,iron,123.07438367977738,0
3617.4499684013426,8,Day,960ef087e05742f2b803829b9a18fb69,1,21.999999999999993,0.0,iron,123.07438367977738,0
3618.4539770260453,8,Day,960ef087e05742f2b803829b9a18fb69,1,21.999999999999993,0.0,iron,123.07438367977738,0
3619.456783191301,8,Day,960ef087e05742f2b803829b9a18fb69,1,21.999999999999993,0.0,iron,123.07438367977738,0
3620.458675234113,8,Day,960ef087e05742f2b803829b9a18fb69,1,21.999999999999993,0.0,iron,123.07438367977738,0
3621.4624742325395,8,Day,960ef087e05742f2b803829b9a18fb69,1,21.999999999999993,0.0,iron,123.07438367977738,0
3622.4691043547355,8,Day,960ef087e05742f2b803829b9a18fb69,1,21.999999999999993,0.0,iron,123.07438367977738,0
3623.4769567279145,8,Day,960ef087e05742f2b803829b9a18fb69,1,21.999999999999993,0.0,iron,123.07438367977738,0
3624.4787009386346,8,Day,960ef087e05742f2b803829b9a18fb69,1,21.999999999999993,0.0,iron,123.07438367977738,0
3625.479089306202,8,Day,960ef087e05742f2b803829b9a18fb69,1,21.999999999999993,0.0,iron,123.07438367977738,0
3626.4839826473035,8,Day,960ef087e05742f2b803829b9a18fb69,1,21.999999999999993,0.0,iron,123.07438367977738,0
3627.4851904325187,8,Day,960ef087e05742f2b803829b9a18fb69,1,21.999999999999993,0.0,iron,123.07438367977738,0
3628.4869367680512,8,Day,960ef087e05742f2b803829b9a18fb69,1,21.999999999999993,0.0,iron,123.07438367977738,0
3629.4931128160097,8,Day,960ef087e05742f2b803829b9a18fb69,2,21.999999999999993,30.0,iron,123.07438367977738,0
3630.497616566252,8,Day,960ef087e05742f2b803829b9a18fb69,2,21.999999999999993,30.0,iron,123.07438367977738,0
3631.499114608858,8,Day,960ef087e05742f2b803829b9a18fb69,2,21.999999999999993,30.0,iron,123.07438367977738,0
3632.502801605966,8,Day,960ef087e05742f2b803829b9a18fb69,2,21.999999999999993,30.0,iron,123.07438367977738,0
3633.508079194464,8,Day,960ef087e05742f2b803829b9a18fb69,2,21.999999999999993,30.0,iron,123.07438367977738,0
3634.5100126452744,8,Day,960ef087e05742f2b803829b9a18fb69,2,21.999999999999993,30.0,iron,123.07438367977738,0
3635.5139396837912,8,Day,960ef087e05742f2b803829b9a18fb69,2,21.999999999999993,30.0,iron,123.07438367977738,0
3636.5172386826016,8,Day,960ef087e05742f2b803829b9a18fb69,2,21.999999999999993,30.0,iron,123.07438367977738,0
3637.518510182388,8,Day,960ef087e05742f2b803829b9a18fb69,2,21.999999999999993,30.0,iron,123.07438367977738,0
3638.521434352733,8,Day,960ef087e05742f2b803829b9a18fb69,2,21.999999999999993,30.0,iron,123.07438367977738,0
3639.525181441568,8,Day,960ef087e05742f2b803829b9a18fb69,1,20.599999999999994,30.0,iron,123.07438367977738,0
3640.529220275115,8,Day,960ef087e05742f2b803829b9a18fb69,1,20.599999999999994,30.0,iron,123.07438367977738,0
3641.530255196616,8,Day,960ef087e05742f2b803829b9a18fb69,1,20.599999999999994,30.0,iron,123.07438367977738,0
3642.5347902383655,8,Day,960ef087e05742f2b803829b9a18fb69,1,20.599999999999994,30.0,iron,123.07438367977738,0
3643.538381989114,8,Day,960ef087e05742f2b803829b9a18fb69,1,20.599999999999994,30.0,iron,123.07438367977738,0
3644.5394991938956,8,Day,960ef087e05742f2b803829b9a18fb69,2,20.599999999999994,0.0,iron,123.07438367977738,0
3645.54626556905,8,Day,960ef087e05742f2b803829b9a18fb69,2,20.599999999999994,0.0,iron,123.07438367977738,0
3646.5518631972373,8,Day,960ef087e05742f2b803829b9a18fb69,2,20.599999999999994,0.0,iron,123.07438367977738,0
3647.5579533604905,8,Day,960ef087e05742f2b803829b9a18fb69,2,20.599999999999994,0.0,iron,123.07438367977738,0
3648.5613503637724,8,Day,960ef087e05742f2b803829b9a18fb69,2,20.599999999999994,0.0,iron,123.07438367977738,0
3649.5620987359434,8,Day,960ef087e05742f2b803829b9a18fb69,2,20.599999999999994,0.0,iron,123.07438367977738,0
3650.5644494439475,8,Day,960ef087e05742f2b803829b9a18fb69,2,20.599999999999994,0.0,iron,123.07438367977738,0
3651.5652756583877,8,Day,960ef087e05742f2b803829b9a18fb69,2,20.599999999999994,0.0,iron,123.07438367977738,0
3652.566064909566,8,Day,960ef087e05742f2b803829b9a18fb69,2,20.599999999999994,0.0,iron,123.07438367977738,0
3653.566238705069,8,Day,960ef087e05742f2b803829b9a18fb69,2,20.599999999999994,0.0,iron,123.07438367977738,0
3654.5668062963523,8,Day,960ef087e05742f2b803829b9a18fb69,3,17.999999999999993,0.0,iron,123.07438367977738,0
3655.573196204845,8,Day,960ef087e05742f2b803829b9a18fb69,3,17.999999999999993,0.0,iron,123.07438367977738,0
3656.573896582704,8,Day,960ef087e05742f2b803829b9a18fb69,3,17.999999999999993,0.0,iron,123.07438367977738,0
3657.5807663737796,8,Day,960ef087e05742f2b803829b9a18fb69,3,17.999999999999993,0.0,iron,123.07438367977738,0
3658.584627289325,8,Day,960ef087e05742f2b803829b9a18fb69,3,17.999999999999993,0.0,iron,123.07438367977738,0
3659.5877495799214,8,Day,960ef087e05742f2b803829b9a18fb69,3,17.999999999999993,0.0,iron,123.07438367977738,0
3660.5942811206914,8,Night,960ef087e05742f2b803829b9a18fb69,3,17.999999999999993,0.0,iron,123.07438367977738,8
3661.6008610804565,8,Night,960ef087e05742f2b803829b9a18fb69,3,17.999999999999993,0.0,iron,123.07438367977738,13
3662.607527541928,8,Night,960ef087e05742f2b803829b9a18fb69,3,17.999999999999993,0.0,iron,123.07438367977738,24
3663.614677242469,8,Night,960ef087e05742f2b803829b9a18fb69,3,17.999999999999993,0.0,iron,123.07438367977738,30
3664.615430117119,8,Night,960ef087e05742f2b803829b9a18fb69,3,17.999999999999993,0.0,iron,123.07438367977738,39
3665.6213353257626,8,Night,960ef087e05742f2b803829b9a18fb69,3,17.999999999999993,0.0,iron,123.07438367977738,45
3666.6280371178873,8,Night,960ef087e05742f2b803829b9a18fb69,3,17.999999999999993,0.0,iron,123.07438367977738,52
3667.6351565741934,8,Night,960ef087e05742f2b803829b9a18fb69,3,17.999999999999993,0.0,iron,123.07438367977738,60
3668.6386432801373,8,Night,960ef087e05742f2b803829b9a18fb69,3,17.999999999999993,0.0,iron,123.07438367977738,68
3669.6417807764374,8,Night,960ef087e05742f2b803829b9a18fb69,3,17.999999999999993,0.0,iron,123.07438367977738,75
3670.647410824895,8,Night,960ef087e05742f2b803829b9a18fb69,3,17.999999999999993,0.0,iron,123.07438367977738,83
3671.652311402373,8,Night,960ef087e05742f2b803829b9a18fb69,2,68.0,30.0,iron,200.0,88
3672.6594621469267,8,Night,960ef087e05742f2b803829b9a18fb69,2,68.0,30.0,iron,200.0,98
3673.6619687294587,8,Night,960ef087e05742f2b803829b9a18fb69,2,68.0,30.0,iron,200.0,104
3674.6685240576044,8,Night,960ef087e05742f2b803829b9a18fb69,2,68.0,30.0,iron,200.0,113
3675.6728965602815,8,Night,960ef087e05742f2b803829b9a18fb69,2,68.0,30.0,iron,200.0,119
3676.6742397192866,8,Night,960ef087e05742f2b803829b9a18fb69,2,68.0,30.0,iron,200.0,127
3677.675004724879,8,Night,960ef087e05742f2b803829b9a18fb69,2,68.0,30.0,iron,200.0,134
3678.6764656426385,8,Night,960ef087e05742f2b803829b9a18fb69,2,68.0,30.0,iron,200.0,143
3679.678168479353,8,Night,960ef087e05742f2b803829b9a18fb69,2,68.0,30.0,iron,200.0,149
3680.6831819340587,8,Night,960ef087e05742f2b803829b9a18fb69,2,68.0,30.0,iron,200.0,158
3681.799742606934,8,Night,960ef087e05742f2b803829b9a18fb69,1,66.6,30.0,iron,200.0,167
3682.8071556566283,8,Night,960ef087e05742f2b803829b9a18fb69,1,66.6,30.0,iron,200.0,173
3683.814208275173,8,Night,960ef087e05742f2b803829b9a18fb69,1,66.6,30.0,iron,200.0,183
3684.818315771874,8,Night,960ef087e05742f2b803829b9a18fb69,1,66.6,30.0,iron,200.0,188
3685.8250584043562,8,Night,960ef087e05742f2b803829b9a18fb69,1,66.6,30.0,iron,200.0,198
3686.832120151259,8,Night,960ef087e05742f2b803829b9a18fb69,2,66.6,0.0,iron,200.0,203
3687.832159232348,8,Night,960ef087e05742f2b803829b9a18fb69,2,66.6,0.0,iron,200.0,204
3688.8360251509584,8,Night,960ef087e05742f2b803829b9a18fb69,2,66.6,0.0,iron,200.0,204
3689.836218192242,8,Night,960ef087e05742f2b803829b9a18fb69,2,66.6,0.0,iron,200.0,204
3690.8367561069317,8,Night,960ef087e05742f2b803829b9a18fb69,2,66.6,0.0,iron,200.0,204
3691.84581514867,8,Night,960ef087e05742f2b803829b9a18fb69,2,66.6,0.0,iron,200.0,204
3692.850839814637,8,Night,960ef087e05742f2b803829b9a18fb69,2,66.6,0.0,iron,200.0,204
3693.856083735358,8,Night,960ef087e05742f2b803829b9a18fb69,2,66.6,0.0,iron,200.0,204
3694.8610467733815,8,Night,960ef087e05742f2b803829b9a18fb69,2,66.6,0.0,iron,200.0,204
3695.8672096924856,8,Night,960ef087e05742f2b803829b9a18fb69,2,66.6,0.0,iron,200.0,204
3696.8741115285084,8,Night,960ef087e05742f2b803829b9a18fb69,1,63.99999999999999,0.0,iron,200.0,204
3697.8818451985717,8,Night,960ef087e05742f2b803829b9a18fb69,1,63.99999999999999,0.0,iron,200.0,204
3698.8861101567745,8,Night,960ef087e05742f2b803829b9a18fb69,1,63.99999999999999,0.0,iron,200.0,204
3699.8881650692783,8,Night,960ef087e05742f2b803829b9a18fb69,1,63.99999999999999,0.0,iron,200.0,204
3700.891690156888,8,Night,960ef087e05742f2b803829b9a18fb69,1,63.99999999999999,0.0,iron,200.0,204
3701.8981497832574,8,Night,960ef087e05742f2b803829b9a18fb69,1,63.99999999999999,0.0,iron,200.0,204
3702.898428741377,8,Night,960ef087e05742f2b803829b9a18fb69,1,63.99999999999999,0.0,iron,200.0,204
3703.9026399520226,8,Night,960ef087e05742f2b803829b9a18fb69,1,63.99999999999999,0.0,iron,200.0,204
3704.9069425808266,8,Night,960ef087e05742f2b803829b9a18fb69,1,63.99999999999999,0.0,iron,200.0,204
3705.907603790518,8,Night,960ef087e05742f2b803829b9a18fb69,1,63.99999999999999,0.0,iron,200.0,204
3706.915435170755,8,Night,960ef087e05742f2b803829b9a18fb69,1,63.99999999999999,0.0,iron,200.0,204
3707.9162219194695,8,Night,960ef087e05742f2b803829b9a18fb69,1,63.99999999999999,0.0,iron,200.0,204
3708.919413455762,8,Night,960ef087e05742f2b803829b9a18fb69,1,63.99999999999999,0.0,iron,200.0,204
3709.924132619519,8,Night,960ef087e05742f2b803829b9a18fb69,1,63.99999999999999,0.0,iron,200.0,204
3710.9316935306415,8,Night,960ef087e05742f2b803829b9a18fb69,1,63.99999999999999,0.0,iron,200.0,204
3711.9386264062487,8,Night,960ef087e05742f2b803829b9a18fb69,1,63.99999999999999,0.0,iron,200.0,204
3712.945472198073,8,Night,960ef087e05742f2b803829b9a18fb69,1,63.99999999999999,0.0,iron,200.0,203
3713.9473992721178,8,Night,960ef087e05742f2b803829b9a18fb69,2,63.99999999999999,30.0,iron,200.0,203
3714.949240359012,8,Night,960ef087e05742f2b803829b9a18fb69,2,63.99999999999999,30.0,iron,200.0,203
3715.953000690788,8,Night,960ef087e05742f2b803829b9a18fb69,2,63.99999999999999,30.0,iron,200.0,203
3716.958546026144,8,Night,960ef087e05742f2b803829b9a18fb69,2,63.99999999999999,30.0,iron,200.0,203
3717.964828153141,8,Night,960ef087e05742f2b803829b9a18fb69,2,63.99999999999999,30.0,iron,200.0,202
3718.9702954832464,8,Night,960ef087e05742f2b803829b9a18fb69,2,63.99999999999999,30.0,iron,200.0,202
3719.9734522723593,8,Night,960ef087e05742f2b803829b9a18fb69,2,63.99999999999999,30.0,iron,200.0,202
3720.975138102658,8,Night,960ef087e05742f2b803829b9a18fb69,2,63.99999999999999,30.0,iron,200.0,202
3721.978610891849,8,Night,960ef087e05742f2b803829b9a18fb69,2,63.99999999999999,30.0,iron,200.0,202
3722.980546525214,8,Night,960ef087e05742f2b803829b9a18fb69,2,63.99999999999999,30.0,iron,200.0,201
3723.985803980846,8,Night,960ef087e05742f2b803829b9a18fb69,1,62.599999999999994,30.0,iron,200.0,201
3724.989637568593,8,Night,960ef087e05742f2b803829b9a18fb69,1,62.599999999999994,30.0,iron,200.0,201
3725.992432061117,8,Night,960ef087e05742f2b803829b9a18fb69,1,62.599999999999994,30.0,iron,200.0,201
3726.995700103231,8,Night,960ef087e05742f2b803829b9a18fb69,1,62.599999999999994,30.0,iron,200.0,201
3728.0009396513924,8,Night,960ef087e05742f2b803829b9a18fb69,1,62.599999999999994,30.0,iron,200.0,197
3729.0034371027723,8,Night,960ef087e05742f2b803829b9a18fb69,2,62.599999999999994,0.0,iron,200.0,197
3730.0090064327233,8,Night,960ef087e05742f2b803829b9a18fb69,2,62.599999999999994,0.0,iron,200.0,197
3731.0137100606225,8,Night,960ef087e05742f2b803829b9a18fb69,2,62.599999999999994,0.0,iron,200.0,197
3732.0139841376804,8,Night,960ef087e05742f2b803829b9a18fb69,2,62.599999999999994,0.0,iron,200.0,197
3733.0198255148716,8,Night,960ef087e05742f2b803829b9a18fb69,2,62.599999999999994,0.0,iron,200.0,193
3734.020517311059,8,Night,960ef087e05742f2b803829b9a18fb69,2,62.599999999999994,0.0,iron,200.0,193
3735.0252369353548,8,Night,960ef087e05742f2b803829b9a18fb69,2,62.599999999999994,0.0,iron,200.0,193
3736.0317534776405,8,Night,960ef087e05742f2b803829b9a18fb69,2,62.599999999999994,0.0,iron,200.0,187
3737.035802103579,8,Night,960ef087e05742f2b803829b9a18fb69,2,62.599999999999994,0.0,iron,200.0,187
3738.0365747283213,8,Night,960ef087e05742f2b803829b9a18fb69,2,62.599999999999994,0.0,iron,200.0,184
3739.037555388175,8,Night,960ef087e05742f2b803829b9a18fb69,1,59.99999999999999,0.0,iron,200.0,183
3740.038895387668,8,Night,960ef087e05742f2b803829b9a18fb69,1,59.99999999999999,0.0,iron,200.0,181
3741.0402197255753,8,Night,960ef087e05742f2b803829b9a18fb69,1,59.99999999999999,0.0,iron,199.46352313971147,167
3742.045516353566,8,Night,960ef087e05742f2b803829b9a18fb69,1,59.99999999999999,0.0,iron,199.46352313971147,165
3743.0465642265044,8,Night,960ef087e05742f2b803829b9a18fb69,1,59.99999999999999,0.0,iron,199.46352313971147,151
3744.0488820173778,8,Night,960ef087e05742f2b803829b9a18fb69,1,59.99999999999999,0.0,iron,198.55701439082623,151
3745.0534272650257,8,Night,960ef087e05742f2b803829b9a18fb69,1,59.99999999999999,0.0,iron,193.53428815258667,151
3746.0544438478537,8,Night,960ef087e05742f2b803829b9a18fb69,1,59.99999999999999,0.0,iron,192.3190829367377,140
3747.0583555190824,8,Night,960ef087e05742f2b803829b9a18fb69,1,59.99999999999999,0.0,iron,192.3190829367377,140
3748.0657556829974,8,Night,960ef087e05742f2b803829b9a18fb69,1,59.99999999999999,0.0,iron,188.88966046040878,138
3749.0723195630126,8,Night,960ef087e05742f2b803829b9a18fb69,1,59.99999999999999,0.0,iron,187.61886917753145,132
3750.07785514649,8,Night,960ef087e05742f2b803829b9a18fb69,1,59.99999999999999,0.0,iron,187.61886917753145,130
3751.080161356367,8,Night,960ef087e05742f2b803829b9a18fb69,1,59.99999999999999,0.0,iron,187.61886917753145,116
3752.084794027265,8,Night,960ef087e05742f2b803829b9a18fb69,1,59.99999999999999,0.0,iron,187.61886917753145,114
3753.087213523686,8,Night,960ef087e05742f2b803829b9a18fb69,1,59.99999999999999,0.0,iron,187.61886917753145,111
3754.0882284012623,8,Night,960ef087e05742f2b803829b9a18fb69,1,59.99999999999999,0.0,iron,187.61886917753145,101
3755.0918218200095,8,Night,960ef087e05742f2b803829b9a18fb69,1,59.99999999999999,0.0,iron,187.61886917753145,101
3756.0984284481965,8,Night,960ef087e05742f2b803829b9a18fb69,2,59.99999999999999,30.0,iron,187.61886917753145,91
3757.1037356979214,8,Night,960ef087e05742f2b803829b9a18fb69,2,59.99999999999999,30.0,iron,187.61886917753145,91
3758.1106261140667,8,Night,960ef087e05742f2b803829b9a18fb69,2,59.99999999999999,30.0,iron,187.61886917753145,89
3759.1154810283333,8,Night,960ef087e05742f2b803829b9a18fb69,2,59.99999999999999,30.0,iron,187.61886917753145,84
3760.115646529477,8,Night,960ef087e05742f2b803829b9a18fb69,2,59.99999999999999,30.0,iron,187.61886917753145,81
3761.1182318204083,8,Night,960ef087e05742f2b803829b9a18fb69,2,59.99999999999999,30.0,iron,187.61886917753145,79
3762.1201667385176,8,Night,960ef087e05742f2b803829b9a18fb69,2,59.99999999999999,30.0,iron,187.61886917753145,69
3763.1265586963855,8,Night,960ef087e05742f2b803829b9a18fb69,2,59.99999999999999,30.0,iron,187.61886917753145,68
3764.133899745997,8,Night,960ef087e05742f2b803829b9a18fb69,2,59.99999999999999,30.0,iron,187.61886917753145,68
3765.136676612776,8,Night,960ef087e05742f2b803829b9a18fb69,2,59.99999999999999,30.0,iron,187.61886917753145,68
3766.137229526881,8,Night,960ef087e05742f2b803829b9a18fb69,1,58.599999999999994,30.0,iron,187.61886917753145,68
3767.145075817127,8,Night,960ef087e05742f2b803829b9a18fb69,1,58.599999999999994,30.0,iron,187.61886917753145,68
3768.1465132837184,8,Night,960ef087e05742f2b803829b9a18fb69,1,58.599999999999994,30.0,iron,187.61886917753145,68
3769.1520426119678,8,Night,960ef087e05742f2b803829b9a18fb69,1,58.599999999999994,30.0,iron,187.61886917753145,68
3770.1531214034185,8,Night,960ef087e05742f2b803829b9a18fb69,1,58.599999999999994,30.0,iron,187.61886917753145,68
3771.1588885653764,8,Night,960ef087e05742f2b803829b9a18fb69,2,58.599999999999994,0.0,iron,187.61886917753145,68
3772.166736521758,8,Night,960ef087e05742f2b803829b9a18fb69,2,58.599999999999994,0.0,iron,187.61886917753145,68
3773.1738883429207,8,Night,960ef087e05742f2b803829b9a18fb69,2,58.599999999999994,0.0,iron,187.61886917753145,68
3774.176270180382,8,Night,960ef087e05742f2b803829b9a18fb69,2,58.599999999999994,0.0,iron,187.61886917753145,68
3775.1794648827054,8,Night,960ef087e05742f2b803829b9a18fb69,2,58.599999999999994,0.0,iron,187.61886917753145,68
3776.1810178793967,8,Night,960ef087e05742f2b803829b9a18fb69,2,58.599999999999994,0.0,iron,187.61886917753145,68
3777.186863923911,8,Night,960ef087e05742f2b803829b9a18fb69,2,58.599999999999994,0.0,iron,187.61886917753145,68
3778.191701505799,8,Night,960ef087e05742f2b803829b9a18fb69,2,58.599999999999994,0.0,iron,187.61886917753145,68
3779.198396214284,8,Night,960ef087e05742f2b803829b9a18fb69,2,58.599999999999994,0.0,iron,187.61886917753145,68
3780.2045726319775,8,Night,960ef087e05742f2b803829b9a18fb69,2,58.599999999999994,0.0,iron,187.61886917753145,68
3781.211239458993,8,Night,960ef087e05742f2b803829b9a18fb69,1,55.99999999999999,0.0,iron,187.61886917753145,68
3782.2168029164895,8,Night,960ef087e05742f2b803829b9a18fb69,1,55.99999999999999,0.0,iron,187.61886917753145,68
3783.220472124871,8,Night,960ef087e05742f2b803829b9a18fb69,1,55.99999999999999,0.0,iron,187.61886917753145,68
3784.2234821659513,8,Night,960ef087e05742f2b803829b9a18fb69,1,55.99999999999999,0.0,iron,187.61886917753145,68
3785.225620377343,8,Night,960ef087e05742f2b803829b9a18fb69,1,55.99999999999999,0.0,iron,187.61886917753145,68
3786.2310007116757,8,Night,960ef087e05742f2b803829b9a18fb69,1,55.99999999999999,0.0,iron,187.61886917753145,68
3787.233303834684,8,Night,960ef087e05742f2b803829b9a18fb69,1,55.99999999999999,0.0,iron,187.61886917753145,68
3788.2355404119007,8,Night,960ef087e05742f2b803829b9a18fb69,1,55.99999999999999,0.0,iron,187.61886917753145,68
3789.238902749028,8,Night,960ef087e05742f2b803829b9a18fb69,1,55.99999999999999,0.0,iron,187.61886917753145,68
3790.2450821641833,8,Night,960ef087e05742f2b803829b9a18fb69,1,55.99999999999999,0.0,iron,187.61886917753145,68
3791.250485200435,8,Night,960ef087e05742f2b803829b9a18fb69,1,55.99999999999999,0.0,iron,187.61886917753145,68
3792.2513621593826,8,Night,960ef087e05742f2b803829b9a18fb69,1,55.99999999999999,0.0,iron,187.61886917753145,66
3793.252649155911,8,Night,960ef087e05742f2b803829b9a18fb69,1,55.99999999999999,0.0,iron,187.61886917753145,66
3794.2589814919047,8,Night,960ef087e05742f2b803829b9a18fb69,1,55.99999999999999,0.0,iron,187.61886917753145,66
3795.2590787890367,8,Night,960ef087e05742f2b803829b9a18fb69,1,55.99999999999999,0.0,iron,187.61886917753145,66
3796.263177951332,8,Night,960ef087e05742f2b803829b9a18fb69,1,55.99999999999999,0.0,iron,187.61886917753145,66
3797.265493823681,8,Night,960ef087e05742f2b803829b9a18fb69,1,55.99999999999999,0.0,iron,187.61886917753145,64
3798.268470911309,8,Night,960ef087e05742f2b803829b9a18fb69,2,55.99999999999999,30.0,iron,187.61886917753145,64
3799.2712873765267,8,Night,960ef087e05742f2b803829b9a18fb69,2,55.99999999999999,30.0,iron,187.61886917753145,64
3800.276855503209,8,Night,960ef087e05742f2b803829b9a18fb69,2,55.99999999999999,30.0,iron,187.61886917753145,64
3801.279865339864,8,Night,960ef087e05742f2b803829b9a18fb69,2,55.99999999999999,30.0,iron,187.61886917753145,64
3802.2803507936187,8,Night,960ef087e05742f2b803829b9a18fb69,2,55.99999999999999,30.0,iron,187.61886917753145,62
3803.2807736308314,8,Night,960ef087e05742f2b803829b9a18fb69,2,55.99999999999999,30.0,iron,187.61886917753145,62
3804.2887327512726,8,Night,960ef087e05742f2b803829b9a18fb69,2,55.99999999999999,30.0,iron,187.61886917753145,62
3805.29653137736,8,Night,960ef087e05742f2b803829b9a18fb69,2,55.99999999999999,30.0,iron,187.61886917753145,62
3806.299770251848,8,Night,960ef087e05742f2b803829b9a18fb69,2,55.99999999999999,30.0,iron,187.61886917753145,62
3807.3038077950478,8,Night,960ef087e05742f2b803829b9a18fb69,2,55.99999999999999,30.0,iron,187.61886917753145,60
3808.305095176678,8,Night,960ef087e05742f2b803829b9a18fb69,1,54.599999999999994,30.0,iron,187.61886917753145,60
3809.3091293373145,8,Night,960ef087e05742f2b803829b9a18fb69,1,54.599999999999994,30.0,iron,187.61886917753145,60
3810.310048590414,8,Night,960ef087e05742f2b803829b9a18fb69,1,54.599999999999994,30.0,iron,187.61886917753145,60
3811.3141000047326,8,Night,960ef087e05742f2b803829b9a18fb69,1,54.599999999999994,30.0,iron,187.61886917753145,60
3812.3159791715443,8,Night,960ef087e05742f2b803829b9a18fb69,1,54.599999999999994,30.0,iron,187.61886917753145,53
3813.3171479706652,8,Night,960ef087e05742f2b803829b9a18fb69,2,54.599999999999994,0.0,iron,187.61886917753145,53
3814.3233056422323,8,Night,960ef087e05742f2b803829b9a18fb69,2,54.599999999999994,0.0,iron,187.61886917753145,53
3815.3278793878853,8,Night,960ef087e05742f2b803829b9a18fb69,2,54.599999999999994,0.0,iron,185.47194918617606,53
3816.332862893585,8,Night,960ef087e05742f2b803829b9a18fb69,2,54.599999999999994,0.0,iron,180.44703165767714,53
3817.3345773052424,8,Night,960ef087e05742f2b803829b9a18fb69,2,54.599999999999994,0.0,iron,175.43845959939063,51
3818.33908905508,8,Night,960ef087e05742f2b803829b9a18fb69,2,54.599999999999994,0.0,iron,172.75177521631122,45
3819.3429028880782,8,Night,960ef087e05742f2b803829b9a18fb69,2,54.599999999999994,0.0,iron,167.73270605131984,45
3820.3458678028546,8,Night,960ef087e05742f2b803829b9a18fb69,2,54.599999999999994,0.0,iron,165.8593620825559,35
3821.346054968424,8,Night,960ef087e05742f2b803829b9a18fb69,2,54.599999999999994,0.0,iron,165.8593620825559,35
3822.352669177577,8,Night,960ef087e05742f2b803829b9a18fb69,2,54.599999999999994,0.0,iron,165.8593620825559,34
3823.3527720486745,8,Night,960ef087e05742f2b803829b9a18fb69,1,51.99999999999999,0.0,iron,165.1099164574407,34
3824.3558682999574,8,Night,960ef087e05742f2b803829b9a18fb69,1,51.99999999999999,0.0,iron,165.1099164574407,28
3825.3573564291,8,Night,960ef087e05742f2b803829b9a18fb69,1,51.99999999999999,0.0,iron,165.1099164574407,28
3826.358497225214,8,Night,960ef087e05742f2b803829b9a18fb69,1,51.99999999999999,0.0,iron,165.1099164574407,27
3827.359183134977,8,Night,960ef087e05742f2b803829b9a18fb69,1,51.99999999999999,0.0,iron,160.6157098012045,26
3828.3637219294906,8,Night,960ef087e05742f2b803829b9a18fb69,1,51.99999999999999,0.0,iron,155.59301582863554,25
3829.371411549393,8,Night,960ef087e05742f2b803829b9a18fb69,1,51.99999999999999,0.0,iron,150.55456772912294,22
3830.372928426601,8,Night,960ef087e05742f2b803829b9a18fb69,1,51.99999999999999,0.0,iron,145.5469833430834,20
3831.3790627573617,8,Night,960ef087e05742f2b803829b9a18fb69,1,51.99999999999999,0.0,iron,140.51631168927997,16
3832.3868135893717,8,Night,960ef087e05742f2b803829b9a18fb69,1,51.99999999999999,0.0,iron,135.47755752922967,14
3833.3942857529037,8,Night,960ef087e05742f2b803829b9a18fb69,1,51.99999999999999,0.0,iron,130.44019671157002,11
3834.4009045027196,8,Night,960ef087e05742f2b803829b9a18fb69,1,51.99999999999999,0.0,iron,125.40710296249017,9
3835.407489418518,8,Night,960ef087e05742f2b803829b9a18fb69,1,51.99999999999999,0.0,iron,120.37417838349938,7
3836.4082746263593,8,Night,960ef087e05742f2b803829b9a18fb69,1,51.99999999999999,0.0,iron,115.37025234429166,4
3837.4088436630554,8,Night,960ef087e05742f2b803829b9a18fb69,1,51.99999999999999,0.0,iron,110.36740716081113,1
3838.4101623673923,8,Night,960ef087e05742f2b803829b9a18fb69,1,51.99999999999999,0.0,iron,108.420431537088,0
3839.414278408978,8,Night,960ef087e05742f2b803829b9a18fb69,1,51.99999999999999,0.0,iron,108.420431537088,0
3840.419859947171,9,Day,960ef087e05742f2b803829b9a18fb69,2,51.99999999999999,30.0,iron,108.420431537088,0
3841.422123947181,9,Day,960ef087e05742f2b803829b9a18fb69,2,51.99999999999999,30.0,iron,108.420431537088,0
3842.429604866542,9,Day,960ef087e05742f2b803829b9a18fb69,2,51.99999999999999,30.0,iron,108.420431537088,0
3843.436329781078,9,Day,960ef087e05742f2b803829b9a18fb69,2,51.99999999999999,30.0,iron,108.420431537088,0
3844.4409591504373,9,Day,960ef087e05742f2b803829b9a18fb69,2,51.99999999999999,30.0,iron,108.420431537088,0
3845.4477337743156,9,Day,960ef087e05742f2b803829b9a18fb69,2,51.99999999999999,30.0,iron,108.420431537088,0
3846.4553358959965,9,Day,960ef087e05742f2b803829b9a18fb69,2,51.99999999999999,30.0,iron,108.420431537088,0
3847.4580969787203,9,Day,960ef087e05742f2b803829b9a18fb69,2,51.99999999999999,30.0,iron,108.420431537088,0
3848.45916710468,9,Day,960ef087e05742f2b803829b9a18fb69,2,51.99999999999999,30.0,iron,108.420431537088,0
3849.464937531855,9,Day,960ef087e05742f2b803829b9a18fb69,2,51.99999999999999,30.0,iron,108.420431537088,0
3850.473276156001,9,Day,960ef087e05742f2b803829b9a18fb69,1,50.599999999999994,30.0,iron,108.420431537088,0
3851.476499285549,9,Day,960ef087e05742f2b803829b9a18fb69,1,50.599999999999994,30.0,iron,108.420431537088,0
3852.4812791179866,9,Day,960ef087e05742f2b803829b9a18fb69,1,50.599999999999994,30.0,iron,108.420431537088,0
3853.4887404078618,9,Day,960ef087e05742f2b803829b9a18fb69,1,50.599999999999994,30.0,iron,108.420431537088,0
3854.4912336608395,9,Day,960ef087e05742f2b803829b9a18fb69,1,50.599999999999994,30.0,iron,108.420431537088,0
3855.497612455394,9,Day,960ef087e05742f2b803829b9a18fb69,2,50.599999999999994,0.0,iron,108.420431537088,0
3856.498244747985,9,Day,960ef087e05742f2b803829b9a18fb69,2,50.599999999999994,0.0,iron,108.420431537088,0
3857.5004299096763,9,Day,960ef087e05742f2b803829b9a18fb69,2,50.599999999999994,0.0,iron,108.420431537088,0
3858.5028292853385,9,Day,960ef087e05742f2b803829b9a18fb69,2,50.599999999999994,0.0,iron,108.420431537088,0
3859.5100063704886,9,Day,960ef087e05742f2b803829b9a18fb69,2,50.599999999999994,0.0,iron,108.420431537088,0
3860.510675871279,9,Day,960ef087e05742f2b803829b9a18fb69,2,50.599999999999994,0.0,iron,108.420431537088,0
3861.5139361252077,9,Day,960ef087e05742f2b803829b9a18fb69,2,50.599999999999994,0.0,iron,108.420431537088,0
3862.5171098681167,9,Day,960ef087e05742f2b803829b9a18fb69,2,50.599999999999994,0.0,iron,108.420431537088,0
3863.52308849385,9,Day,960ef087e05742f2b803829b9a18fb69,2,50.599999999999994,0.0,iron,108.420431537088,0
3864.5232329503633,9,Day,960ef087e05742f2b803829b9a18fb69,2,50.599999999999994,0.0,iron,108.420431537088,0
3865.528818368446,9,Day,960ef087e05742f2b803829b9a18fb69,1,47.99999999999999,0.0,iron,108.420431537088,0
3866.5343006197363,9,Day,960ef087e05742f2b803829b9a18fb69,1,47.99999999999999,0.0,iron,108.420431537088,0
3867.5418392787687,9,Day,960ef087e05742f2b803829b9a18fb69,1,47.99999999999999,0.0,iron,108.420431537088,0
3868.5459821992554,9,Day,960ef087e05742f2b803829b9a18fb69,1,47.99999999999999,0.0,iron,108.420431537088,0
3869.550229409244,9,Day,960ef087e05742f2b803829b9a18fb69,1,47.99999999999999,0.0,iron,108.420431537088,0
3870.5569867016748,9,Day,960ef087e05742f2b803829b9a18fb69,1,47.99999999999999,0.0,iron,108.420431537088,0
3871.5573577820323,9,Day,960ef087e05742f2b803829b9a18fb69,1,47.99999999999999,0.0,iron,108.420431537088,0
3872.56413474679,9,Day,960ef087e05742f2b803829b9a18fb69,1,47.99999999999999,0.0,iron,108.420431537088,0
3873.5646667447872,9,Day,960ef087e05742f2b803829b9a18fb69,1,47.99999999999999,0.0,iron,108.420431537088,0
3874.5710598197766,9,Day,960ef087e05742f2b803829b9a18fb69,1,47.99999999999999,0.0,iron,108.420431537088,0
3875.5726923267357,9,Day,960ef087e05742f2b803829b9a18fb69,1,47.99999999999999,0.0,iron,108.420431537088,0
3876.5785726578906,9,Day,960ef087e05742f2b803829b9a18fb69,1,47.99999999999999,0.0,iron,108.420431537088,0
3877.5799050373025,9,Day,960ef087e05742f2b803829b9a18fb69,1,47.99999999999999,0.0,iron,108.420431537088,0
3878.5803549508564,9,Day,960ef087e05742f2b803829b9a18fb69,1,47.99999999999999,0.0,iron,108.420431537088,0
3879.5836178725585,9,Day,960ef087e05742f2b803829b9a18fb69,1,47.99999999999999,0.0,iron,108.420431537088,0
3880.590590957552,9,Day,960ef087e05742f2b803829b9a18fb69,1,47.99999999999999,0.0,iron,108.420431537088,0
3881.5951093723997,9,Day,960ef087e05742f2b803829b9a18fb69,1,47.99999999999999,0.0,iron,108.420431537088,0
3882.600112207234,9,Day,960ef087e05742f2b803829b9a18fb69,2,47.99999999999999,30.0,iron,108.420431537088,0
3883.6008618725464,9,Day,960ef087e05742f2b803829b9a18fb69,2,47.99999999999999,30.0,iron,108.420431537088,0
3884.6087384982966,9,Day,960ef087e05742f2b803829b9a18fb69,2,47.99999999999999,30.0,iron,108.420431537088,0
3885.6157966610044,9,Day,960ef087e05742f2b803829b9a18fb69,2,47.99999999999999,30.0,iron,108.420431537088,0
3886.622351082973,9,Day,960ef087e05742f2b803829b9a18fb69,2,47.99999999999999,30.0,iron,108.420431537088,0
3887.628998497501,9,Day,960ef087e05742f2b803829b9a18fb69,2,47.99999999999999,30.0,iron,108.420431537088,0
3888.6340199536644,9,Day,960ef087e05742f2b803829b9a18fb69,2,47.99999999999999,30.0,iron,108.420431537088,0
3889.6392944166437,9,Day,960ef087e05742f2b803829b9a18fb69,2,47.99999999999999,30.0,iron,108.420431537088,0
3890.6405660770833,9,Day,960ef087e05742f2b803829b9a18fb69,2,47.99999999999999,30.0,iron,108.420431537088,0
3891.6458902060986,9,Day,960ef087e05742f2b803829b9a18fb69,2,47.99999999999999,30.0,iron,108.420431537088,0
3892.652131995652,9,Day,960ef087e05742f2b803829b9a18fb69,1,46.599999999999994,30.0,iron,108.420431537088,0
3893.657600823324,9,Day,960ef087e05742f2b803829b9a18fb69,1,46.599999999999994,30.0,iron,108.420431537088,0
3894.665494660847,9,Day,960ef087e05742f2b803829b9a18fb69,1,46.599999999999994,30.0,iron,108.420431537088,0
3895.673175329808,9,Day,960ef087e05742f2b803829b9a18fb69,1,46.599999999999994,30.0,iron,108.420431537088,0
3896.803604154382,9,Day,960ef087e05742f2b803829b9a18fb69,2,46.599999999999994,0.0,iron,108.420431537088,0
3897.8068055710755,9,Day,960ef087e05742f2b803829b9a18fb69,2,46.599999999999994,0.0,iron,108.420431537088,0
3898.810799818486,9,Day,960ef087e05742f2b803829b9a18fb69,2,46.599999999999994,0.0,iron,108.420431537088,0
3899.817276650574,9,Day,960ef087e05742f2b803829b9a18fb69,2,46.599999999999994,0.0,iron,108.420431537088,0
3900.822536394,9,Day,960ef087e05742f2b803829b9a18fb69,2,46.599999999999994,0.0,iron,108.420431537088,0
3901.828971810639,9,Day,960ef087e05742f2b803829b9a18fb69,2,46.599999999999994,0.0,iron,108.420431537088,0
3902.8317847657017,9,Day,960ef087e05742f2b803829b9a18fb69,2,46.599999999999994,0.0,iron,108.420431537088,0
3903.8377891411074,9,Day,960ef087e05742f2b803829b9a18fb69,2,46.599999999999994,0.0,iron,108.420431537088,0
3904.8430531448685,9,Day,960ef087e05742f2b803829b9a18fb69,2,46.599999999999994,0.0,iron,108.420431537088,0
3905.8458756008185,9,Day,960ef087e05742f2b803829b9a18fb69,2,46.599999999999994,0.0,iron,108.420431537088,0
3906.848283654079,9,Day,960ef087e05742f2b803829b9a18fb69,1,43.99999999999999,0.0,iron,108.420431537088,0
3907.849773108959,9,Day,960ef087e05742f2b803829b9a18fb69,1,43.99999999999999,0.0,iron,108.420431537088,0
3908.851249608211,9,Day,960ef087e05742f2b803829b9a18fb69,1,43.99999999999999,0.0,iron,108.420431537088,0
3909.8521321029402,9,Day,960ef087e05742f2b803829b9a18fb69,1,43.99999999999999,0.0,iron,108.420431537088,0
3910.8566682748497,9,Day,960ef087e05742f2b803829b9a18fb69,1,43.99999999999999,0.0,iron,108.420431537088,0
3911.8622629372403,9,Day,960ef087e05742f2b803829b9a18fb69,1,43.99999999999999,0.0,iron,108.420431537088,0
3912.8626853986643,9,Day,960ef087e05742f2b803829b9a18fb69,1,43.99999999999999,0.0,iron,108.420431537088,0
3913.8675837656483,9,Day,960ef087e05742f2b803829b9a18fb69,1,43.99999999999999,0.0,iron,108.420431537088,0
3914.8687292300165,9,Day,960ef087e05742f2b803829b9a18fb69,1,43.99999999999999,0.0,iron,108.420431537088,0
3915.872498893179,9,Day,960ef087e05742f2b803829b9a18fb69,1,43.99999999999999,0.0,iron,108.420431537088,0
3916.879379055463,9,Day,960ef087e05742f2b803829b9a18fb69,1,43.99999999999999,0.0,iron,108.420431537088,0
3917.8831622614525,9,Day,960ef087e05742f2b803829b9a18fb69,1,43.99999999999999,0.0,iron,108.420431537088,0
3918.8881541844457,9,Day,960ef087e05742f2b803829b9a18fb69,1,43.99999999999999,0.0,iron,108.420431537088,0
3919.8922531418502,9,Day,960ef087e05742f2b803829b9a18fb69,1,43.99999999999999,0.0,iron,108.420431537088,0
3920.894562056754,9,Day,960ef087e05742f2b803829b9a18fb69,1,43.99999999999999,0.0,iron,108.420431537088,0
3921.902455008123,9,Day,960ef087e05742f2b803829b9a18fb69,1,43.99999999999999,0.0,iron,108.420431537088,0
3922.9055216331035,9,Day,960ef087e05742f2b803829b9a18fb69,1,43.99999999999999,0.0,iron,108.420431537088,0
3923.9088935079053,9,Day,960ef087e05742f2b803829b9a18fb69,2,43.99999999999999,30.0,iron,108.420431537088,0
3924.91142218234,9,Day,960ef087e05742f2b803829b9a18fb69,2,43.99999999999999,30.0,iron,108.420431537088,0
3925.912155473139,9,Day,960ef087e05742f2b803829b9a18fb69,2,43.99999999999999,30.0,iron,108.420431537088,0
3926.9140118877403,9,Day,960ef087e05742f2b803829b9a18fb69,2,43.99999999999999,30.0,iron,108.420431537088,0
3927.9191952613182,9,Day,960ef087e05742f2b803829b9a18fb69,2,43.99999999999999,30.0,iron,108.420431537088,0
3928.919964511879,9,Day,960ef087e05742f2b803829b9a18fb69,2,43.99999999999999,30.0,iron,108.420431537088,0
3929.9232968916185,9,Day,960ef087e05742f2b803829b9a18fb69,2,43.99999999999999,30.0,iron,108.420431537088,0
3930.9304003030993,9,Day,960ef087e05742f2b803829b9a18fb69,2,43.99999999999999,30.0,iron,108.420431537088,0
3931.9376302999444,9,Day,960ef087e05742f2b803829b9a18fb69,2,43.99999999999999,30.0,iron,108.420431537088,0
3932.9426462254487,9,Day,960ef087e05742f2b803829b9a18fb69,2,43.99999999999999,30.0,iron,108.420431537088,0
3933.94719442958,9,Day,960ef087e05742f2b803829b9a18fb69,1,42.599999999999994,30.0,iron,108.420431537088,0
3934.9535660096444,9,Day,960ef087e05742f2b803829b9a18fb69,1,42.599999999999994,30.0,iron,108.420431537088,0
3935.9583495957777,9,Day,960ef087e05742f2b803829b9a18fb69,1,42.599999999999994,30.0,iron,108.420431537088,0
3936.9619995085523,9,Day,960ef087e05742f2b803829b9a18fb69,1,42.599999999999994,30.0,iron,108.420431537088,0
3937.9643123848364,9,Day,960ef087e05742f2b803829b9a18fb69,1,42.599999999999994,30.0,iron,108.420431537088,0
3938.9694982646033,9,Day,960ef087e05742f2b803829b9a18fb69,2,42.599999999999994,0.0,iron,108.420431537088,0
3939.975650301203,9,Day,960ef087e05742f2b803829b9a18fb69,2,42.599999999999994,0.0,iron,108.420431537088,0
3940.9766630916856,9,Day,960ef087e05742f2b803829b9a18fb69,2,42.599999999999994,0.0,iron,108.420431537088,0
3941.9773839637637,9,Day,960ef087e05742f2b803829b9a18fb69,2,42.599999999999994,0.0,iron,108.420431537088,0
3942.984503630083,9,Day,960ef087e05742f2b803829b9a18fb69,2,42.599999999999994,0.0,iron,108.420431537088,0
3943.988785833586,9,Day,960ef087e05742f2b803829b9a18fb69,2,42.599999999999994,0.0,iron,108.420431537088,0
3944.9908778755926,9,Day,960ef087e05742f2b803829b9a18fb69,2,42.599999999999994,0.0,iron,108.420431537088,0
3945.9976689601317,9,Day,960ef087e05742f2b803829b9a18fb69,2,42.599999999999994,0.0,iron,108.420431537088,0
3947.0001039942726,9,Day,960ef087e05742f2b803829b9a18fb69,2,42.599999999999994,0.0,iron,108.420431537088,0
3948.000112828333,9,Day,960ef087e05742f2b803829b9a18fb69,2,42.599999999999994,0.0,iron,108.420431537088,0
3949.0051193730906,9,Day,960ef087e05742f2b803829b9a18fb69,1,39.99999999999999,0.0,iron,108.420431537088,0
3950.012315659784,9,Day,960ef087e05742f2b803829b9a18fb69,1,39.99999999999999,0.0,iron,108.420431537088,0
3951.0164269129746,9,Day,960ef087e05742f2b803829b9a18fb69,1,39.99999999999999,0.0,iron,108.420431537088,0
3952.0193200791255,9,Day,960ef087e05742f2b803829b9a18fb69,1,39.99999999999999,0.0,iron,108.420431537088,0
3953.144944703672,9,Day,960ef087e05742f2b803829b9a18fb69,1,39.99999999999999,0.0,iron,108.420431537088,0
3954.1511395811103,9,Day,960ef087e05742f2b803829b9a18fb69,1,39.99999999999999,0.0,iron,108.420431537088,0
3955.157383779995,9,Day,960ef087e05742f2b803829b9a18fb69,1,39.99999999999999,0.0,iron,108.420431537088,0
3956.164618991781,9,Day,960ef087e05742f2b803829b9a18fb69,1,39.99999999999999,0.0,iron,108.420431537088,0
3957.16839211341,9,Day,960ef087e05742f2b803829b9a18fb69,1,39.99999999999999,0.0,iron,108.420431537088,0
3958.1695829085074,9,Day,960ef087e05742f2b803829b9a18fb69,1,39.99999999999999,0.0,iron,108.420431537088,0
3959.1742182392627,9,Day,960ef087e05742f2b803829b9a18fb69,1,39.99999999999999,0.0,iron,108.420431537088,0
3960.1747069563717,9,Day,960ef087e05742f2b803829b9a18fb69,1,39.99999999999999,0.0,iron,108.420431537088,0
3961.1785523267463,9,Day,960ef087e05742f2b803829b9a18fb69,1,39.99999999999999,0.0,iron,108.420431537088,0
3962.1794098229147,9,Day,960ef087e05742f2b803829b9a18fb69,1,39.99999999999999,0.0,iron,108.420431537088,0
3963.1830463600345,9,Day,960ef087e05742f2b803829b9a18fb69,1,39.99999999999999,0.0,iron,108.420431537088,0
3964.1877481956035,9,Day,960ef087e05742f2b803829b9a18fb69,1,39.99999999999999,0.0,iron,108.420431537088,0
3965.1923616086133,9,Day,960ef087e05742f2b803829b9a18fb69,1,39.99999999999999,0.0,iron,108.420431537088,0
3966.1927642328665,9,Day,960ef087e05742f2b803829b9a18fb69,2,39.99999999999999,30.0,iron,108.420431537088,0
3967.198961860966,9,Day,960ef087e05742f2b803829b9a18fb69,2,39.99999999999999,30.0,iron,108.420431537088,0
3968.1993190352805,9,Day,960ef087e05742f2b803829b9a18fb69,2,39.99999999999999,30.0,iron,108.420431537088,0
3969.2033949089237,9,Day,960ef087e05742f2b803829b9a18fb69,2,39.99999999999999,30.0,iron,108.420431537088,0
3970.203838411253,9,Day,960ef087e05742f2b803829b9a18fb69,2,39.99999999999999,30.0,iron,108.420431537088,0
3971.203997413628,9,Day,960ef087e05742f2b803829b9a18fb69,2,39.99999999999999,30.0,iron,108.420431537088,0
3972.205569332931,9,Day,960ef087e05742f2b803829b9a18fb69,2,39.99999999999999,30.0,iron,108.420431537088,0
3973.2069785413332,9,Day,960ef087e05742f2b803829b9a18fb69,2,39.99999999999999,30.0,iron,108.420431537088,0
3974.213089416269,9,Day,960ef087e05742f2b803829b9a18fb69,2,39.99999999999999,30.0,iron,108.420431537088,0
3975.2187716690823,9,Day,960ef087e05742f2b803829b9a18fb69,2,39.99999999999999,30.0,iron,108.420431537088,0
3976.222969796043,9,Day,960ef087e05742f2b803829b9a18fb69,1,38.599999999999994,30.0,iron,108.420431537088,0
3977.227765539661,9,Day,960ef087e05742f2b803829b9a18fb69,1,38.599999999999994,30.0,iron,108.420431537088,0
3978.2295062839985,9,Day,960ef087e05742f2b803829b9a18fb69,1,38.599999999999994,30.0,iron,108.420431537088,0
3979.2341213687323,9,Day,960ef087e05742f2b803829b9a18fb69,1,38.599999999999994,30.0,iron,108.420431537088,0
3980.2350796172395,9,Day,960ef087e05742f2b803829b9a18fb69,1,38.599999999999994,30.0,iron,108.420431537088,0
3981.2381651229225,9,Day,960ef087e05742f2b803829b9a18fb69,2,38.599999999999994,0.0,iron,108.420431537088,0
3982.243722624611,9,Day,960ef087e05742f2b803829b9a18fb69,2,38.599999999999994,0.0,iron,108.420431537088,0
3983.248097503558,9,Day,960ef087e05742f2b803829b9a18fb69,2,38.599999999999994,0.0,iron,108.420431537088,0
3984.255161587149,9,Day,960ef087e05742f2b803829b9a18fb69,2,38.599999999999994,0.0,iron,108.420431537088,0
3985.261366215069,9,Day,960ef087e05742f2b803829b9a18fb69,2,38.599999999999994,0.0,iron,108.420431537088,0
3986.2616882151924,9,Day,960ef087e05742f2b803829b9a18fb69,2,38.599999999999994,0.0,iron,108.420431537088,0
3987.268808251247,9,Day,960ef087e05742f2b803829b9a18fb69,2,38.599999999999994,0.0,iron,108.420431537088,0
3988.2696705395356,9,Day,960ef087e05742f2b803829b9a18fb69,2,38.599999999999994,0.0,iron,108.420431537088,0
3989.2732254574075,9,Day,960ef087e05742f2b803829b9a18fb69,2,38.599999999999994,0.0,iron,108.420431537088,0
3990.2736488385126,9,Day,960ef087e05742f2b803829b9a18fb69,2,38.599999999999994,0.0,iron,108.420431537088,0
3991.27437791368,9,Day,960ef087e05742f2b803829b9a18fb69,1,35.99999999999999,0.0,iron,108.420431537088,0
3992.2788320789114,9,Day,960ef087e05742f2b803829b9a18fb69,1,35.99999999999999,0.0,iron,108.420431537088,0
3993.285311750602,9,Day,960ef087e05742f2b803829b9a18fb69,1,35.99999999999999,0.0,iron,108.420431537088,0
3994.289579914417,9,Day,960ef087e05742f2b803829b9a18fb69,1,35.99999999999999,0.0,iron,108.420431537088,0
3995.290803537704,9,Day,960ef087e05742f2b803829b9a18fb69,1,35.99999999999999,0.0,iron,108.420431537088,0
3996.2945500016212,9,Day,960ef087e05742f2b803829b9a18fb69,1,35.99999999999999,0.0,iron,108.420431537088,0
3997.2980623734184,9,Day,960ef087e05742f2b803829b9a18fb69,1,35.99999999999999,0.0,iron,108.420431537088,0
3998.2991242930293,9,Day,960ef087e05742f2b803829b9a18fb69,1,35.99999999999999,0.0,iron,108.420431537088,0
3999.3028062484227,9,Day,960ef087e05742f2b803829b9a18fb69,1,35.99999999999999,0.0,iron,108.420431537088,0
4000.3085278673097,9,Day,960ef087e05742f2b803829b9a18fb69,1,35.99999999999999,0.0,iron,108.420431537088,0
4001.313511112239,9,Day,960ef087e05742f2b803829b9a18fb69,1,35.99999999999999,0.0,iron,108.420431537088,0
4002.3161965720356,9,Day,960ef087e05742f2b803829b9a18fb69,1,35.99999999999999,0.0,iron,108.420431537088,0
4003.321067951154,9,Day,960ef087e05742f2b803829b9a18fb69,1,35.99999999999999,0.0,iron,108.420431537088,0
4004.3279136586934,9,Day,960ef087e05742f2b803829b9a18fb69,1,35.99999999999999,0.0,iron,108.420431537088,0
4005.334846573882,9,Day,960ef087e05742f2b803829b9a18fb69,1,35.99999999999999,0.0,iron,108.420431537088,0
4006.3399030757137,9,Day,960ef087e05742f2b803829b9a18fb69,1,35.99999999999999,0.0,iron,108.420431537088,0
4007.3399876123294,9,Day,960ef087e05742f2b803829b9a18fb69,1,35.99999999999999,0.0,iron,108.420431537088,0
4008.3413495742716,9,Day,960ef087e05742f2b803829b9a18fb69,2,35.99999999999999,30.0,iron,108.420431537088,0
4009.34361569304,9,Day,960ef087e05742f2b803829b9a18fb69,2,35.99999999999999,30.0,iron,108.420431537088,0
4010.3507463578135,9,Day,960ef087e05742f2b803829b9a18fb69,2,35.99999999999999,30.0,iron,108.420431537088,0
4011.3531329813413,9,Day,960ef087e05742f2b803829b9a18fb69,2,35.99999999999999,30.0,iron,108.420431537088,0
4012.3583605280146,9,Day,960ef087e05742f2b803829b9a18fb69,2,35.99999999999999,30.0,iron,108.420431537088,0
4013.3614263674244,9,Day,960ef087e05742f2b803829b9a18fb69,2,35.99999999999999,30.0,iron,108.420431537088,0
4014.3668125700206,9,Day,960ef087e05742f2b803829b9a18fb69,2,35.99999999999999,30.0,iron,108.420431537088,0
4015.3682347028516,9,Day,960ef087e05742f2b803829b9a18fb69,2,35.99999999999999,30.0,iron,108.420431537088,0
4016.373993245419,9,Day,960ef087e05742f2b803829b9a18fb69,2,35.99999999999999,30.0,iron,108.420431537088,0
4017.3780598277226,9,Day,960ef087e05742f2b803829b9a18fb69,2,35.99999999999999,30.0,iron,108.420431537088,0
4018.3821865720674,9,Day,960ef087e05742f2b803829b9a18fb69,1,34.599999999999994,30.0,iron,108.420431537088,0
4019.38569403952,9,Day,960ef087e05742f2b803829b9a18fb69,1,34.599999999999994,30.0,iron,108.420431537088,0
4020.3923561675474,9,Day,960ef087e05742f2b803829b9a18fb69,1,34.599999999999994,30.0,iron,108.420431537088,0
4021.3940655384213,9,Day,960ef087e05742f2b803829b9a18fb69,1,34.599999999999994,30.0,iron,108.420431537088,0
4022.3981841187924,9,Day,960ef087e05742f2b803829b9a18fb69,1,34.599999999999994,30.0,iron,108.420431537088,0
4023.401502621826,9,Day,960ef087e05742f2b803829b9a18fb69,2,34.599999999999994,0.0,iron,108.420431537088,0
4024.4082926609553,9,Day,960ef087e05742f2b803829b9a18fb69,2,34.599999999999994,0.0,iron,108.420431537088,0
4025.4125391165726,9,Day,960ef087e05742f2b803829b9a18fb69,2,34.599999999999994,0.0,iron,108.420431537088,0
4026.416904077865,9,Day,960ef087e05742f2b803829b9a18fb69,2,34.599999999999994,0.0,iron,108.420431537088,0
4027.4246212821454,9,Day,960ef087e05742f2b803829b9a18fb69,2,34.599999999999994,0.0,iron,108.420431537088,0
4028.4270307864062,9,Day,960ef087e05742f2b803829b9a18fb69,2,34.599999999999994,0.0,iron,108.420431537088,0
4029.4281925307587,9,Day,960ef087e05742f2b803829b9a18fb69,2,34.599999999999994,0.0,iron,108.420431537088,0
4030.434145566076,9,Day,960ef087e05742f2b803829b9a18fb69,2,34.599999999999994,0.0,iron,108.420431537088,0
4031.437461068388,9,Day,960ef087e05742f2b803829b9a18fb69,2,34.599999999999994,0.0,iron,108.420431537088,0
4032.444041278679,9,Day,960ef087e05742f2b803829b9a18fb69,2,34.599999999999994,0.0,iron,108.420431537088,0
4033.444984158501,9,Day,960ef087e05742f2b803829b9a18fb69,1,31.999999999999993,0.0,iron,108.420431537088,0
4034.4478911636397,9,Day,960ef087e05742f2b803829b9a18fb69,1,31.999999999999993,0.0,iron,108.420431537088,0
4035.4527614563704,9,Day,960ef087e05742f2b803829b9a18fb69,1,31.999999999999993,0.0,iron,108.420431537088,0
4036.4530371651053,9,Day,960ef087e05742f2b803829b9a18fb69,1,31.999999999999993,0.0,iron,108.420431537088,0
4037.457689411938,9,Day,960ef087e05742f2b803829b9a18fb69,1,31.999999999999993,0.0,iron,108.420431537088,0
4038.462233742699,9,Day,960ef087e05742f2b803829b9a18fb69,1,31.999999999999993,0.0,iron,108.420431537088,0
4039.464729788713,9,Day,960ef087e05742f2b803829b9a18fb69,1,31.999999999999993,0.0,iron,108.420431537088,0
4040.4708576626144,9,Day,960ef087e05742f2b803829b9a18fb69,1,31.999999999999993,0.0,iron,108.420431537088,0
4041.4730776236393,9,Day,960ef087e05742f2b803829b9a18fb69,1,31.999999999999993,0.0,iron,108.420431537088,0
4042.4761142903008,9,Day,960ef087e05742f2b803829b9a18fb69,1,31.999999999999993,0.0,iron,108.420431537088,0
4043.4798806677572,9,Day,960ef087e05742f2b803829b9a18fb69,1,31.999999999999993,0.0,iron,108.420431537088,0
4044.4839645894244,9,Day,960ef087e05742f2b803829b9a18fb69,1,31.999999999999993,0.0,iron,108.420431537088,0
4045.487313462887,9,Day,960ef087e05742f2b803829b9a18fb69,1,31.999999999999993,0.0,iron,108.420431537088,0
4046.4888701327145,9,Day,960ef087e05742f2b803829b9a18fb69,1,31.999999999999993,0.0,iron,108.420431537088,0
4047.4942806242034,9,Day,960ef087e05742f2b803829b9a18fb69,1,31.999999999999993,0.0,iron,108.420431537088,0
4048.497198258061,9,Day,960ef087e05742f2b803829b9a18fb69,1,31.999999999999993,0.0,iron,108.420431537088,0
4049.4976139627397,9,Day,960ef087e05742f2b803829b9a18fb69,1,31.999999999999993,0.0,iron,108.420431537088,0
4050.5027298461646,9,Day,960ef087e05742f2b803829b9a18fb69,2,31.999999999999993,30.0,iron,108.420431537088,0
4051.504647298716,9,Day,960ef087e05742f2b803829b9a18fb69,2,31.999999999999993,30.0,iron,108.420431537088,0
4052.5066235964186,9,Day,960ef087e05742f2b803829b9a18fb69,2,31.999999999999993,30.0,iron,108.420431537088,0
4053.511398804374,9,Day,960ef087e05742f2b803829b9a18fb69,2,31.999999999999993,30.0,iron,108.420431537088,0
4054.513221843634,9,Day,960ef087e05742f2b803829b9a18fb69,2,31.999999999999993,30.0,iron,108.420431537088,0
4055.5190086779185,9,Day,960ef087e05742f2b803829b9a18fb69,2,31.999999999999993,30.0,iron,108.420431537088,0
4056.5237671304494,9,Day,960ef087e05742f2b803829b9a18fb69,2,31.999999999999993,30.0,iron,108.420431537088,0
4057.529604759533,9,Day,960ef087e05742f2b803829b9a18fb69,2,31.999999999999993,30.0,iron,108.420431537088,0
4058.534125799313,9,Day,960ef087e05742f2b803829b9a18fb69,2,31.999999999999993,30.0,iron,108.420431537088,0
4059.5371351339854,9,Day,960ef087e05742f2b803829b9a18fb69,2,31.999999999999993,30.0,iron,108.420431537088,0
4060.5380193921737,9,Day,960ef087e05742f2b803829b9a18fb69,1,30.599999999999994,30.0,iron,108.420431537088,0
4061.5487680169754,9,Day,960ef087e05742f2b803829b9a18fb69,1,30.599999999999994,30.0,iron,108.420431537088,0
4062.5549046811648,9,Day,960ef087e05742f2b803829b9a18fb69,1,30.599999999999994,30.0,iron,108.420431537088,0
4063.5588505570777,9,Day,960ef087e05742f2b803829b9a18fb69,1,30.599999999999994,30.0,iron,108.420431537088,0
4064.565264763776,9,Day,960ef087e05742f2b803829b9a18fb69,1,30.599999999999994,30.0,iron,108.420431537088,0
4065.5689240912907,9,Day,960ef087e05742f2b803829b9a18fb69,2,30.599999999999994,0.0,iron,108.420431537088,0
4066.5751035464928,9,Day,960ef087e05742f2b803829b9a18fb69,2,30.599999999999994,0.0,iron,108.420431537088,0
4067.576189001091,9,Day,960ef087e05742f2b803829b9a18fb69,2,30.599999999999994,0.0,iron,108.420431537088,0
4068.5792497540824,9,Day,960ef087e05742f2b803829b9a18fb69,2,30.599999999999994,0.0,iron,108.420431537088,0
4069.5866657556035,9,Day,960ef087e05742f2b803829b9a18fb69,2,30.599999999999994,0.0,iron,108.420431537088,0
4070.592670585029,9,Day,960ef087e05742f2b803829b9a18fb69,2,30.599999999999994,0.0,iron,108.420431537088,0
4071.594802005682,9,Day,960ef087e05742f2b803829b9a18fb69,2,30.599999999999994,0.0,iron,108.420431537088,0
4072.5989705868997,9,Day,960ef087e05742f2b803829b9a18fb69,2,30.599999999999994,0.0,iron,108.420431537088,0
4073.6026834263466,9,Day,960ef087e05742f2b803829b9a18fb69,2,30.599999999999994,0.0,iron,108.420431537088,0
4074.6074897134677,9,Day,960ef087e05742f2b803829b9a18fb69,2,30.599999999999994,0.0,iron,108.420431537088,0
4075.615446847398,9,Day,960ef087e05742f2b803829b9a18fb69,1,27.999999999999993,0.0,iron,108.420431537088,0
4076.6189001365565,9,Day,960ef087e05742f2b803829b9a18fb69,1,27.999999999999993,0.0,iron,108.420431537088,0
4077.625558306463,9,Day,960ef087e05742f2b803829b9a18fb69,1,27.999999999999993,0.0,iron,108.420431537088,0
4078.630669889506,9,Day,960ef087e05742f2b803829b9a18fb69,1,27.999999999999993,0.0,iron,108.420431537088,0
4079.6341647235677,9,Day,960ef087e05742f2b803829b9a18fb69,1,27.999999999999993,0.0,iron,108.420431537088,0
4080.6368340617046,9,Day,960ef087e05742f2b803829b9a18fb69,1,27.999999999999993,0.0,iron,108.420431537088,0
4081.643972638529,9,Day,960ef087e05742f2b803829b9a18fb69,1,27.999999999999993,0.0,iron,108.420431537088,0
4082.645487392787,9,Day,960ef087e05742f2b803829b9a18fb69,1,27.999999999999993,0.0,iron,108.420431537088,0
4083.647563927807,9,Day,960ef087e05742f2b803829b9a18fb69,1,27.999999999999993,0.0,iron,108.420431537088,0
4084.651771226898,9,Day,960ef087e05742f2b803829b9a18fb69,1,27.999999999999993,0.0,iron,108.420431537088,0
4085.658749311231,9,Day,960ef087e05742f2b803829b9a18fb69,1,27.999999999999993,0.0,iron,108.420431537088,0
4086.661303677596,9,Day,960ef087e05742f2b803829b9a18fb69,1,27.999999999999993,0.0,iron,108.420431537088,0
4087.6655796812847,9,Day,960ef087e05742f2b803829b9a18fb69,1,27.999999999999993,0.0,iron,108.420431537088,0
4088.669425100088,9,Day,960ef087e05742f2b803829b9a18fb69,1,27.999999999999993,0.0,iron,108.420431537088,0
4089.672982142307,9,Day,960ef087e05742f2b803829b9a18fb69,1,27.999999999999993,0.0,iron,108.420431537088,0
4090.6750845145434,9,Day,960ef087e05742f2b803829b9a18fb69,1,27.999999999999993,0.0,iron,108.420431537088,0
4091.804396484047,9,Day,960ef087e05742f2b803829b9a18fb69,2,27.999999999999993,30.0,iron,108.420431537088,0
4092.8129020272754,9,Day,960ef087e05742f2b803829b9a18fb69,2,27.999999999999993,30.0,iron,108.420431537088,0
4093.8137155277655,9,Day,960ef087e05742f2b803829b9a18fb69,2,27.999999999999993,30.0,iron,108.420431537088,0
4094.821478859987,9,Day,960ef087e05742f2b803829b9a18fb69,2,27.999999999999993,30.0,iron,108.420431537088,0
4095.825756939128,9,Day,960ef087e05742f2b803829b9a18fb69,2,27.999999999999993,30.0,iron,108.420431537088,0
4096.826100766659,9,Day,960ef087e05742f2b803829b9a18fb69,2,27.999999999999993,30.0,iron,108.420431537088,0
4097.826679392718,9,Day,960ef087e05742f2b803829b9a18fb69,2,27.999999999999993,30.0,iron,108.420431537088,0
4098.83358209813,9,Day,960ef087e05742f2b803829b9a18fb69,2,27.999999999999993,30.0,iron,108.420431537088,0
4099.833747231867,9,Day,960ef087e05742f2b803829b9a18fb69,2,27.999999999999993,30.0,iron,108.420431537088,0
4100.835289939307,9,Day,960ef087e05742f2b803829b9a18fb69,2,27.999999999999993,30.0,iron,108.420431537088,0
4101.836731892545,9,Day,960ef087e05742f2b803829b9a18fb69,1,26.599999999999994,30.0,iron,108.420431537088,0
4102.837101767305,9,Day,960ef087e05742f2b803829b9a18fb69,1,26.599999999999994,30.0,iron,108.420431537088,0
4103.838581271004,9,Day,960ef087e05742f2b803829b9a18fb69,1,26.599999999999994,30.0,iron,108.420431537088,0
4104.845520477742,9,Day,960ef087e05742f2b803829b9a18fb69,1,26.599999999999994,30.0,iron,108.420431537088,0
4105.848945228849,9,Day,960ef087e05742f2b803829b9a18fb69,1,26.599999999999994,30.0,iron,108.420431537088,0
4106.853672108147,9,Day,960ef087e05742f2b803829b9a18fb69,2,26.599999999999994,0.0,iron,108.420431537088,0
4107.855088484008,9,Day,960ef087e05742f2b803829b9a18fb69,2,26.599999999999994,0.0,iron,108.420431537088,0
4108.855595862959,9,Day,960ef087e05742f2b803829b9a18fb69,2,26.599999999999994,0.0,iron,108.420431537088,0
4109.859349023085,9,Day,960ef087e05742f2b803829b9a18fb69,2,26.599999999999994,0.0,iron,108.420431537088,0
4110.861410943326,9,Day,960ef087e05742f2b803829b9a18fb69,2,26.599999999999994,0.0,iron,108.420431537088,0
4111.862418945413,9,Day,960ef087e05742f2b803829b9a18fb69,2,26.599999999999994,0.0,iron,108.420431537088,0
4112.868352990132,9,Day,960ef087e05742f2b803829b9a18fb69,2,26.599999999999994,0.0,iron,108.420431537088,0
4113.871783821844,9,Day,960ef087e05742f2b803829b9a18fb69,2,26.599999999999994,0.0,iron,108.420431537088,0
4114.873157738242,9,Day,960ef087e05742f2b803829b9a18fb69,2,26.599999999999994,0.0,iron,108.420431537088,0
4115.873317368329,9,Day,960ef087e05742f2b803829b9a18fb69,2,26.599999999999994,0.0,iron,108.420431537088,0
4116.880353983957,9,Day,960ef087e05742f2b803829b9a18fb69,1,23.999999999999993,0.0,iron,108.420431537088,0
4117.883013815153,9,Day,960ef087e05742f2b803829b9a18fb69,1,23.999999999999993,0.0,iron,108.420431537088,0
4118.884414104745,9,Day,960ef087e05742f2b803829b9a18fb69,1,23.999999999999993,0.0,iron,108.420431537088,0
4119.887754269876,9,Day,960ef087e05742f2b803829b9a18fb69,1,23.999999999999993,0.0,iron,108.420431537088,0
4120.892099061515,9,Day,960ef087e05742f2b803829b9a18fb69,1,23.999999999999993,0.0,iron,108.420431537088,0
4121.899000854231,9,Day,960ef087e05742f2b803829b9a18fb69,1,23.999999999999993,0.0,iron,108.420431537088,0
4122.90524085518,9,Day,960ef087e05742f2b803829b9a18fb69,1,23.999999999999993,0.0,iron,108.420431537088,0
4123.908335729502,9,Day,960ef087e05742f2b803829b9a18fb69,1,23.999999999999993,0.0,iron,108.420431537088,0
4124.914789232425,9,Day,960ef087e05742f2b803829b9a18fb69,1,23.999999999999993,0.0,iron,108.420431537088,0
4125.922075226903,9,Day,960ef087e05742f2b803829b9a18fb69,1,23.999999999999993,0.0,iron,108.420431537088,0
4126.924510935787,9,Day,960ef087e05742f2b803829b9a18fb69,1,23.999999999999993,0.0,iron,108.420431537088,0
4127.924997853115,9,Day,960ef087e05742f2b803829b9a18fb69,1,23.999999999999993,0.0,iron,108.420431537088,0
4128.931651350576,9,Day,960ef087e05742f2b803829b9a18fb69,1,23.999999999999993,0.0,iron,108.420431537088,0
4129.938187346794,9,Day,960ef087e05742f2b803829b9a18fb69,1,23.999999999999993,0.0,iron,108.420431537088,0
4130.943543179892,9,Day,960ef087e05742f2b803829b9a18fb69,1,23.999999999999993,0.0,iron,108.420431537088,0
4131.947476263624,9,Day,960ef087e05742f2b803829b9a18fb69,1,23.999999999999993,0.0,iron,108.420431537088,0
4132.948386016302,9,Day,960ef087e05742f2b803829b9a18fb69,1,23.999999999999993,0.0,iron,108.420431537088,0
4133.956097595859,9,Day,960ef087e05742f2b803829b9a18fb69,2,23.999999999999993,30.0,iron,108.420431537088,0
4134.957456838805,9,Day,960ef087e05742f2b803829b9a18fb69,2,23.999999999999993,30.0,iron,108.420431537088,0
4135.961670757271,9,Day,960ef087e05742f2b803829b9a18fb69,2,23.999999999999993,30.0,iron,108.420431537088,0
4136.963098172564,9,Day,960ef087e05742f2b803829b9a18fb69,2,23.999999999999993,30.0,iron,108.420431537088,0
4137.967853211332,9,Day,960ef087e05742f2b803829b9a18fb69,2,23.999999999999993,30.0,iron,108.420431537088,0
4138.972757590935,9,Day,960ef087e05742f2b803829b9a18fb69,2,23.999999999999993,30.0,iron,108.420431537088,0
4139.977828338277,9,Day,960ef087e05742f2b803829b9a18fb69,2,23.999999999999993,30.0,iron,108.420431537088,0
4140.978583589196,9,Night,960ef087e05742f2b803829b9a18fb69,2,23.999999999999993,30.0,iron,108.37974945781752,10
4141.9819210032,9,Night,960ef087e05742f2b803829b9a18fb69,2,23.999999999999993,30.0,iron,105.26606863131747,16
4142.98699671356,9,Night,960ef087e05742f2b803829b9a18fb69,2,23.999999999999993,30.0,iron,102.82817316940054,25
4143.988216260914,9,Night,960ef087e05742f2b803829b9a18fb69,1,22.599999999999994,30.0,iron,100.50168835790828,31
4144.989859217312,9,Night,960ef087e05742f2b803829b9a18fb69,1,22.599999999999994,30.0,iron,100.50168835790828,40
4145.992252215743,9,Night,960ef087e05742f2b803829b9a18fb69,1,22.599999999999994,30.0,iron,100.50168835790828,46
4146.992043593898,9,Night,960ef087e05742f2b803829b9a18fb69,1,22.599999999999994,30.0,iron,100.50168835790828,54
4147.993217179552,9,Night,960ef087e05742f2b803829b9a18fb69,1,22.599999999999994,30.0,iron,100.4263992072083,61
4148.995594763663,9,Night,960ef087e05742f2b803829b9a18fb69,2,22.599999999999994,0.0,iron,97.33586812159047,70
4149.9962706808,9,Night,960ef087e05742f2b803829b9a18fb69,2,22.599999999999994,0.0,iron,94.56387707265094,76
4151.002195888199,9,Night,960ef087e05742f2b803829b9a18fb69,2,22.599999999999994,0.0,iron,93.20845710812137,85
4152.006833474152,9,Night,960ef087e05742f2b803829b9a18fb69,2,22.599999999999994,0.0,iron,90.16496521886438,90
4153.0087293488905,9,Night,960ef087e05742f2b803829b9a18fb69,2,22.599999999999994,0.0,iron,87.75372564792633,100
4154.015288427472,9,Night,960ef087e05742f2b803829b9a18fb69,2,22.599999999999994,0.0,iron,84.36265505151823,105
4155.015521469526,9,Night,960ef087e05742f2b803829b9a18fb69,2,22.599999999999994,0.0,iron,81.70883695362136,115
4156.0229297564365,9,Night,960ef087e05742f2b803829b9a18fb69,2,22.599999999999994,0.0,iron,80.40074239717796,121
4157.025481796358,9,Night,960ef087e05742f2b803829b9a18fb69,2,22.599999999999994,0.0,iron,77.50854802783579,129
4158.026545545086,9,Night,960ef087e05742f2b803829b9a18fb69,2,22.599999999999994,0.0,iron,75.05635825218633,136
4159.029591217637,9,Night,960ef087e05742f2b803829b9a18fb69,3,19.999999999999993,0.0,iron,73.06130322627723,144
4160.034079296049,9,Night,960ef087e05742f2b803829b9a18fb69,3,19.999999999999993,0.0,iron,73.06130322627723,151
4161.034749587998,9,Night,960ef087e05742f2b803829b9a18fb69,3,19.999999999999993,0.0,iron,73.06130322627723,160
4162.03890004009,9,Night,960ef087e05742f2b803829b9a18fb69,3,19.999999999999993,0.0,iron,71.13055364927277,165
4163.04154775152,9,Night,960ef087e05742f2b803829b9a18fb69,3,19.999999999999993,0.0,iron,68.56005173642188,175
4164.04358662758,9,Night,960ef087e05742f2b803829b9a18fb69,3,19.999999999999993,0.0,iron,65.32669027335942,180
4165.0503317099065,9,Night,960ef087e05742f2b803829b9a18fb69,3,19.999999999999993,0.0,iron,62.52258234191686,190
4166.053692374378,9,Night,960ef087e05742f2b803829b9a18fb69,3,19.999999999999993,0.0,iron,61.14287281176075,196
4167.057041084394,9,Night,960ef087e05742f2b803829b9a18fb69,3,19.999999999999993,0.0,iron,58.38488589040935,204
4168.064437335357,9,Night,960ef087e05742f2b803829b9a18fb69,3,19.999999999999993,0.0,iron,55.712579840328544,211
4169.070853667334,9,Night,960ef087e05742f2b803829b9a18fb69,3,19.999999999999993,0.0,iron,52.71661315578967,218
4170.073416038416,9,Night,960ef087e05742f2b803829b9a18fb69,3,19.999999999999993,0.0,iron,52.71661315578967,218
4171.078874752391,9,Night,960ef087e05742f2b803829b9a18fb69,3,19.999999999999993,0.0,iron,52.71661315578967,218
4172.081379578449,9,Night,960ef087e05742f2b803829b9a18fb69,3,19.999999999999993,0.0,iron,52.71661315578967,218
4173.083029624075,9,Night,960ef087e05742f2b803829b9a18fb69,3,19.999999999999993,0.0,iron,52.71661315578967,218
4174.08482941892,9,Night,960ef087e05742f2b803829b9a18fb69,3,19.999999999999993,0.0,iron,52.71661315578967,218
4175.085554002784,9,Night,960ef087e05742f2b803829b9a18fb69,3,19.999999999999993,0.0,iron,52.71661315578967,218
4176.088355295826,9,Night,960ef087e05742f2b803829b9a18fb69,2,70.0,30.0,iron,200.0,218
4177.093357262202,9,Night,960ef087e05742f2b803829b9a18fb69,2,70.0,30.0,iron,200.0,218
4178.096222254913,9,Night,960ef087e05742f2b803829b9a18fb69,2,70.0,30.0,iron,200.0,218
4179.09712326061,9,Night,960ef087e05742f2b803829b9a18fb69,2,70.0,30.0,iron,200.0,218
4180.1028463826515,9,Night,960ef087e05742f2b803829b9a18fb69,2,70.0,30.0,iron,200.0,218
4181.111540008802,9,Night,960ef087e05742f2b803829b9a18fb69,2,70.0,30.0,iron,200.0,218
4182.119428474922,9,Night,960ef087e05742f2b803829b9a18fb69,2,70.0,30.0,iron,200.0,218
4183.120799888857,9,Night,960ef087e05742f2b803829b9a18fb69,2,70.0,30.0,iron,200.0,218
4184.12587397499,9,Night,960ef087e05742f2b803829b9a18fb69,2,70.0,30.0,iron,200.0,218
4185.132626265287,9,Night,960ef087e05742f2b803829b9a18fb69,2,70.0,30.0,iron,200.0,218
4186.239934842102,9,Night,960ef087e05742f2b803829b9a18fb69,1,68.6,30.0,iron,200.0,218
4187.2466435940005,9,Night,960ef087e05742f2b803829b9a18fb69,1,68.6,30.0,iron,200.0,218
4188.2482058038,9,Night,960ef087e05742f2b803829b9a18fb69,1,68.6,30.0,iron,200.0,218
4189.249334257562,9,Night,960ef087e05742f2b803829b9a18fb69,1,68.6,30.0,iron,200.0,218
4190.256141297985,9,Night,960ef087e05742f2b803829b9a18fb69,1,68.6,30.0,iron,200.0,218
4191.25701350905,9,Night,960ef087e05742f2b803829b9a18fb69,2,68.6,0.0,iron,200.0,218
4192.263289175462,9,Night,960ef087e05742f2b803829b9a18fb69,2,68.6,0.0,iron,200.0,218
4193.2668299651705,9,Night,960ef087e05742f2b803829b9a18fb69,2,68.6,0.0,iron,200.0,218
4194.274281381164,9,Night,960ef087e05742f2b803829b9a18fb69,2,68.6,0.0,iron,200.0,218
4195.279291385319,9,Night,960ef087e05742f2b803829b9a18fb69,2,68.6,0.0,iron,200.0,218
4196.285067424178,9,Night,960ef087e05742f2b803829b9a18fb69,2,68.6,0.0,iron,200.0,218
4197.285991423298,9,Night,960ef087e05742f2b803829b9a18fb69,2,68.6,0.0,iron,200.0,218
4198.290976342745,9,Night,960ef087e05742f2b803829b9a18fb69,2,68.6,0.0,iron,200.0,218
4199.297807504423,9,Night,960ef087e05742f2b803829b9a18fb69,2,68.6,0.0,iron,200.0,217
4200.297650964465,9,Night,960ef087e05742f2b803829b9a18fb69,2,68.6,0.0,iron,200.0,217
4201.305176494177,9,Night,960ef087e05742f2b803829b9a18fb69,1,66.0,0.0,iron,200.0,217
4202.305230166297,9,Night,960ef087e05742f2b803829b9a18fb69,1,66.0,0.0,iron,200.0,217
4203.306640994269,9,Night,960ef087e05742f2b803829b9a18fb69,1,66.0,0.0,iron,200.0,217
4204.308323833626,9,Night,960ef087e05742f2b803829b9a18fb69,1,66.0,0.0,iron,200.0,214
4205.31244708132,9,Night,960ef087e05742f2b803829b9a18fb69,1,66.0,0.0,iron,200.0,214
4206.319418586325,9,Night,960ef087e05742f2b803829b9a18fb69,1,66.0,0.0,iron,200.0,214
4207.322127461433,9,Night,960ef087e05742f2b803829b9a18fb69,1,66.0,0.0,iron,200.0,214
4208.326781494077,9,Night,960ef087e05742f2b803829b9a18fb69,1,66.0,0.0,iron,200.0,214
4209.33129720157,9,Night,960ef087e05742f2b803829b9a18fb69,1,66.0,0.0,iron,200.0,210
4210.33663436817,9,Night,960ef087e05742f2b803829b9a18fb69,1,66.0,0.0,iron,200.0,210
4211.339330612216,9,Night,960ef087e05742f2b803829b9a18fb69,1,66.0,0.0,iron,200.0,210
4212.344209155068,9,Night,960ef087e05742f2b803829b9a18fb69,1,66.0,0.0,iron,200.0,210
4213.351612780709,9,Night,960ef087e05742f2b803829b9a18fb69,1,66.0,0.0,iron,200.0,210
4214.3550457791425,9,Night,960ef087e05742f2b803829b9a18fb69,1,66.0,0.0,iron,200.0,202
4215.361295111012,9,Night,960ef087e05742f2b803829b9a18fb69,1,66.0,0.0,iron,200.0,202
4216.362535071559,9,Night,960ef087e05742f2b803829b9a18fb69,1,66.0,0.0,iron,200.0,202
4217.364674111363,9,Night,960ef087e05742f2b803829b9a18fb69,1,66.0,0.0,iron,200.0,192
4218.369422403164,9,Night,960ef087e05742f2b803829b9a18fb69,2,66.0,30.0,iron,200.0,192
4219.371431528591,9,Night,960ef087e05742f2b803829b9a18fb69,2,66.0,30.0,iron,200.0,189
4220.3720430317335,9,Night,960ef087e05742f2b803829b9a18fb69,2,66.0,30.0,iron,200.0,186
4221.372829608619,9,Night,960ef087e05742f2b803829b9a18fb69,2,66.0,30.0,iron,200.0,186
4222.379994945135,9,Night,960ef087e05742f2b803829b9a18fb69,2,66.0,30.0,iron,200.0,176
4223.383404697292,9,Night,960ef087e05742f2b803829b9a18fb69,2,66.0,30.0,iron,200.0,176
4224.383951200172,9,Night,960ef087e05742f2b803829b9a18fb69,2,66.0,30.0,iron,200.0,172
4225.3872067830525,9,Night,960ef087e05742f2b803829b9a18fb69,2,66.0,30.0,iron,200.0,170
4226.393732985947,9,Night,960ef087e05742f2b803829b9a18fb69,2,66.0,30.0,iron,200.0,170
4227.3996752430685,9,Night,960ef087e05742f2b803829b9a18fb69,2,66.0,30.0,iron,200.0,160
4228.400682486128,9,Night,960ef087e05742f2b803829b9a18fb69,1,64.6,30.0,iron,200.0,159
4229.406173235737,9,Night,960ef087e05742f2b803829b9a18fb69,1,64.6,30.0,iron,200.0,155
4230.40883623343,9,Night,960ef087e05742f2b803829b9a18fb69,1,64.6,30.0,iron,200.0,153
4231.408747609239,9,Night,960ef087e05742f2b803829b9a18fb69,1,64.6,30.0,iron,200.0,150
4232.414989277255,9,Night,960ef087e05742f2b803829b9a18fb69,1,64.6,30.0,iron,200.0,148
4233.421398487873,9,Night,960ef087e05742f2b803829b9a18fb69,2,64.6,0.0,iron,198.31275999778882,145
4234.422947446816,9,Night,960ef087e05742f2b803829b9a18fb69,2,64.6,0.0,iron,193.30501520307735,141
4235.427943238057,9,Night,960ef087e05742f2b803829b9a18fb69,2,64.6,0.0,iron,188.2800362468697,139
4236.434045196045,9,Night,960ef087e05742f2b803829b9a18fb69,2,64.6,0.0,iron,183.24952645692974,135
4237.436103282031,9,Night,960ef087e05742f2b803829b9a18fb69,2,64.6,0.0,iron,178.23923602700233,130
4238.436469791923,9,Night,960ef087e05742f2b803829b9a18fb69,2,64.6,0.0,iron,173.2374034775421,125
4239.443662865553,9,Night,960ef087e05742f2b803829b9a18fb69,2,64.6,0.0,iron,168.20143810939044,119
4240.446171369869,9,Night,960ef087e05742f2b803829b9a18fb69,2,64.6,0.0,iron,163.18889558780938,114
4241.451631408185,9,Night,960ef087e05742f2b803829b9a18fb69,2,64.6,0.0,iron,158.16159539623186,109
4242.458791117184,9,Night,960ef087e05742f2b803829b9a18fb69,2,64.6,0.0,iron,153.12579685123637,104
4243.465020908508,9,Night,960ef087e05742f2b803829b9a18fb69,1,61.99999999999999,0.0,iron,148.09464789461344,99
4244.471375494264,9,Night,960ef087e05742f2b803829b9a18fb69,1,61.99999999999999,0.0,iron,143.06287496583536,93
4245.471725536976,9,Night,960ef087e05742f2b803829b9a18fb69,1,61.99999999999999,0.0,iron,138.06112475227565,88
4246.473657867871,9,Night,960ef087e05742f2b803829b9a18fb69,1,61.99999999999999,0.0,iron,133.05146309779957,82
4247.4772492419,9,Night,960ef087e05742f2b803829b9a18fb69,1,61.99999999999999,0.0,iron,128.0335062276572,77
4248.484602366574,9,Night,960ef087e05742f2b803829b9a18fb69,1,61.99999999999999,0.0,iron,122.99674060428515,73
4249.485439448152,9,Night,960ef087e05742f2b803829b9a18fb69,1,61.99999999999999,0.0,iron,117.992555196397,70
4250.49106694432,9,Night,960ef087e05742f2b803829b9a18fb69,1,61.99999999999999,0.0,iron,112.96441771555692,67
4251.497530864552,9,Night,960ef087e05742f2b803829b9a18fb69,1,61.99999999999999,0.0,iron,107.93209811439738,64
4252.498449280858,9,Night,960ef087e05742f2b803829b9a18fb69,1,61.99999999999999,0.0,iron,102.9275060328655,60
4253.504489199724,9,Night,960ef087e05742f2b803829b9a18fb69,1,61.99999999999999,0.0,iron,97.89730643853545,58
4254.5051532811485,9,Night,960ef087e05742f2b803829b9a18fb69,1,61.99999999999999,0.0,iron,92.89398603141308,54
4255.511105323676,9,Night,960ef087e05742f2b803829b9a18fb69,1,61.99999999999999,0.0,iron,87.8642258187756,52
4256.5146913332865,9,Night,960ef087e05742f2b803829b9a18fb69,1,61.99999999999999,0.0,iron,82.84629577072337,48
4257.522091452964,9,Night,960ef087e05742f2b803829b9a18fb69,1,61.99999999999999,0.0,iron,77.80929517233744,46
4258.522233627271,9,Night,960ef087e05742f2b803829b9a18fb69,1,61.99999999999999,0.0,iron,72.80858430080116,43
4259.526503422763,9,Night,960ef087e05742f2b803829b9a18fb69,1,61.99999999999999,0.0,iron,67.7872353233397,40
4260.532612849958,9,Night,960ef087e05742f2b803829b9a18fb69,2,61.99999999999999,30.0,iron,62.75668818736449,38
4261.539766639005,9,Night,960ef087e05742f2b803829b9a18fb69,2,61.99999999999999,30.0,iron,57.72091924212873,34
4262.546374303754,9,Night,960ef087e05742f2b803829b9a18fb69,2,61.99999999999999,30.0,iron,52.6878809183836,32
4263.549737801775,9,Night,960ef087e05742f2b803829b9a18fb69,2,61.99999999999999,30.0,iron,47.67106342827901,29
4264.550513010006,9,Night,960ef087e05742f2b803829b9a18fb69,2,61.99999999999999,30.0,iron,42.667187387123704,26
4265.55479775602,9,Night,960ef087e05742f2b803829b9a18fb69,2,61.99999999999999,30.0,iron,37.645763657055795,23
4266.557340674102,9,Night,960ef087e05742f2b803829b9a18fb69,2,61.99999999999999,30.0,iron,32.63304906664416,20
4267.564678716008,9,Night,960ef087e05742f2b803829b9a18fb69,2,61.99999999999999,30.0,iron,27.596358857117593,17
4268.570487757213,9,Night,960ef087e05742f2b803829b9a18fb69,2,61.99999999999999,30.0,iron,22.567313651088625,15
4269.572074304335,9,Night,960ef087e05742f2b803829b9a18fb69,0,61.99999999999999,30.0,iron,17.559380915481597,11
4270.577825679444,9,Night,960ef087e05742f2b803829b9a18fb69,2,100.0,30.0,iron,200.0,9
4271.583037516568,9,Night,960ef087e05742f2b803829b9a18fb69,1,98.6,30.0,iron,195.74096438474953,5
4272.586950554512,9,Night,960ef087e05742f2b803829b9a18fb69,1,98.6,30.0,iron,194.02190188877285,3
4273.5924306008965,9,Night,960ef087e05742f2b803829b9a18fb69,1,98.6,30.0,iron,193.27476293314248,0
4274.596447226126,9,Night,960ef087e05742f2b803829b9a18fb69,1,98.6,30.0,iron,193.27476293314248,0
4275.60056547448,9,Night,960ef087e05742f2b803829b9a18fb69,1,98.6,30.0,iron,193.27476293314248,0
4276.601265758276,9,Night,960ef087e05742f2b803829b9a18fb69,2,98.6,0.0,iron,193.27476293314248,0
4277.6034575514495,9,Night,960ef087e05742f2b803829b9a18fb69,2,98.6,0.0,iron,193.27476293314248,0
4278.610911471769,9,Night,960ef087e05742f2b803829b9a18fb69,2,98.6,0.0,iron,193.27476293314248,0
4279.6141884285025,9,Night,960ef087e05742f2b803829b9a18fb69,2,98.6,0.0,iron,193.27476293314248,0
4280.616636636201,9,Night,960ef087e05742f2b803829b9a18fb69,2,98.6,0.0,iron,193.27476293314248,0
4281.624448384158,9,Night,960ef087e05742f2b803829b9a18fb69,2,98.6,0.0,iron,193.27476293314248,0
4282.627575719729,9,Night,960ef087e05742f2b803829b9a18fb69,2,98.6,0.0,iron,193.27476293314248,0
4283.630649593193,9,Night,960ef087e05742f2b803829b9a18fb69,2,98.6,0.0,iron,193.27476293314248,0
4284.635233262088,9,Night,960ef087e05742f2b803829b9a18fb69,2,98.6,0.0,iron,193.27476293314248,0
4285.640432637185,9,Night,960ef087e05742f2b803829b9a18fb69,2,98.6,0.0,iron,193.27476293314248,0
4286.6431553782895,9,Night,960ef087e05742f2b803829b9a18fb69,1,96.0,0.0,iron,193.27476293314248,0
4287.6460749665275,9,Night,960ef087e05742f2b803829b9a18fb69,1,96.0,0.0,iron,193.27476293314248,0
4288.649563628249,9,Night,960ef087e05742f2b803829b9a18fb69,1,96.0,0.0,iron,193.27476293314248,0
4289.65388709167,9,Night,960ef087e05742f2b803829b9a18fb69,1,96.0,0.0,iron,193.27476293314248,0
4290.65826521907,9,Night,960ef087e05742f2b803829b9a18fb69,1,96.0,0.0,iron,193.27476293314248,0
4291.6626204675995,9,Night,960ef087e05742f2b803829b9a18fb69,1,96.0,0.0,iron,193.27476293314248,0
4292.6652567540295,9,Night,960ef087e05742f2b803829b9a18fb69,1,96.0,0.0,iron,193.27476293314248,0
4293.6722018807195,9,Night,960ef087e05742f2b803829b9a18fb69,1,96.0,0.0,iron,193.27476293314248,0
4294.676031797193,9,Night,960ef087e05742f2b803829b9a18fb69,1,96.0,0.0,iron,193.27476293314248,0
4295.683700006921,9,Night,960ef087e05742f2b803829b9a18fb69,1,96.0,0.0,iron,193.27476293314248,0
4296.6890554628335,9,Night,960ef087e05742f2b803829b9a18fb69,1,96.0,0.0,iron,193.27476293314248,0
4297.693656213582,9,Night,960ef087e05742f2b803829b9a18fb69,1,96.0,0.0,iron,193.27476293314248,0
4298.6974662127905,9,Night,960ef087e05742f2b803829b9a18fb69,1,96.0,0.0,iron,193.27476293314248,0
4299.702886668965,9,Night,960ef087e05742f2b803829b9a18fb69,1,96.0,0.0,iron,193.27476293314248,0
4300.703574253712,9,Night,960ef087e05742f2b803829b9a18fb69,1,96.0,0.0,iron,193.27476293314248,0
4301.710808671545,9,Night,960ef087e05742f2b803829b9a18fb69,1,96.0,0.0,iron,193.27476293314248,0
4302.715837916359,9,Night,960ef087e05742f2b803829b9a18fb69,1,96.0,0.0,iron,193.27476293314248,0
4303.71770324558,9,Night,960ef087e05742f2b803829b9a18fb69,2,96.0,30.0,iron,193.27476293314248,0
4304.721204242669,9,Night,960ef087e05742f2b803829b9a18fb69,2,96.0,30.0,iron,193.27476293314248,0
4305.723258533049,9,Night,960ef087e05742f2b803829b9a18fb69,2,96.0,30.0,iron,193.27476293314248,0
4306.726534947753,9,Night,960ef087e05742f2b803829b9a18fb69,2,96.0,30.0,iron,193.27476293314248,0
4307.7302369447425,9,Night,960ef087e05742f2b803829b9a18fb69,2,96.0,30.0,iron,193.27476293314248,0
4308.732657821383,9,Night,960ef087e05742f2b803829b9a18fb69,2,96.0,30.0,iron,193.27476293314248,0
4309.735211533029,9,Night,960ef087e05742f2b803829b9a18fb69,2,96.0,30.0,iron,193.27476293314248,0
4310.736399699468,9,Night,960ef087e05742f2b803829b9a18fb69,2,96.0,30.0,iron,193.27476293314248,0
4311.742733578663,9,Night,960ef087e05742f2b803829b9a18fb69,2,96.0,30.0,iron,193.27476293314248,0
4312.746416202281,9,Night,960ef087e05742f2b803829b9a18fb69,2,96.0,30.0,iron,193.27476293314248,0
4313.7475551175885,9,Night,960ef087e05742f2b803829b9a18fb69,1,94.6,30.0,iron,193.27476293314248,0
4314.753955578897,9,Night,960ef087e05742f2b803829b9a18fb69,1,94.6,30.0,iron,193.27476293314248,0
4315.760677110869,9,Night,960ef087e05742f2b803829b9a18fb69,1,94.6,30.0,iron,193.27476293314248,0
4316.76325157145,9,Night,960ef087e05742f2b803829b9a18fb69,1,94.6,30.0,iron,193.27476293314248,0
4317.765135034453,9,Night,960ef087e05742f2b803829b9a18fb69,1,94.6,30.0,iron,193.27476293314248,0
4318.772505364846,9,Night,960ef087e05742f2b803829b9a18fb69,2,94.6,0.0,iron,193.27476293314248,0
4319.7776737790555,9,Night,960ef087e05742f2b803829b9a18fb69,2,94.6,0.0,iron,193.27476293314248,0
4320.779075033497,10,Day,960ef087e05742f2b803829b9a18fb69,2,94.6,0.0,iron,193.27476293314248,0
4321.7807817873545,10,Day,960ef087e05742f2b803829b9a18fb69,2,94.6,0.0,iron,193.27476293314248,0
4322.785867449362,10,Day,960ef087e05742f2b803829b9a18fb69,2,94.6,0.0,iron,193.27476293314248,0
4323.786879159976,10,Day,960ef087e05742f2b803829b9a18fb69,2,94.6,0.0,iron,193.27476293314248,0
4324.792766994331,10,Day,960ef087e05742f2b803829b9a18fb69,2,94.6,0.0,iron,193.27476293314248,0
4325.793093488552,10,Day,960ef087e05742f2b803829b9a18fb69,2,94.6,0.0,iron,193.27476293314248,0
4326.795172280166,10,Day,960ef087e05742f2b803829b9a18fb69,2,94.6,0.0,iron,193.27476293314248,0
4327.796009073034,10,Day,960ef087e05742f2b803829b9a18fb69,2,94.6,0.0,iron,193.27476293314248,0
4328.80123923393,10,Day,960ef087e05742f2b803829b9a18fb69,1,92.0,0.0,iron,193.27476293314248,0
4329.801573949866,10,Day,960ef087e05742f2b803829b9a18fb69,1,92.0,0.0,iron,193.27476293314248,0
4330.801617862191,10,Day,960ef087e05742f2b803829b9a18fb69,1,92.0,0.0,iron,193.27476293314248,0
4331.805034068879,10,Day,960ef087e05742f2b803829b9a18fb69,1,92.0,0.0,iron,193.27476293314248,0
4332.80512319738,10,Day,960ef087e05742f2b803829b9a18fb69,1,92.0,0.0,iron,193.27476293314248,0
4333.812168772332,10,Day,960ef087e05742f2b803829b9a18fb69,1,92.0,0.0,iron,193.27476293314248,0
4334.816056397278,10,Day,960ef087e05742f2b803829b9a18fb69,1,92.0,0.0,iron,193.27476293314248,0
4335.820914310403,10,Day,960ef087e05742f2b803829b9a18fb69,1,92.0,0.0,iron,193.27476293314248,0
4336.824627560563,10,Day,960ef087e05742f2b803829b9a18fb69,1,92.0,0.0,iron,193.27476293314248,0
4337.830797271337,10,Day,960ef087e05742f2b803829b9a18fb69,1,92.0,0.0,iron,193.27476293314248,0
4338.837831063662,10,Day,960ef087e05742f2b803829b9a18fb69,1,92.0,0.0,iron,193.27476293314248,0
4339.840033690445,10,Day,960ef087e05742f2b803829b9a18fb69,1,92.0,0.0,iron,193.27476293314248,0
4340.845232641324,10,Day,960ef087e05742f2b803829b9a18fb69,1,92.0,0.0,iron,193.27476293314248,0
4341.849169312511,10,Day,960ef087e05742f2b803829b9a18fb69,1,92.0,0.0,iron,193.27476293314248,0
4342.852404813282,10,Day,960ef087e05742f2b803829b9a18fb69,1,92.0,0.0,iron,193.27476293314248,0
4343.858226806857,10,Day,960ef087e05742f2b803829b9a18fb69,1,92.0,0.0,iron,193.27476293314248,0
4344.86241330998,10,Day,960ef087e05742f2b803829b9a18fb69,1,92.0,0.0,iron,193.27476293314248,0
4345.864432015456,10,Day,960ef087e05742f2b803829b9a18fb69,2,92.0,30.0,iron,193.27476293314248,0
4346.866732346825,10,Day,960ef087e05742f2b803829b9a18fb69,2,92.0,30.0,iron,193.27476293314248,0
4347.8737914315425,10,Day,960ef087e05742f2b803829b9a18fb69,2,92.0,30.0,iron,193.27476293314248,0
4348.879381385166,10,Day,960ef087e05742f2b803829b9a18fb69,2,92.0,30.0,iron,193.27476293314248,0
4349.886548964772,10,Day,960ef087e05742f2b803829b9a18fb69,2,92.0,30.0,iron,193.27476293314248,0
4350.890371763147,10,Day,960ef087e05742f2b803829b9a18fb69,2,92.0,30.0,iron,193.27476293314248,0
4351.892516097985,10,Day,960ef087e05742f2b803829b9a18fb69,2,92.0,30.0,iron,193.27476293314248,0
4352.898540721275,10,Day,960ef087e05742f2b803829b9a18fb69,2,92.0,30.0,iron,193.27476293314248,0
4353.9010483878665,10,Day,960ef087e05742f2b803829b9a18fb69,2,92.0,30.0,iron,193.27476293314248,0
4354.902630972676,10,Day,960ef087e05742f2b803829b9a18fb69,2,92.0,30.0,iron,193.27476293314248,0
4355.9036882240325,10,Day,960ef087e05742f2b803829b9a18fb69,1,90.6,30.0,iron,193.27476293314248,0
4356.9106783960015,10,Day,960ef087e05742f2b803829b9a18fb69,1,90.6,30.0,iron,193.27476293314248,0
4357.917663766537,10,Day,960ef087e05742f2b803829b9a18fb69,1,90.6,30.0,iron,193.27476293314248,0
4358.923962307628,10,Day,960ef087e05742f2b803829b9a18fb69,1,90.6,30.0,iron,193.27476293314248,0
4359.92947988864,10,Day,960ef087e05742f2b803829b9a18fb69,1,90.6,30.0,iron,193.27476293314248,0
4360.931058688555,10,Day,960ef087e05742f2b803829b9a18fb69,2,90.6,0.0,iron,193.27476293314248,0
4361.936452475376,10,Day,960ef087e05742f2b803829b9a18fb69,2,90.6,0.0,iron,193.27476293314248,0
4362.942886689678,10,Day,960ef087e05742f2b803829b9a18fb69,2,90.6,0.0,iron,193.27476293314248,0
4363.94897369016,10,Day,960ef087e05742f2b803829b9a18fb69,2,90.6,0.0,iron,193.27476293314248,0
4364.952034148853,10,Day,960ef087e05742f2b803829b9a18fb69,2,90.6,0.0,iron,193.27476293314248,0
4365.952409856021,10,Day,960ef087e05742f2b803829b9a18fb69,2,90.6,0.0,iron,193.27476293314248,0
4366.954907193314,10,Day,960ef087e05742f2b803829b9a18fb69,2,90.6,0.0,iron,193.27476293314248,0
4367.9567230637185,10,Day,960ef087e05742f2b803829b9a18fb69,2,90.6,0.0,iron,193.27476293314248,0
4368.960346643813,10,Day,960ef087e05742f2b803829b9a18fb69,2,90.6,0.0,iron,193.27476293314248,0
4369.960991140921,10,Day,960ef087e05742f2b803829b9a18fb69,2,90.6,0.0,iron,193.27476293314248,0
4370.96376880398,10,Day,960ef087e05742f2b803829b9a18fb69,1,88.0,0.0,iron,193.27476293314248,0
4371.96612051269,10,Day,960ef087e05742f2b803829b9a18fb69,1,88.0,0.0,iron,193.27476293314248,0
4372.967436306644,10,Day,960ef087e05742f2b803829b9a18fb69,1,88.0,0.0,iron,193.27476293314248,0
4373.971783182118,10,Day,960ef087e05742f2b803829b9a18fb69,1,88.0,0.0,iron,193.27476293314248,0
4374.977740099188,10,Day,960ef087e05742f2b803829b9a18fb69,1,88.0,0.0,iron,193.27476293314248,0
4375.980395638384,10,Day,960ef087e05742f2b803829b9a18fb69,1,88.0,0.0,iron,193.27476293314248,0
4376.98213951895,10,Day,960ef087e05742f2b803829b9a18fb69,1,88.0,0.0,iron,193.27476293314248,0
4377.982493519317,10,Day,960ef087e05742f2b803829b9a18fb69,1,88.0,0.0,iron,193.27476293314248,0
4378.984173641074,10,Day,960ef087e05742f2b803829b9a18fb69,1,88.0,0.0,iron,193.27476293314248,0
4379.987940348219,10,Day,960ef087e05742f2b803829b9a18fb69,1,88.0,0.0,iron,193.27476293314248,0
4380.992834224366,10,Day,960ef087e05742f2b803829b9a18fb69,1,88.0,0.0,iron,193.27476293314248,0
4381.993351767305,10,Day,960ef087e05742f2b803829b9a18fb69,1,88.0,0.0,iron,193.27476293314248,0
4382.997266810387,10,Day,960ef087e05742f2b803829b9a18fb69,1,88.0,0.0,iron,193.27476293314248,0
4384.002172104083,10,Day,960ef087e05742f2b803829b9a18fb69,1,88.0,0.0,iron,193.27476293314248,0
4385.002783227712,10,Day,960ef087e05742f2b803829b9a18fb69,1,88.0,0.0,iron,193.27476293314248,0
4386.010824058671,10,Day,960ef087e05742f2b803829b9a18fb69,1,88.0,0.0,iron,193.27476293314248,0
4387.013465937227,10,Day,960ef087e05742f2b803829b9a18fb69,1,88.0,0.0,iron,193.27476293314248,0
4388.019331809133,10,Day,960ef087e05742f2b803829b9a18fb69,2,88.0,30.0,iron,193.27476293314248,0
4389.0209545562975,10,Day,960ef087e05742f2b803829b9a18fb69,2,88.0,30.0,iron,193.27476293314248,0
4390.02545301849,10,Day,960ef087e05742f2b803829b9a18fb69,2,88.0,30.0,iron,193.27476293314248,0
4391.0311250151135,10,Day,960ef087e05742f2b803829b9a18fb69,2,88.0,30.0,iron,193.27476293314248,0
4392.033533184789,10,Day,960ef087e05742f2b803829b9a18fb69,2,88.0,30.0,iron,193.27476293314248,0
4393.035471891053,10,Day,960ef087e05742f2b803829b9a18fb69,2,88.0,30.0,iron,193.27476293314248,0
4394.04011477204,10,Day,960ef087e05742f2b803829b9a18fb69,2,88.0,30.0,iron,193.27476293314248,0
4395.04346631933,10,Day,960ef087e05742f2b803829b9a18fb69,2,88.0,30.0,iron,193.27476293314248,0
4396.048204026185,10,Day,960ef087e05742f2b803829b9a18fb69,2,88.0,30.0,iron,193.27476293314248,0
4397.0498194438405,10,Day,960ef087e05742f2b803829b9a18fb69,2,88.0,30.0,iron,193.27476293314248,0
4398.052924141288,10,Day,960ef087e05742f2b803829b9a18fb69,1,86.6,30.0,iron,193.27476293314248,0
4399.059537595604,10,Day,960ef087e05742f2b803829b9a18fb69,1,86.6,30.0,iron,193.27476293314248,0
4400.064255806617,10,Day,960ef087e05742f2b803829b9a18fb69,1,86.6,30.0,iron,193.27476293314248,0
4401.069631261285,10,Day,960ef087e05742f2b803829b9a18fb69,1,86.6,30.0,iron,193.27476293314248,0
4402.076926096808,10,Day,960ef087e05742f2b803829b9a18fb69,1,86.6,30.0,iron,193.27476293314248,0
4403.079147852492,10,Day,960ef087e05742f2b803829b9a18fb69,2,86.6,0.0,iron,193.27476293314248,0
4404.084653352853,10,Day,960ef087e05742f2b803829b9a18fb69,2,86.6,0.0,iron,193.27476293314248,0
4405.0857320991345,10,Day,960ef087e05742f2b803829b9a18fb69,2,86.6,0.0,iron,193.27476293314248,0
4406.08946130611,10,Day,960ef087e05742f2b803829b9a18fb69,2,86.6,0.0,iron,193.27476293314248,0
4407.093660466839,10,Day,960ef087e05742f2b803829b9a18fb69,2,86.6,0.0,iron,193.27476293314248,0
4408.096719803754,10,Day,960ef087e05742f2b803829b9a18fb69,2,86.6,0.0,iron,193.27476293314248,0
4409.102150177583,10,Day,960ef087e05742f2b803829b9a18fb69,2,86.6,0.0,iron,193.27476293314248,0
4410.017531385645,10,Day,960ef087e05742f2b803829b9a18fb69,2,86.6,0.0,iron,193.27476293314248,0
4411.133047754411,10,Day,960ef087e05742f2b803829b9a18fb69,2,86.6,0.0,iron,193.27476293314248,0
4412.246168618556,10,Day,960ef087e05742f2b803829b9a18fb69,1,84.0,0.0,iron,193.27476293314248,0
4413.248659694567,10,Day,960ef087e05742f2b803829b9a18fb69,1,84.0,0.0,iron,193.27476293314248,0
4414.254210820887,10,Day,960ef087e05742f2b803829b9a18fb69,1,84.0,0.0,iron,193.27476293314248,0
4415.258920988068,10,Day,960ef087e05742f2b803829b9a18fb69,1,84.0,0.0,iron,193.27476293314248,0
4416.262349530123,10,Day,960ef087e05742f2b803829b9a18fb69,1,84.0,0.0,iron,193.27476293314248,0
4417.269223734736,10,Day,960ef087e05742f2b803829b9a18fb69,1,84.0,0.0,iron,193.27476293314248,0
4418.273915314116,10,Day,960ef087e05742f2b803829b9a18fb69,1,84.0,0.0,iron,193.27476293314248,0
4419.2750761481,10,Day,960ef087e05742f2b803829b9a18fb69,1,84.0,0.0,iron,193.27476293314248,0
4420.279683612287,10,Day,960ef087e05742f2b803829b9a18fb69,1,84.0,0.0,iron,193.27476293314248,0
4421.282387524843,10,Day,960ef087e05742f2b803829b9a18fb69,1,84.0,0.0,iron,193.27476293314248,0
4422.2888051909395,10,Day,960ef087e05742f2b803829b9a18fb69,1,84.0,0.0,iron,193.27476293314248,0
4423.295730567537,10,Day,960ef087e05742f2b803829b9a18fb69,1,84.0,0.0,iron,193.27476293314248,0
4424.2981345281005,10,Day,960ef087e05742f2b803829b9a18fb69,1,84.0,0.0,iron,193.27476293314248,0
4425.30264257174,10,Day,960ef087e05742f2b803829b9a18fb69,1,84.0,0.0,iron,193.27476293314248,0
4426.309451900888,10,Day,960ef087e05742f2b803829b9a18fb69,1,84.0,0.0,iron,193.27476293314248,0
4427.312159481924,10,Day,960ef087e05742f2b803829b9a18fb69,1,84.0,0.0,iron,193.27476293314248,0
4428.316591106821,10,Day,960ef087e05742f2b803829b9a18fb69,1,84.0,0.0,iron,193.27476293314248,0
4429.321916652378,10,Day,960ef087e05742f2b803829b9a18fb69,2,84.0,30.0,iron,193.27476293314248,0
4430.322478563525,10,Day,960ef087e05742f2b803829b9a18fb69,2,84.0,30.0,iron,193.27476293314248,0
4431.326046066359,10,Day,960ef087e05742f2b803829b9a18fb69,2,84.0,30.0,iron,193.27476293314248,0
4432.330299194902,10,Day,960ef087e05742f2b803829b9a18fb69,2,84.0,30.0,iron,193.27476293314248,0
4433.337125281338,10,Day,960ef087e05742f2b803829b9a18fb69,2,84.0,30.0,iron,193.27476293314248,0
4434.341424738523,10,Day,960ef087e05742f2b803829b9a18fb69,2,84.0,30.0,iron,193.27476293314248,0
4435.346124616917,10,Day,960ef087e05742f2b803829b9a18fb69,2,84.0,30.0,iron,193.27476293314248,0
4436.350365690421,10,Day,960ef087e05742f2b803829b9a18fb69,2,84.0,30.0,iron,193.27476293314248,0
4437.351093814708,10,Day,960ef087e05742f2b803829b9a18fb69,2,84.0,30.0,iron,193.27476293314248,0
4438.352811733726,10,Day,960ef087e05742f2b803829b9a18fb69,2,84.0,30.0,iron,193.27476293314248,0
4439.356266446877,10,Day,960ef087e05742f2b803829b9a18fb69,1,82.6,30.0,iron,193.27476293314248,0
4440.356879616622,10,Day,960ef087e05742f2b803829b9a18fb69,1,82.6,30.0,iron,193.27476293314248,0
4441.361289280467,10,Day,960ef087e05742f2b803829b9a18fb69,1,82.6,30.0,iron,193.27476293314248,0
4442.3662309465,10,Day,960ef087e05742f2b803829b9a18fb69,1,82.6,30.0,iron,193.27476293314248,0
4443.366904817522,10,Day,960ef087e05742f2b803829b9a18fb69,1,82.6,30.0,iron,193.27476293314248,0
4444.37359357113,10,Day,960ef087e05742f2b803829b9a18fb69,2,82.6,0.0,iron,193.27476293314248,0
4445.3786991126835,10,Day,960ef087e05742f2b803829b9a18fb69,2,82.6,0.0,iron,193.27476293314248,0
4446.38061444601,10,Day,960ef087e05742f2b803829b9a18fb69,2,82.6,0.0,iron,193.27476293314248,0
4447.38276248239,10,Day,960ef087e05742f2b803829b9a18fb69,2,82.6,0.0,iron,193.27476293314248,0
4448.3888677814975,10,Day,960ef087e05742f2b803829b9a18fb69,2,82.6,0.0,iron,193.27476293314248,0
4449.390246201307,10,Day,960ef087e05742f2b803829b9a18fb69,2,82.6,0.0,iron,193.27476293314248,0
4450.390983286779,10,Day,960ef087e05742f2b803829b9a18fb69,2,82.6,0.0,iron,193.27476293314248,0
4451.392780407332,10,Day,960ef087e05742f2b803829b9a18fb69,2,82.6,0.0,iron,193.27476293314248,0
4452.393057405017,10,Day,960ef087e05742f2b803829b9a18fb69,2,82.6,0.0,iron,193.27476293314248,0
4453.400000031106,10,Day,960ef087e05742f2b803829b9a18fb69,2,82.6,0.0,iron,193.27476293314248,0
4454.406360161956,10,Day,960ef087e05742f2b803829b9a18fb69,1,80.0,0.0,iron,193.27476293314248,0
4455.408309703227,10,Day,960ef087e05742f2b803829b9a18fb69,1,80.0,0.0,iron,193.27476293314248,0
4456.41452266369,10,Day,960ef087e05742f2b803829b9a18fb69,1,80.0,0.0,iron,193.27476293314248,0
4457.418479243759,10,Day,960ef087e05742f2b803829b9a18fb69,1,80.0,0.0,iron,193.27476293314248,0
4458.4243094944395,10,Day,960ef087e05742f2b803829b9a18fb69,1,80.0,0.0,iron,193.27476293314248,0
4459.424523535185,10,Day,960ef087e05742f2b803829b9a18fb69,1,80.0,0.0,iron,193.27476293314248,0
4460.428551951423,10,Day,960ef087e05742f2b803829b9a18fb69,1,80.0,0.0,iron,193.27476293314248,0
4461.429153860547,10,Day,960ef087e05742f2b803829b9a18fb69,1,80.0,0.0,iron,193.27476293314248,0
4462.430974865332,10,Day,960ef087e05742f2b803829b9a18fb69,1,80.0,0.0,iron,193.27476293314248,0
4463.433985410258,10,Day,960ef087e05742f2b803829b9a18fb69,1,80.0,0.0,iron,193.27476293314248,0
4464.438534074929,10,Day,960ef087e05742f2b803829b9a18fb69,1,80.0,0.0,iron,193.27476293314248,0
4465.44602095196,10,Day,960ef087e05742f2b803829b9a18fb69,1,80.0,0.0,iron,193.27476293314248,0
4466.450242494699,10,Day,960ef087e05742f2b803829b9a18fb69,1,80.0,0.0,iron,193.27476293314248,0
4467.455390534829,10,Day,960ef087e05742f2b803829b9a18fb69,1,80.0,0.0,iron,193.27476293314248,0
4468.459986444563,10,Day,960ef087e05742f2b803829b9a18fb69,1,80.0,0.0,iron,193.27476293314248,0
4469.464954366442,10,Day,960ef087e05742f2b803829b9a18fb69,1,80.0,0.0,iron,193.27476293314248,0
4470.468862988055,10,Day,960ef087e05742f2b803829b9a18fb69,1,80.0,0.0,iron,193.27476293314248,0
4471.4742601593025,10,Day,960ef087e05742f2b803829b9a18fb69,2,80.0,30.0,iron,193.27476293314248,0
4472.480268247891,10,Day,960ef087e05742f2b803829b9a18fb69,2,80.0,30.0,iron,193.27476293314248,0
4473.4876586641185,10,Day,960ef087e05742f2b803829b9a18fb69,2,80.0,30.0,iron,193.27476293314248,0
4474.490785413422,10,Day,960ef087e05742f2b803829b9a18fb69,2,80.0,30.0,iron,193.27476293314248,0
4475.49676786596,10,Day,960ef087e05742f2b803829b9a18fb69,2,80.0,30.0,iron,193.27476293314248,0
4476.497005365789,10,Day,960ef087e05742f2b803829b9a18fb69,2,80.0,30.0,iron,193.27476293314248,0
4477.503653035499,10,Day,960ef087e05742f2b803829b9a18fb69,2,80.0,30.0,iron,193.27476293314248,0
4478.50432895124,10,Day,960ef087e05742f2b803829b9a18fb69,2,80.0,30.0,iron,193.27476293314248,0
4479.511740246788,10,Day,960ef087e05742f2b803829b9a18fb69,2,80.0,30.0,iron,193.27476293314248,0
4480.5168158267625,10,Day,960ef087e05742f2b803829b9a18fb69,2,80.0,30.0,iron,193.27476293314248,0
4481.519138914999,10,Day,960ef087e05742f2b803829b9a18fb69,1,78.6,30.0,iron,193.27476293314248,0
4482.51966424752,10,Day,960ef087e05742f2b803829b9a18fb69,1,78.6,30.0,iron,193.27476293314248,0
4483.51970145572,10,Day,960ef087e05742f2b803829b9a18fb69,1,78.6,30.0,iron,193.27476293314248,0
4484.524934872054,10,Day,960ef087e05742f2b803829b9a18fb69,1,78.6,30.0,iron,193.27476293314248,0
4485.531571242027,10,Day,960ef087e05742f2b803829b9a18fb69,1,78.6,30.0,iron,193.27476293314248,0
4486.534829708748,10,Day,960ef087e05742f2b803829b9a18fb69,2,78.6,0.0,iron,193.27476293314248,0
4487.542167031206,10,Day,960ef087e05742f2b803829b9a18fb69,2,78.6,0.0,iron,193.27476293314248,0
4488.549485702068,10,Day,960ef087e05742f2b803829b9a18fb69,2,78.6,0.0,iron,193.27476293314248,0
4489.555179282092,10,Day,960ef087e05742f2b803829b9a18fb69,2,78.6,0.0,iron,193.27476293314248,0
4490.555476156063,10,Day,960ef087e05742f2b803829b9a18fb69,2,78.6,0.0,iron,193.27476293314248,0
4491.561310406774,10,Day,960ef087e05742f2b803829b9a18fb69,2,78.6,0.0,iron,193.27476293314248,0
4492.568480983842,10,Day,960ef087e05742f2b803829b9a18fb69,2,78.6,0.0,iron,193.27476293314248,0
4493.574479778297,10,Day,960ef087e05742f2b803829b9a18fb69,2,78.6,0.0,iron,193.27476293314248,0
4494.57758206455,10,Day,960ef087e05742f2b803829b9a18fb69,2,78.6,0.0,iron,193.27476293314248,0
4495.582764394581,10,Day,960ef087e05742f2b803829b9a18fb69,2,78.6,0.0,iron,193.27476293314248,0
4496.5846265242435,10,Day,960ef087e05742f2b803829b9a18fb69,1,76.0,0.0,iron,193.27476293314248,0
4497.589162356686,10,Day,960ef087e05742f2b803829b9a18fb69,1,76.0,0.0,iron,193.27476293314248,0
4498.5912337270565,10,Day,960ef087e05742f2b803829b9a18fb69,1,76.0,0.0,iron,193.27476293314248,0
4499.592685355805,10,Day,960ef087e05742f2b803829b9a18fb69,1,76.0,0.0,iron,193.27476293314248,0
4500.5938499374315,10,Day,960ef087e05742f2b803829b9a18fb69,1,76.0,0.0,iron,193.27476293314248,0
4501.596809981391,10,Day,960ef087e05742f2b803829b9a18fb69,1,76.0,0.0,iron,193.27476293314248,0
4502.59874464618,10,Day,960ef087e05742f2b803829b9a18fb69,1,76.0,0.0,iron,193.27476293314248,0
4503.602068894543,10,Day,960ef087e05742f2b803829b9a18fb69,1,76.0,0.0,iron,193.27476293314248,0
4504.603904648684,10,Day,960ef087e05742f2b803829b9a18fb69,1,76.0,0.0,iron,193.27476293314248,0
4505.611312692054,10,Day,960ef087e05742f2b803829b9a18fb69,1,76.0,0.0,iron,193.27476293314248,0
4506.616644234862,10,Day,960ef087e05742f2b803829b9a18fb69,1,76.0,0.0,iron,193.27476293314248,0
4507.618050149176,10,Day,960ef087e05742f2b803829b9a18fb69,1,76.0,0.0,iron,193.27476293314248,0
4508.6203660168685,10,Day,960ef087e05742f2b803829b9a18fb69,1,76.0,0.0,iron,193.27476293314248,0
4509.623559186235,10,Day,960ef087e05742f2b803829b9a18fb69,1,76.0,0.0,iron,193.27476293314248,0
4510.626077053603,10,Day,960ef087e05742f2b803829b9a18fb69,1,76.0,0.0,iron,193.27476293314248,0
4511.630922971759,10,Day,960ef087e05742f2b803829b9a18fb69,1,76.0,0.0,iron,193.27476293314248,0
4512.6322267642245,10,Day,960ef087e05742f2b803829b9a18fb69,1,76.0,0.0,iron,193.27476293314248,0
4513.6329679847695,10,Day,960ef087e05742f2b803829b9a18fb69,2,76.0,30.0,iron,193.27476293314248,0
4514.637790937442,10,Day,960ef087e05742f2b803829b9a18fb69,2,76.0,30.0,iron,193.27476293314248,0
4515.645772185642,10,Day,960ef087e05742f2b803829b9a18fb69,2,76.0,30.0,iron,193.27476293314248,0
4516.651839439757,10,Day,960ef087e05742f2b803829b9a18fb69,2,76.0,30.0,iron,193.27476293314248,0
4517.6535688545555,10,Day,960ef087e05742f2b803829b9a18fb69,2,76.0,30.0,iron,193.27476293314248,0
4518.661291230004,10,Day,960ef087e05742f2b803829b9a18fb69,2,76.0,30.0,iron,193.27476293314248,0
4519.663665352855,10,Day,960ef087e05742f2b803829b9a18fb69,2,76.0,30.0,iron,193.27476293314248,0
4520.666037440766,10,Day,960ef087e05742f2b803829b9a18fb69,2,76.0,30.0,iron,193.27476293314248,0
4521.669471183326,10,Day,960ef087e05742f2b803829b9a18fb69,2,76.0,30.0,iron,193.27476293314248,0
4522.677283562254,10,Day,960ef087e05742f2b803829b9a18fb69,2,76.0,30.0,iron,193.27476293314248,0
4523.68069681339,10,Day,960ef087e05742f2b803829b9a18fb69,1,74.6,30.0,iron,193.27476293314248,0
4524.68100380525,10,Day,960ef087e05742f2b803829b9a18fb69,1,74.6,30.0,iron,193.27476293314248,0
4525.681953100022,10,Day,960ef087e05742f2b803829b9a18fb69,1,74.6,30.0,iron,193.27476293314248,0
4526.688556602225,10,Day,960ef087e05742f2b803829b9a18fb69,1,74.6,30.0,iron,193.27476293314248,0
4527.688842897769,10,Day,960ef087e05742f2b803829b9a18fb69,1,74.6,30.0,iron,193.27476293314248,0
4528.695268983021,10,Day,960ef087e05742f2b803829b9a18fb69,2,74.6,0.0,iron,193.27476293314248,0
4529.701093606651,10,Day,960ef087e05742f2b803829b9a18fb69,2,74.6,0.0,iron,193.27476293314248,0
4530.705362526234,10,Day,960ef087e05742f2b803829b9a18fb69,2,74.6,0.0,iron,193.27476293314248,0
4531.712328738067,10,Day,960ef087e05742f2b803829b9a18fb69,2,74.6,0.0,iron,193.27476293314248,0
4532.719318774529,10,Day,960ef087e05742f2b803829b9a18fb69,2,74.6,0.0,iron,193.27476293314248,0
4533.72633182304,10,Day,960ef087e05742f2b803829b9a18fb69,2,74.6,0.0,iron,193.27476293314248,0
4534.733168237377,10,Day,960ef087e05742f2b803829b9a18fb69,2,74.6,0.0,iron,193.27476293314248,0
4535.739629612304,10,Day,960ef087e05742f2b803829b9a18fb69,2,74.6,0.0,iron,193.27476293314248,0
4536.745963491499,10,Day,960ef087e05742f2b803829b9a18fb69,2,74.6,0.0,iron,193.27476293314248,0
4537.753148196265,10,Day,960ef087e05742f2b803829b9a18fb69,2,74.6,0.0,iron,193.27476293314248,0
4538.758297065739,10,Day,960ef087e05742f2b803829b9a18fb69,1,72.0,0.0,iron,193.27476293314248,0
4539.760664818343,10,Day,960ef087e05742f2b803829b9a18fb69,1,72.0,0.0,iron,193.27476293314248,0
4540.764790819492,10,Day,960ef087e05742f2b803829b9a18fb69,1,72.0,0.0,iron,193.27476293314248,0
4541.769844737835,10,Day,960ef087e05742f2b803829b9a18fb69,1,72.0,0.0,iron,193.27476293314248,0
4542.773634856101,10,Day,960ef087e05742f2b803829b9a18fb69,1,72.0,0.0,iron,193.27476293314248,0
4543.775065312162,10,Day,960ef087e05742f2b803829b9a18fb69,1,72.0,0.0,iron,193.27476293314248,0
4544.777447732631,10,Day,960ef087e05742f2b803829b9a18fb69,1,72.0,0.0,iron,193.27476293314248,0
4545.785170317162,10,Day,960ef087e05742f2b803829b9a18fb69,1,72.0,0.0,iron,193.27476293314248,0
4546.785595150664,10,Day,960ef087e05742f2b803829b9a18fb69,1,72.0,0.0,iron,193.27476293314248,0
4547.792892990168,10,Day,960ef087e05742f2b803829b9a18fb69,1,72.0,0.0,iron,193.27476293314248,0
4548.796345194802,10,Day,960ef087e05742f2b803829b9a18fb69,1,72.0,0.0,iron,193.27476293314248,0
4549.797356983647,10,Day,960ef087e05742f2b803829b9a18fb69,1,72.0,0.0,iron,193.27476293314248,0
4550.801102568861,10,Day,960ef087e05742f2b803829b9a18fb69,1,72.0,0.0,iron,193.27476293314248,0
4551.804197729565,10,Day,960ef087e05742f2b803829b9a18fb69,1,72.0,0.0,iron,193.27476293314248,0
4552.804862893652,10,Day,960ef087e05742f2b803829b9a18fb69,1,72.0,0.0,iron,193.27476293314248,0
4553.807505943347,10,Day,960ef087e05742f2b803829b9a18fb69,1,72.0,0.0,iron,193.27476293314248,0
4554.8128482354805,10,Day,960ef087e05742f2b803829b9a18fb69,1,72.0,0.0,iron,193.27476293314248,0
4555.816893731244,10,Day,960ef087e05742f2b803829b9a18fb69,2,72.0,30.0,iron,193.27476293314248,0
4556.819694738369,10,Day,960ef087e05742f2b803829b9a18fb69,2,72.0,30.0,iron,193.27476293314248,0
4557.8214575322345,10,Day,960ef087e05742f2b803829b9a18fb69,2,72.0,30.0,iron,193.27476293314248,0
4558.828917070758,10,Day,960ef087e05742f2b803829b9a18fb69,2,72.0,30.0,iron,193.27476293314248,0
4559.829096116126,10,Day,960ef087e05742f2b803829b9a18fb69,2,72.0,30.0,iron,193.27476293314248,0
4560.829487820156,10,Day,960ef087e05742f2b803829b9a18fb69,2,72.0,30.0,iron,193.27476293314248,0
4561.832856161986,10,Day,960ef087e05742f2b803829b9a18fb69,2,72.0,30.0,iron,193.27476293314248,0
4562.83473332366,10,Day,960ef087e05742f2b803829b9a18fb69,2,72.0,30.0,iron,193.27476293314248,0
4563.8368917419575,10,Day,960ef087e05742f2b803829b9a18fb69,2,72.0,30.0,iron,193.27476293314248,0
4564.842714280821,10,Day,960ef087e05742f2b803829b9a18fb69,2,72.0,30.0,iron,193.27476293314248,0
4565.849565919023,10,Day,960ef087e05742f2b803829b9a18fb69,1,70.6,30.0,iron,193.27476293314248,0
4566.854252499528,10,Day,960ef087e05742f2b803829b9a18fb69,1,70.6,30.0,iron,193.27476293314248,0
4567.854205877986,10,Day,960ef087e05742f2b803829b9a18fb69,1,70.6,30.0,iron,193.27476293314248,0
4568.859211795498,10,Day,960ef087e05742f2b803829b9a18fb69,1,70.6,30.0,iron,193.27476293314248,0
4569.864082043059,10,Day,960ef087e05742f2b803829b9a18fb69,1,70.6,30.0,iron,193.27476293314248,0
4570.868780171033,10,Day,960ef087e05742f2b803829b9a18fb69,2,70.6,0.0,iron,193.27476293314248,0
4571.871823419351,10,Day,960ef087e05742f2b803829b9a18fb69,2,70.6,0.0,iron,193.27476293314248,0
4572.8746825847775,10,Day,960ef087e05742f2b803829b9a18fb69,2,70.6,0.0,iron,193.27476293314248,0
4573.877661495935,10,Day,960ef087e05742f2b803829b9a18fb69,2,70.6,0.0,iron,193.27476293314248,0
4574.881886078976,10,Day,960ef087e05742f2b803829b9a18fb69,2,70.6,0.0,iron,193.27476293314248,0
4575.886180330999,10,Day,960ef087e05742f2b803829b9a18fb69,2,70.6,0.0,iron,193.27476293314248,0
4576.893964416813,10,Day,960ef087e05742f2b803829b9a18fb69,2,70.6,0.0,iron,193.27476293314248,0
4577.902180374134,10,Day,960ef087e05742f2b803829b9a18fb69,2,70.6,0.0,iron,193.27476293314248,0
4578.903577962425,10,Day,960ef087e05742f2b803829b9a18fb69,2,70.6,0.0,iron,193.27476293314248,0
4579.909163547214,10,Day,960ef087e05742f2b803829b9a18fb69,2,70.6,0.0,iron,193.27476293314248,0
4580.911558704916,10,Day,960ef087e05742f2b803829b9a18fb69,1,68.0,0.0,iron,193.27476293314248,0
4581.91224033013,10,Day,960ef087e05742f2b803829b9a18fb69,1,68.0,0.0,iron,193.27476293314248,0
4582.918487579096,10,Day,960ef087e05742f2b803829b9a18fb69,1,68.0,0.0,iron,193.27476293314248,0
4583.924378870521,10,Day,960ef087e05742f2b803829b9a18fb69,1,68.0,0.0,iron,193.27476293314248,0
4584.931180879474,10,Day,960ef087e05742f2b803829b9a18fb69,1,68.0,0.0,iron,193.27476293314248,0
4585.934666633606,10,Day,960ef087e05742f2b803829b9a18fb69,1,68.0,0.0,iron,193.27476293314248,0
4586.935880422592,10,Day,960ef087e05742f2b803829b9a18fb69,1,68.0,0.0,iron,193.27476293314248,0
4587.94310513325,10,Day,960ef087e05742f2b803829b9a18fb69,1,68.0,0.0,iron,193.27476293314248,0
4588.945754179265,10,Day,960ef087e05742f2b803829b9a18fb69,1,68.0,0.0,iron,193.27476293314248,0
4589.952181292698,10,Day,960ef087e05742f2b803829b9a18fb69,1,68.0,0.0,iron,193.27476293314248,0
4590.952846203931,10,Day,960ef087e05742f2b803829b9a18fb69,1,68.0,0.0,iron,193.27476293314248,0
4591.9560594582,10,Day,960ef087e05742f2b803829b9a18fb69,1,68.0,0.0,iron,193.27476293314248,0
4592.95648929337,10,Day,960ef087e05742f2b803829b9a18fb69,1,68.0,0.0,iron,193.27476293314248,0
4593.9632349628955,10,Day,960ef087e05742f2b803829b9a18fb69,1,68.0,0.0,iron,193.27476293314248,0
4594.968577757012,10,Day,960ef087e05742f2b803829b9a18fb69,1,68.0,0.0,iron,193.27476293314248,0
4595.976237544324,10,Day,960ef087e05742f2b803829b9a18fb69,1,68.0,0.0,iron,193.27476293314248,0
4596.983423093334,10,Day,960ef087e05742f2b803829b9a18fb69,1,68.0,0.0,iron,193.27476293314248,0
4597.9849426434375,10,Day,960ef087e05742f2b803829b9a18fb69,2,68.0,30.0,iron,193.27476293314248,0
4598.985344973393,10,Day,960ef087e05742f2b803829b9a18fb69,2,68.0,30.0,iron,193.27476293314248,0
4599.98952126177,10,Day,960ef087e05742f2b803829b9a18fb69,2,68.0,30.0,iron,193.27476293314248,0
4600.989776063245,10,Day,960ef087e05742f2b803829b9a18fb69,2,68.0,30.0,iron,193.27476293314248,0
4601.997048812918,10,Day,960ef087e05742f2b803829b9a18fb69,2,68.0,30.0,iron,193.27476293314248,0
4602.998961817939,10,Day,960ef087e05742f2b803829b9a18fb69,2,68.0,30.0,iron,193.27476293314248,0
4603.99975681724,10,Day,960ef087e05742f2b803829b9a18fb69,2,68.0,30.0,iron,193.27476293314248,0
4605.006167857442,10,Day,960ef087e05742f2b803829b9a18fb69,2,68.0,30.0,iron,193.27476293314248,0
4606.011444106232,10,Day,960ef087e05742f2b803829b9a18fb69,2,68.0,30.0,iron,193.27476293314248,0
4607.016506152693,10,Day,960ef087e05742f2b803829b9a18fb69,2,68.0,30.0,iron,193.27476293314248,0
4608.023964033462,10,Day,960ef087e05742f2b803829b9a18fb69,1,66.6,30.0,iron,193.27476293314248,0
4609.027868863661,10,Day,960ef087e05742f2b803829b9a18fb69,1,66.6,30.0,iron,193.27476293314248,0
4610.030768413562,10,Day,960ef087e05742f2b803829b9a18fb69,1,66.6,30.0,iron,193.27476293314248,0
4611.037671909668,10,Day,960ef087e05742f2b803829b9a18fb69,1,66.6,30.0,iron,193.27476293314248,0
4612.037923499942,10,Day,960ef087e05742f2b803829b9a18fb69,1,66.6,30.0,iron,193.27476293314248,0
4613.044578961097,10,Day,960ef087e05742f2b803829b9a18fb69,2,66.6,0.0,iron,193.27476293314248,0
4614.051006673835,10,Day,960ef087e05742f2b803829b9a18fb69,2,66.6,0.0,iron,193.27476293314248,0
4615.053756973706,10,Day,960ef087e05742f2b803829b9a18fb69,2,66.6,0.0,iron,193.27476293314248,0
4616.05877759587,10,Day,960ef087e05742f2b803829b9a18fb69,2,66.6,0.0,iron,193.27476293314248,0
4617.0632266360335,10,Day,960ef087e05742f2b803829b9a18fb69,2,66.6,0.0,iron,193.27476293314248,0
4618.064456302207,10,Day,960ef087e05742f2b803829b9a18fb69,2,66.6,0.0,iron,193.27476293314248,0
4619.066651259083,10,Day,960ef087e05742f2b803829b9a18fb69,2,66.6,0.0,iron,193.27476293314248,0
4620.1535505023785,10,Night,960ef087e05742f2b803829b9a18fb69,2,66.6,0.0,iron,193.27476293314248,0
4621.1624860907905,10,Night,960ef087e05742f2b803829b9a18fb69,2,66.6,0.0,iron,193.27476293314248,12
4622.249311716296,10,Night,960ef087e05742f2b803829b9a18fb69,1,63.99999999999999,0.0,iron,193.27476293314248,19
4623.2559830029495,10,Night,960ef087e05742f2b803829b9a18fb69,1,63.99999999999999,0.0,iron,193.27476293314248,31
4624.263111302163,10,Night,960ef087e05742f2b803829b9a18fb69,1,63.99999999999999,0.0,iron,193.27476293314248,39
4625.270476014353,10,Night,960ef087e05742f2b803829b9a18fb69,1,63.99999999999999,0.0,iron,193.27476293314248,51
4626.271436885465,10,Night,960ef087e05742f2b803829b9a18fb69,1,63.99999999999999,0.0,iron,193.27476293314248,58
4627.273331101518,10,Night,960ef087e05742f2b803829b9a18fb69,1,63.99999999999999,0.0,iron,193.27476293314248,70
4628.275645392947,10,Night,960ef087e05742f2b803829b9a18fb69,1,63.99999999999999,0.0,iron,193.27476293314248,78
4629.276104856748,10,Night,960ef087e05742f2b803829b9a18fb69,1,63.99999999999999,0.0,iron,193.27476293314248,90
4630.280756521504,10,Night,960ef087e05742f2b803829b9a18fb69,1,63.99999999999999,0.0,iron,193.27476293314248,98
4631.282368979882,10,Night,960ef087e05742f2b803829b9a18fb69,1,63.99999999999999,0.0,iron,193.27476293314248,109
4632.28319276683,10,Night,960ef087e05742f2b803829b9a18fb69,1,63.99999999999999,0.0,iron,193.27476293314248,117
4633.283790019341,10,Night,960ef087e05742f2b803829b9a18fb69,1,63.99999999999999,0.0,iron,193.27476293314248,129
4634.284625648521,10,Night,960ef087e05742f2b803829b9a18fb69,1,63.99999999999999,0.0,iron,193.27476293314248,137
4635.285463100765,10,Night,960ef087e05742f2b803829b9a18fb69,1,63.99999999999999,0.0,iron,193.27476293314248,149
4636.286861555651,10,Night,960ef087e05742f2b803829b9a18fb69,1,63.99999999999999,0.0,iron,193.27476293314248,155
4637.294243599754,10,Night,960ef087e05742f2b803829b9a18fb69,1,63.99999999999999,0.0,iron,193.27476293314248,167
4638.297341266647,10,Night,960ef087e05742f2b803829b9a18fb69,1,63.99999999999999,0.0,iron,193.27476293314248,175
4639.300285061356,10,Night,960ef087e05742f2b803829b9a18fb69,2,63.99999999999999,30.0,iron,193.27476293314248,183
4640.301080606412,10,Night,960ef087e05742f2b803829b9a18fb69,2,63.99999999999999,30.0,iron,193.27476293314248,195
4641.302500646096,10,Night,960ef087e05742f2b803829b9a18fb69,2,63.99999999999999,30.0,iron,193.27476293314248,192
4642.306372727267,10,Night,960ef087e05742f2b803829b9a18fb69,2,63.99999999999999,30.0,iron,193.27476293314248,204
4643.3117580981925,10,Night,960ef087e05742f2b803829b9a18fb69,2,63.99999999999999,30.0,iron,193.27476293314248,212
4644.31937276572,10,Night,960ef087e05742f2b803829b9a18fb69,2,63.99999999999999,30.0,iron,193.27476293314248,224
4645.325471519493,10,Night,960ef087e05742f2b803829b9a18fb69,2,63.99999999999999,30.0,iron,193.27476293314248,232
4646.332042935304,10,Night,960ef087e05742f2b803829b9a18fb69,2,63.99999999999999,30.0,iron,193.27476293314248,232
4647.332655144855,10,Night,960ef087e05742f2b803829b9a18fb69,2,63.99999999999999,30.0,iron,193.27476293314248,240
4648.339595856611,10,Night,960ef087e05742f2b803829b9a18fb69,2,63.99999999999999,30.0,iron,193.27476293314248,252
4649.346029934473,10,Night,960ef087e05742f2b803829b9a18fb69,1,62.599999999999994,30.0,iron,193.27476293314248,260
4650.349325310439,10,Night,960ef087e05742f2b803829b9a18fb69,1,62.599999999999994,30.0,iron,193.27476293314248,272
4651.349400853738,10,Night,960ef087e05742f2b803829b9a18fb69,1,62.599999999999994,30.0,iron,193.27476293314248,268
4652.356964233797,10,Night,960ef087e05742f2b803829b9a18fb69,1,62.599999999999994,30.0,iron,193.27476293314248,280
4653.357031275518,10,Night,960ef087e05742f2b803829b9a18fb69,1,62.599999999999994,30.0,iron,193.27476293314248,285
4654.3581178970635,10,Night,960ef087e05742f2b803829b9a18fb69,2,62.599999999999994,0.0,iron,193.27476293314248,285
4655.360605725553,10,Night,960ef087e05742f2b803829b9a18fb69,2,62.599999999999994,0.0,iron,193.27476293314248,285
4656.362310226075,10,Night,960ef087e05742f2b803829b9a18fb69,2,62.599999999999994,0.0,iron,193.27476293314248,282
4657.364704144653,10,Night,960ef087e05742f2b803829b9a18fb69,2,62.599999999999994,0.0,iron,193.27476293314248,282
4658.367007355671,10,Night,960ef087e05742f2b803829b9a18fb69,2,62.599999999999994,0.0,iron,193.27476293314248,282
4659.367370306514,10,Night,960ef087e05742f2b803829b9a18fb69,2,62.599999999999994,0.0,iron,193.27476293314248,282
4660.368913637474,10,Night,960ef087e05742f2b803829b9a18fb69,2,62.599999999999994,0.0,iron,193.27476293314248,282
4661.371002764907,10,Night,960ef087e05742f2b803829b9a18fb69,2,62.599999999999994,0.0,iron,193.27476293314248,280
4662.373219260015,10,Night,960ef087e05742f2b803829b9a18fb69,2,62.599999999999994,0.0,iron,193.27476293314248,280
4663.373782133684,10,Night,960ef087e05742f2b803829b9a18fb69,2,62.599999999999994,0.0,iron,193.27476293314248,280
4664.376583546866,10,Night,960ef087e05742f2b803829b9a18fb69,1,59.99999999999999,0.0,iron,193.27476293314248,280
4665.376854002941,10,Night,960ef087e05742f2b803829b9a18fb69,1,59.99999999999999,0.0,iron,193.27476293314248,280
4666.3838627990335,10,Night,960ef087e05742f2b803829b9a18fb69,1,59.99999999999999,0.0,iron,193.27476293314248,277
4667.385825341102,10,Night,960ef087e05742f2b803829b9a18fb69,1,59.99999999999999,0.0,iron,192.1677476982586,277
4668.386139460839,10,Night,960ef087e05742f2b803829b9a18fb69,1,59.99999999999999,0.0,iron,187.16617709957063,274
4669.387840299401,10,Night,960ef087e05742f2b803829b9a18fb69,1,59.99999999999999,0.0,iron,182.15767290676013,272
4670.392584961839,10,Night,960ef087e05742f2b803829b9a18fb69,1,59.99999999999999,0.0,iron,177.1339495945722,269
4671.399786050431,10,Night,960ef087e05742f2b803829b9a18fb69,1,59.99999999999999,0.0,iron,172.09794415161014,257
4672.408073296305,10,Night,960ef087e05742f2b803829b9a18fb69,1,59.99999999999999,0.0,iron,167.05650792224333,254
4673.414385125507,10,Night,960ef087e05742f2b803829b9a18fb69,1,59.99999999999999,0.0,iron,162.02494877623394,252
4674.419242829084,10,Night,960ef087e05742f2b803829b9a18fb69,1,59.99999999999999,0.0,iron,157.0006602583453,249
4675.423990255222,10,Night,960ef087e05742f2b803829b9a18fb69,1,59.99999999999999,0.0,iron,151.97692312765867,247
4676.429264625534,10,Night,960ef087e05742f2b803829b9a18fb69,1,59.99999999999999,0.0,iron,146.9505512760952,240
4677.43276833836,10,Night,960ef087e05742f2b803829b9a18fb69,1,59.99999999999999,0.0,iron,141.93303271196783,238
4678.433663250878,10,Night,960ef087e05742f2b803829b9a18fb69,1,59.99999999999999,0.0,iron,136.92855814937502,235
4679.437474166043,10,Night,960ef087e05742f2b803829b9a18fb69,1,59.99999999999999,0.0,iron,131.90950357355177,233
4680.440348332282,10,Night,960ef087e05742f2b803829b9a18fb69,1,59.99999999999999,0.0,iron,126.89513274235651,230
4681.443923127372,10,Night,960ef087e05742f2b803829b9a18fb69,2,59.99999999999999,30.0,iron,121.8772587669082,224
4682.450025674421,10,Night,960ef087e05742f2b803829b9a18fb69,2,59.99999999999999,30.0,iron,116.84674603166059,221
4683.450544007588,10,Night,960ef087e05742f2b803829b9a18fb69,2,59.99999999999999,30.0,iron,111.8441543658264,219
4684.454370963387,10,Night,960ef087e05742f2b803829b9a18fb69,2,59.99999999999999,30.0,iron,106.82501958683133,216
4685.460885836277,10,Night,960ef087e05742f2b803829b9a18fb69,2,59.99999999999999,30.0,iron,101.7924452223815,211
4686.467037218157,10,Night,960ef087e05742f2b803829b9a18fb69,2,59.99999999999999,30.0,iron,96.76168831298128,202
4687.474753637798,10,Night,960ef087e05742f2b803829b9a18fb69,2,59.99999999999999,30.0,iron,91.72310621477664,199
4688.480240843259,10,Night,960ef087e05742f2b803829b9a18fb69,2,59.99999999999999,30.0,iron,86.6956701874733,197
4689.486044262536,10,Night,960ef087e05742f2b803829b9a18fb69,2,59.99999999999999,30.0,iron,81.66665309108794,194
4690.4892219281755,10,Night,960ef087e05742f2b803829b9a18fb69,2,59.99999999999999,30.0,iron,76.6507647628896,191
4691.495464342646,10,Night,960ef087e05742f2b803829b9a18fb69,1,58.599999999999994,30.0,iron,71.61955269053578,187
4692.500167093705,10,Night,960ef087e05742f2b803829b9a18fb69,1,58.599999999999994,30.0,iron,66.59603893524036,185
4693.501783220097,10,Night,960ef087e05742f2b803829b9a18fb69,1,58.599999999999994,30.0,iron,61.587958303280175,182
4694.504534386098,10,Night,960ef087e05742f2b803829b9a18fb69,1,58.599999999999994,30.0,iron,56.966158114373684,180
4695.505585593171,10,Night,960ef087e05742f2b803829b9a18fb69,1,58.599999999999994,30.0,iron,52.8460216592066,176
4696.506148464978,10,Night,960ef087e05742f2b803829b9a18fb69,2,58.599999999999994,0.0,iron,47.84320730017498,173
4697.511359591037,10,Night,960ef087e05742f2b803829b9a18fb69,2,58.599999999999994,0.0,iron,42.81715166987851,170
4698.514309505932,10,Night,960ef087e05742f2b803829b9a18fb69,2,58.599999999999994,0.0,iron,37.80240209540352,168
4699.521735507064,10,Night,960ef087e05742f2b803829b9a18fb69,2,58.599999999999994,0.0,iron,32.76527208974585,165
4700.524228670634,10,Night,960ef087e05742f2b803829b9a18fb69,2,58.599999999999994,0.0,iron,29.202544391155243,163
4701.525469251908,10,Night,960ef087e05742f2b803829b9a18fb69,2,58.599999999999994,0.0,iron,29.202544391155243,156
4702.530891630799,10,Night,960ef087e05742f2b803829b9a18fb69,2,58.599999999999994,0.0,iron,29.202544391155243,156
4703.537041794974,10,Night,960ef087e05742f2b803829b9a18fb69,2,58.599999999999994,0.0,iron,29.202544391155243,156
4704.544673964847,10,Night,960ef087e05742f2b803829b9a18fb69,2,58.599999999999994,0.0,iron,29.202544391155243,156
4705.550157840829,10,Night,960ef087e05742f2b803829b9a18fb69,2,58.599999999999994,0.0,iron,29.202544391155243,156
4706.556919012219,10,Night,960ef087e05742f2b803829b9a18fb69,1,55.99999999999999,0.0,iron,29.202544391155243,152
4707.5592493475415,10,Night,960ef087e05742f2b803829b9a18fb69,1,55.99999999999999,0.0,iron,29.202544391155243,152
4708.566137432121,10,Night,960ef087e05742f2b803829b9a18fb69,1,55.99999999999999,0.0,iron,29.202544391155243,152
4709.568733010907,10,Night,960ef087e05742f2b803829b9a18fb69,1,55.99999999999999,0.0,iron,29.202544391155243,152
4710.571276010945,10,Night,960ef087e05742f2b803829b9a18fb69,1,55.99999999999999,0.0,iron,29.202544391155243,152
4711.572466718499,10,Night,960ef087e05742f2b803829b9a18fb69,1,55.99999999999999,0.0,iron,29.202544391155243,147
4712.572840257082,10,Night,960ef087e05742f2b803829b9a18fb69,1,55.99999999999999,0.0,iron,29.202544391155243,147
4713.579284290783,10,Night,960ef087e05742f2b803829b9a18fb69,1,55.99999999999999,0.0,iron,29.202544391155243,147
4714.5843674917705,10,Night,960ef087e05742f2b803829b9a18fb69,1,55.99999999999999,0.0,iron,29.202544391155243,147
4715.584637118969,10,Night,960ef087e05742f2b803829b9a18fb69,1,55.99999999999999,0.0,iron,29.009202907327563,146
4716.592969986144,10,Night,960ef087e05742f2b803829b9a18fb69,1,55.99999999999999,0.0,iron,25.539327112492174,141
4717.593270274345,10,Night,960ef087e05742f2b803829b9a18fb69,1,55.99999999999999,0.0,iron,20.809301300905645,141
4718.600923025515,10,Night,960ef087e05742f2b803829b9a18fb69,3,55.99999999999999,0.0,iron,15.771037545055151,141
4719.608232159633,10,Night,960ef087e05742f2b803829b9a18fb69,3,55.99999999999999,0.0,iron,10.734491874463856,136
4720.612586197909,10,Night,960ef087e05742f2b803829b9a18fb69,3,55.99999999999999,0.0,iron,5.712721683084965,134
4721.619173279498,10,Night,960ef087e05742f2b803829b9a18fb69,3,55.99999999999999,0.0,iron,0.6797862751409411,130
4722.623062829021,10,Night,960ef087e05742f2b803829b9a18fb69,3,55.99999999999999,0.0,iron,0.0,130
4723.625582867302,10,Night,960ef087e05742f2b803829b9a18fb69,2,100.0,30.0,iron,200.0,130
4724.629628191702,10,Night,960ef087e05742f2b803829b9a18fb69,2,100.0,30.0,iron,194.97977337799966,129
4725.635072400793,10,Night,960ef087e05742f2b803829b9a18fb69,2,100.0,30.0,iron,193.9441917068325,122
4726.637833237182,10,Night,960ef087e05742f2b803829b9a18fb69,2,100.0,30.0,iron,193.9441917068325,117
4727.644197026733,10,Night,960ef087e05742f2b803829b9a18fb69,2,100.0,30.0,iron,193.9441917068325,117
4728.647443277296,10,Night,960ef087e05742f2b803829b9a18fb69,2,100.0,30.0,iron,192.52414461923763,117
4729.65265427297,10,Night,960ef087e05742f2b803829b9a18fb69,2,100.0,30.0,iron,187.49808964086697,116
4730.6587430732325,10,Night,960ef087e05742f2b803829b9a18fb69,2,100.0,30.0,iron,184.745594416745,112
4731.6594885322265,10,Night,960ef087e05742f2b803829b9a18fb69,2,100.0,30.0,iron,183.14453002996743,108
4732.664461196866,10,Night,960ef087e05742f2b803829b9a18fb69,2,100.0,30.0,iron,182.5850742100738,108
4733.778827082831,10,Night,960ef087e05742f2b803829b9a18fb69,1,98.6,30.0,iron,177.79363353038207,107
4734.785901289899,10,Night,960ef087e05742f2b803829b9a18fb69,1,98.6,30.0,iron,177.79363353038207,105
4735.791860001627,10,Night,960ef087e05742f2b803829b9a18fb69,1,98.6,30.0,iron,177.79363353038207,101
4736.793524959125,10,Night,960ef087e05742f2b803829b9a18fb69,1,98.6,30.0,iron,177.79363353038207,97
4737.794029537588,10,Night,960ef087e05742f2b803829b9a18fb69,1,98.6,30.0,iron,177.79363353038207,97
4738.802244295366,10,Night,960ef087e05742f2b803829b9a18fb69,2,98.6,0.0,iron,177.79363353038207,95
4739.804428335745,10,Night,960ef087e05742f2b803829b9a18fb69,2,98.6,0.0,iron,177.79363353038207,92
4740.8064927882515,10,Night,960ef087e05742f2b803829b9a18fb69,2,98.6,0.0,iron,177.79363353038207,88
4741.8116721664555,10,Night,960ef087e05742f2b803829b9a18fb69,2,98.6,0.0,iron,177.79363353038207,84
4742.817160911392,10,Night,960ef087e05742f2b803829b9a18fb69,2,98.6,0.0,iron,177.79363353038207,84
4743.822125579696,10,Night,960ef087e05742f2b803829b9a18fb69,2,98.6,0.0,iron,177.79363353038207,83
4744.823322918732,10,Night,960ef087e05742f2b803829b9a18fb69,2,98.6,0.0,iron,177.79363353038207,82
4745.828810871113,10,Night,960ef087e05742f2b803829b9a18fb69,2,98.6,0.0,iron,177.79363353038207,82
4746.831639374606,10,Night,960ef087e05742f2b803829b9a18fb69,2,98.6,0.0,iron,177.79363353038207,82
4747.836389082484,10,Night,960ef087e05742f2b803829b9a18fb69,2,98.6,0.0,iron,177.79363353038207,82
4748.844389879145,10,Night,960ef087e05742f2b803829b9a18fb69,1,96.0,0.0,iron,177.79363353038207,82
4749.847531878389,10,Night,960ef087e05742f2b803829b9a18fb69,1,96.0,0.0,iron,177.79363353038207,82
4750.852152041625,10,Night,960ef087e05742f2b803829b9a18fb69,1,96.0,0.0,iron,177.79363353038207,82
4751.857839498669,10,Night,960ef087e05742f2b803829b9a18fb69,1,96.0,0.0,iron,177.79363353038207,82
4752.865974364802,10,Night,960ef087e05742f2b803829b9a18fb69,1,96.0,0.0,iron,177.79363353038207,82
4753.869565324392,10,Night,960ef087e05742f2b803829b9a18fb69,1,96.0,0.0,iron,177.79363353038207,82
4754.876829905435,10,Night,960ef087e05742f2b803829b9a18fb69,1,96.0,0.0,iron,177.79363353038207,82
4755.877594530582,10,Night,960ef087e05742f2b803829b9a18fb69,1,96.0,0.0,iron,177.79363353038207,82
4756.882244742475,10,Night,960ef087e05742f2b803829b9a18fb69,1,96.0,0.0,iron,177.79363353038207,82
4757.883824904915,10,Night,960ef087e05742f2b803829b9a18fb69,1,96.0,0.0,iron,177.79363353038207,82
4758.887822277378,10,Night,960ef087e05742f2b803829b9a18fb69,1,96.0,0.0,iron,177.79363353038207,82
4759.893060856964,10,Night,960ef087e05742f2b803829b9a18fb69,1,96.0,0.0,iron,177.79363353038207,82
4760.896239862312,10,Night,960ef087e05742f2b803829b9a18fb69,1,96.0,0.0,iron,177.79363353038207,82
4761.898054819554,10,Night,960ef087e05742f2b803829b9a18fb69,1,96.0,0.0,iron,177.79363353038207,82
4762.9050947804935,10,Night,960ef087e05742f2b803829b9a18fb69,1,96.0,0.0,iron,177.79363353038207,79
4763.910589819774,10,Night,960ef087e05742f2b803829b9a18fb69,1,96.0,0.0,iron,177.79363353038207,79
4764.915891569573,10,Night,960ef087e05742f2b803829b9a18fb69,1,96.0,0.0,iron,177.79363353038207,79
4765.91637207428,10,Night,960ef087e05742f2b803829b9a18fb69,2,96.0,30.0,iron,177.79363353038207,79
4766.921495568939,10,Night,960ef087e05742f2b803829b9a18fb69,2,96.0,30.0,iron,177.79363353038207,67
4767.9274308672175,10,Night,960ef087e05742f2b803829b9a18fb69,2,96.0,30.0,iron,177.79363353038207,67
4768.928219608497,10,Night,960ef087e05742f2b803829b9a18fb69,2,96.0,30.0,iron,177.79363353038207,67
4769.929643982556,10,Night,960ef087e05742f2b803829b9a18fb69,2,96.0,30.0,iron,177.79363353038207,67
4770.937306731939,10,Night,960ef087e05742f2b803829b9a18fb69,2,96.0,30.0,iron,177.79363353038207,67
4771.94463107083,10,Night,960ef087e05742f2b803829b9a18fb69,2,96.0,30.0,iron,177.79363353038207,55
4772.95235677436,10,Night,960ef087e05742f2b803829b9a18fb69,2,96.0,30.0,iron,177.79363353038207,55
4773.954154442996,10,Night,960ef087e05742f2b803829b9a18fb69,2,96.0,30.0,iron,177.79363353038207,55
4774.961396982893,10,Night,960ef087e05742f2b803829b9a18fb69,2,96.0,30.0,iron,177.79363353038207,55
4775.962059064303,10,Night,960ef087e05742f2b803829b9a18fb69,1,94.6,30.0,iron,177.79363353038207,55
4776.963966729585,10,Night,960ef087e05742f2b803829b9a18fb69,1,94.6,30.0,iron,177.79363353038207,42
4777.966890444513,10,Night,960ef087e05742f2b803829b9a18fb69,1,94.6,30.0,iron,177.79363353038207,42
4778.972230321728,10,Night,960ef087e05742f2b803829b9a18fb69,1,94.6,30.0,iron,177.79363353038207,42
4779.973507825285,10,Night,960ef087e05742f2b803829b9a18fb69,1,94.6,30.0,iron,177.79363353038207,42
4780.97722161049,10,Night,960ef087e05742f2b803829b9a18fb69,2,94.6,0.0,iron,177.79363353038207,42
4781.98350319406,10,Night,960ef087e05742f2b803829b9a18fb69,2,94.6,0.0,iron,177.79363353038207,30
4782.987798734568,10,Night,960ef087e05742f2b803829b9a18fb69,2,94.6,0.0,iron,177.79363353038207,30
4783.993770984933,10,Night,960ef087e05742f2b803829b9a18fb69,2,94.6,0.0,iron,177.79363353038207,30
4784.993842024822,10,Night,960ef087e05742f2b803829b9a18fb69,2,94.6,0.0,iron,177.79363353038207,30
4785.99855815433,10,Night,960ef087e05742f2b803829b9a18fb69,2,94.6,0.0,iron,177.79363353038207,30
4786.999924070202,10,Night,960ef087e05742f2b803829b9a18fb69,2,94.6,0.0,iron,177.79363353038207,18
4788.000036992598,10,Night,960ef087e05742f2b803829b9a18fb69,2,94.6,0.0,iron,177.79363353038207,18
4789.0041181151755,10,Night,960ef087e05742f2b803829b9a18fb69,2,94.6,0.0,iron,177.79363353038207,18
4790.011306118686,10,Night,960ef087e05742f2b803829b9a18fb69,2,94.6,0.0,iron,177.79363353038207,18
4791.018266412895,10,Night,960ef087e05742f2b803829b9a18fb69,1,92.0,0.0,iron,177.79363353038207,18
4792.021227912512,10,Night,960ef087e05742f2b803829b9a18fb69,1,92.0,0.0,iron,177.79363353038207,5
4793.026976622175,10,Night,960ef087e05742f2b803829b9a18fb69,1,92.0,0.0,iron,177.79363353038207,5
4794.031647989992,10,Night,960ef087e05742f2b803829b9a18fb69,1,92.0,0.0,iron,177.79363353038207,5
4795.038395699579,10,Night,960ef087e05742f2b803829b9a18fb69,1,92.0,0.0,iron,177.79363353038207,5
4796.04195928527,10,Night,960ef087e05742f2b803829b9a18fb69,1,92.0,0.0,iron,177.79363353038207,5
4797.048878362868,10,Night,960ef087e05742f2b803829b9a18fb69,1,92.0,0.0,iron,177.79363353038207,0
4798.050395941827,10,Night,960ef087e05742f2b803829b9a18fb69,1,92.0,0.0,iron,177.79363353038207,0
4799.0562524860725,10,Night,960ef087e05742f2b803829b9a18fb69,1,92.0,0.0,iron,177.79363353038207,0
4800.003334282432,11,Day,960ef087e05742f2b803829b9a18fb69,1,92.0,0.0,iron,177.79363353038207,0
4800.003334282432,11,Day,960ef087e05742f2b803829b9a18fb69,1,92.0,0.0,iron,177.79363353038207,0
4800.003334282432,11,Day,960ef087e05742f2b803829b9a18fb69,1,92.0,0.0,iron,177.79363353038207,0
4800.003334282432,11,Day,960ef087e05742f2b803829b9a18fb69,1,92.0,0.0,iron,177.79363353038207,0
4800.003334282432,11,Day,960ef087e05742f2b803829b9a18fb69,1,92.0,0.0,iron,177.79363353038207,0
4800.003334282432,11,Day,960ef087e05742f2b803829b9a18fb69,1,92.0,0.0,iron,177.79363353038207,0
4800.003334282432,11,Day,960ef087e05742f2b803829b9a18fb69,1,92.0,0.0,iron,177.79363353038207,0
4800.003334282432,11,Day,960ef087e05742f2b803829b9a18fb69,1,92.0,0.0,iron,177.79363353038207,0
4800.003334282432,11,Day,960ef087e05742f2b803829b9a18fb69,1,92.0,0.0,iron,177.79363353038207,0
4800.003334282432,11,Day,960ef087e05742f2b803829b9a18fb69,1,92.0,0.0,iron,177.79363353038207,0
4800.003334282432,11,Day,960ef087e05742f2b803829b9a18fb69,1,92.0,0.0,iron,177.79363353038207,0
4800.003334282432,11,Day,960ef087e05742f2b803829b9a18fb69,1,92.0,0.0,iron,177.79363353038207,0
4800.003334282432,11,Day,960ef087e05742f2b803829b9a18fb69,1,92.0,0.0,iron,177.79363353038207,0
4800.003334282432,11,Day,960ef087e05742f2b803829b9a18fb69,1,92.0,0.0,iron,177.79363353038207,0
4800.003334282432,11,Day,960ef087e05742f2b803829b9a18fb69,1,92.0,0.0,iron,177.79363353038207,0
4800.003334282432,11,Day,960ef087e05742f2b803829b9a18fb69,1,92.0,0.0,iron,177.79363353038207,0
4800.003334282432,11,Day,960ef087e05742f2b803829b9a18fb69,1,92.0,0.0,iron,177.79363353038207,0
4800.003334282432,11,Day,960ef087e05742f2b803829b9a18fb69,1,92.0,0.0,iron,177.79363353038207,0
4800.003334282432,11,Day,960ef087e05742f2b803829b9a18fb69,1,92.0,0.0,iron,177.79363353038207,0
4800.003334282432,11,Day,960ef087e05742f2b803829b9a18fb69,1,92.0,0.0,iron,177.79363353038207,0
4800.003334282432,11,Day,960ef087e05742f2b803829b9a18fb69,1,92.0,0.0,iron,177.79363353038207,0
4800.003334282432,11,Day,960ef087e05742f2b803829b9a18fb69,1,92.0,0.0,iron,177.79363353038207,0
4800.003334282432,11,Day,960ef087e05742f2b803829b9a18fb69,1,92.0,0.0,iron,177.79363353038207,0
4800.003334282432,11,Day,960ef087e05742f2b803829b9a18fb69,1,92.0,0.0,iron,177.79363353038207,0
4800.003334282432,11,Day,960ef087e05742f2b803829b9a18fb69,1,92.0,0.0,iron,177.79363353038207,0
4800.003334282432,11,Day,960ef087e05742f2b803829b9a18fb69,1,92.0,0.0,iron,177.79363353038207,0
4800.003334282432,11,Day,960ef087e05742f2b803829b9a18fb69,1,92.0,0.0,iron,177.79363353038207,0
4800.003334282432,11,Day,960ef087e05742f2b803829b9a18fb69,1,92.0,0.0,iron,177.79363353038207,0
4800.003334282432,11,Day,960ef087e05742f2b803829b9a18fb69,1,92.0,0.0,iron,177.79363353038207,0
4800.003334282432,11,Day,960ef087e05742f2b803829b9a18fb69,1,92.0,0.0,iron,177.79363353038207,0
4800.003334282432,11,Day,960ef087e05742f2b803829b9a18fb69,1,92.0,0.0,iron,177.79363353038207,0
4800.003334282432,11,Day,960ef087e05742f2b803829b9a18fb69,1,92.0,0.0,iron,177.79363353038207,0
4800.003334282432,11,Day,960ef087e05742f2b803829b9a18fb69,1,92.0,0.0,iron,177.79363353038207,0
4800.003334282432,11,Day,960ef087e05742f2b803829b9a18fb69,1,92.0,0.0,iron,177.79363353038207,0
4800.003334282432,11,Day,960ef087e05742f2b803829b9a18fb69,1,92.0,0.0,iron,177.79363353038207,0
4800.003334282432,11,Day,960ef087e05742f2b803829b9a18fb69,1,92.0,0.0,iron,177.79363353038207,0
4800.003334282432,11,Day,960ef087e05742f2b803829b9a18fb69,1,92.0,0.0,iron,177.79363353038207,0
4800.003334282432,11,Day,960ef087e05742f2b803829b9a18fb69,1,92.0,0.0,iron,177.79363353038207,0
4800.003334282432,11,Day,960ef087e05742f2b803829b9a18fb69,1,92.0,0.0,iron,177.79363353038207,0
4800.003334282432,11,Day,960ef087e05742f2b803829b9a18fb69,1,92.0,0.0,iron,177.79363353038207,0
4800.003334282432,11,Day,960ef087e05742f2b803829b9a18fb69,1,92.0,0.0,iron,177.79363353038207,0
4800.003334282432,11,Day,960ef087e05742f2b803829b9a18fb69,1,92.0,0.0,iron,177.79363353038207,0
4800.003334282432,11,Day,960ef087e05742f2b803829b9a18fb69,1,92.0,0.0,iron,177.79363353038207,0
4800.003334282432,11,Day,960ef087e05742f2b803829b9a18fb69,1,92.0,0.0,iron,177.79363353038207,0
4800.003334282432,11,Day,960ef087e05742f2b803829b9a18fb69,1,92.0,0.0,iron,177.79363353038207,0
4800.003334282432,11,Day,960ef087e05742f2b803829b9a18fb69,1,92.0,0.0,iron,177.79363353038207,0
4800.003334282432,11,Day,960ef087e05742f2b803829b9a18fb69,1,92.0,0.0,iron,177.79363353038207,0
4800.003334282432,11,Day,960ef087e05742f2b803829b9a18fb69,1,92.0,0.0,iron,177.79363353038207,0
4800.003334282432,11,Day,960ef087e05742f2b803829b9a18fb69,1,92.0,0.0,iron,177.79363353038207,0
4800.003334282432,11,Day,960ef087e05742f2b803829b9a18fb69,1,92.0,0.0,iron,177.79363353038207,0
4800.003334282432,11,Day,960ef087e05742f2b803829b9a18fb69,1,92.0,0.0,iron,177.79363353038207,0
4800.003334282432,11,Day,960ef087e05742f2b803829b9a18fb69,1,92.0,0.0,iron,177.79363353038207,0
4800.003334282432,11,Day,960ef087e05742f2b803829b9a18fb69,1,92.0,0.0,iron,177.79363353038207,0
4800.003334282432,11,Day,960ef087e05742f2b803829b9a18fb69,1,92.0,0.0,iron,177.79363353038207,0
4800.003334282432,11,Day,960ef087e05742f2b803829b9a18fb69,1,92.0,0.0,iron,177.79363353038207,0
4800.003334282432,11,Day,960ef087e05742f2b803829b9a18fb69,1,92.0,0.0,iron,177.79363353038207,0
4800.003334282432,11,Day,960ef087e05742f2b803829b9a18fb69,1,92.0,0.0,iron,177.79363353038207,0
4800.003334282432,11,Day,960ef087e05742f2b803829b9a18fb69,1,92.0,0.0,iron,177.79363353038207,0
4800.003334282432,11,Day,960ef087e05742f2b803829b9a18fb69,1,92.0,0.0,iron,177.79363353038207,0
4800.003334282432,11,Day,960ef087e05742f2b803829b9a18fb69,1,92.0,0.0,iron,177.79363353038207,0
4800.003334282432,11,Day,960ef087e05742f2b803829b9a18fb69,1,92.0,0.0,iron,177.79363353038207,0
4800.003334282432,11,Day,960ef087e05742f2b803829b9a18fb69,1,92.0,0.0,iron,177.79363353038207,0
4800.003334282432,11,Day,960ef087e05742f2b803829b9a18fb69,1,92.0,0.0,iron,177.79363353038207,0
4800.003334282432,11,Day,960ef087e05742f2b803829b9a18fb69,1,92.0,0.0,iron,177.79363353038207,0
4800.003334282432,11,Day,960ef087e05742f2b803829b9a18fb69,1,92.0,0.0,iron,177.79363353038207,0
4800.003334282432,11,Day,960ef087e05742f2b803829b9a18fb69,1,92.0,0.0,iron,177.79363353038207,0
4800.003334282432,11,Day,960ef087e05742f2b803829b9a18fb69,1,92.0,0.0,iron,177.79363353038207,0
4800.003334282432,11,Day,960ef087e05742f2b803829b9a18fb69,1,92.0,0.0,iron,177.79363353038207,0
4800.003334282432,11,Day,960ef087e05742f2b803829b9a18fb69,1,92.0,0.0,iron,177.79363353038207,0
4800.003334282432,11,Day,960ef087e05742f2b803829b9a18fb69,1,92.0,0.0,iron,177.79363353038207,0
4800.003334282432,11,Day,960ef087e05742f2b803829b9a18fb69,1,92.0,0.0,iron,177.79363353038207,0
4800.003334282432,11,Day,960ef087e05742f2b803829b9a18fb69,1,92.0,0.0,iron,177.79363353038207,0
4800.003334282432,11,Day,960ef087e05742f2b803829b9a18fb69,1,92.0,0.0,iron,177.79363353038207,0
4800.003334282432,11,Day,960ef087e05742f2b803829b9a18fb69,1,92.0,0.0,iron,177.79363353038207,0
4800.003334282432,11,Day,960ef087e05742f2b803829b9a18fb69,1,92.0,0.0,iron,177.79363353038207,0
4800.003334282432,11,Day,960ef087e05742f2b803829b9a18fb69,1,92.0,0.0,iron,177.79363353038207,0
4800.003334282432,11,Day,960ef087e05742f2b803829b9a18fb69,1,92.0,0.0,iron,177.79363353038207,0
4800.003334282432,11,Day,960ef087e05742f2b803829b9a18fb69,1,92.0,0.0,iron,177.79363353038207,0
4800.003334282432,11,Day,960ef087e05742f2b803829b9a18fb69,1,92.0,0.0,iron,177.79363353038207,0
4800.003334282432,11,Day,960ef087e05742f2b803829b9a18fb69,1,92.0,0.0,iron,177.79363353038207,0
4800.003334282432,11,Day,960ef087e05742f2b803829b9a18fb69,1,92.0,0.0,iron,177.79363353038207,0
4800.003334282432,11,Day,960ef087e05742f2b803829b9a18fb69,1,92.0,0.0,iron,177.79363353038207,0
4800.003334282432,11,Day,960ef087e05742f2b803829b9a18fb69,1,92.0,0.0,iron,177.79363353038207,0
4800.003334282432,11,Day,960ef087e05742f2b803829b9a18fb69,1,92.0,0.0,iron,177.79363353038207,0
4800.003334282432,11,Day,960ef087e05742f2b803829b9a18fb69,1,92.0,0.0,iron,177.79363353038207,0
4800.003334282432,11,Day,960ef087e05742f2b803829b9a18fb69,1,92.0,0.0,iron,177.79363353038207,0
4800.003334282432,11,Day,960ef087e05742f2b803829b9a18fb69,1,92.0,0.0,iron,177.79363353038207,0
4800.003334282432,11,Day,960ef087e05742f2b803829b9a18fb69,1,92.0,0.0,iron,177.79363353038207,0
4800.003334282432,11,Day,960ef087e05742f2b803829b9a18fb69,1,92.0,0.0,iron,177.79363353038207,0
4800.003334282432,11,Day,960ef087e05742f2b803829b9a18fb69,1,92.0,0.0,iron,177.79363353038207,0
4800.003334282432,11,Day,960ef087e05742f2b803829b9a18fb69,1,92.0,0.0,iron,177.79363353038207,0
4800.003334282432,11,Day,960ef087e05742f2b803829b9a18fb69,1,92.0,0.0,iron,177.79363353038207,0
4800.003334282432,11,Day,960ef087e05742f2b803829b9a18fb69,1,92.0,0.0,iron,177.79363353038207,0
4800.003334282432,11,Day,960ef087e05742f2b803829b9a18fb69,1,92.0,0.0,iron,177.79363353038207,0
4800.003334282432,11,Day,960ef087e05742f2b803829b9a18fb69,1,92.0,0.0,iron,177.79363353038207,0
4800.003334282432,11,Day,960ef087e05742f2b803829b9a18fb69,1,92.0,0.0,iron,177.79363353038207,0
4800.003334282432,11,Day,960ef087e05742f2b803829b9a18fb69,1,92.0,0.0,iron,177.79363353038207,0
4800.003334282432,11,Day,960ef087e05742f2b803829b9a18fb69,1,92.0,0.0,iron,177.79363353038207,0
4800.003334282432,11,Day,960ef087e05742f2b803829b9a18fb69,1,92.0,0.0,iron,177.79363353038207,0
4800.003334282432,11,Day,960ef087e05742f2b803829b9a18fb69,1,92.0,0.0,iron,177.79363353038207,0
4800.003334282432,11,Day,960ef087e05742f2b803829b9a18fb69,1,92.0,0.0,iron,177.79363353038207,0
4800.003334282432,11,Day,960ef087e05742f2b803829b9a18fb69,1,92.0,0.0,iron,177.79363353038207,0
4800.003334282432,11,Day,960ef087e05742f2b803829b9a18fb69,1,92.0,0.0,iron,177.79363353038207,0
4800.003334282432,11,Day,960ef087e05742f2b803829b9a18fb69,1,92.0,0.0,iron,177.79363353038207,0
4800.003334282432,11,Day,960ef087e05742f2b803829b9a18fb69,1,92.0,0.0,iron,177.79363353038207,0
4800.003334282432,11,Day,960ef087e05742f2b803829b9a18fb69,1,92.0,0.0,iron,177.79363353038207,0
4800.003334282432,11,Day,960ef087e05742f2b803829b9a18fb69,1,92.0,0.0,iron,177.79363353038207,0
4800.003334282432,11,Day,960ef087e05742f2b803829b9a18fb69,1,92.0,0.0,iron,177.79363353038207,0
4800.003334282432,11,Day,960ef087e05742f2b803829b9a18fb69,1,92.0,0.0,iron,177.79363353038207,0
4800.003334282432,11,Day,960ef087e05742f2b803829b9a18fb69,1,92.0,0.0,iron,177.79363353038207,0
4800.003334282432,11,Day,960ef087e05742f2b803829b9a18fb69,1,92.0,0.0,iron,177.79363353038207,0
4800.003334282432,11,Day,960ef087e05742f2b803829b9a18fb69,1,92.0,0.0,iron,177.79363353038207,0
4800.003334282432,11,Day,960ef087e05742f2b803829b9a18fb69,1,92.0,0.0,iron,177.79363353038207,0
4800.003334282432,11,Day,960ef087e05742f2b803829b9a18fb69,1,92.0,0.0,iron,177.79363353038207,0
4800.003334282432,11,Day,960ef087e05742f2b803829b9a18fb69,1,92.0,0.0,iron,177.79363353038207,0
4800.003334282432,11,Day,960ef087e05742f2b803829b9a18fb69,1,92.0,0.0,iron,177.79363353038207,0
4800.003334282432,11,Day,960ef087e05742f2b803829b9a18fb69,1,92.0,0.0,iron,177.79363353038207,0
4800.003334282432,11,Day,960ef087e05742f2b803829b9a18fb69,1,92.0,0.0,iron,177.79363353038207,0
4800.003334282432,11,Day,960ef087e05742f2b803829b9a18fb69,1,92.0,0.0,iron,177.79363353038207,0
4800.003334282432,11,Day,960ef087e05742f2b803829b9a18fb69,1,92.0,0.0,iron,177.79363353038207,0
4800.003334282432,11,Day,960ef087e05742f2b803829b9a18fb69,1,92.0,0.0,iron,177.79363353038207,0
4800.003334282432,11,Day,960ef087e05742f2b803829b9a18fb69,1,92.0,0.0,iron,177.79363353038207,0
4800.003334282432,11,Day,960ef087e05742f2b803829b9a18fb69,1,92.0,0.0,iron,177.79363353038207,0
4800.003334282432,11,Day,960ef087e05742f2b803829b9a18fb69,1,92.0,0.0,iron,177.79363353038207,0
4800.003334282432,11,Day,960ef087e05742f2b803829b9a18fb69,1,92.0,0.0,iron,177.79363353038207,0
4800.003334282432,11,Day,960ef087e05742f2b803829b9a18fb69,1,92.0,0.0,iron,177.79363353038207,0
4800.003334282432,11,Day,960ef087e05742f2b803829b9a18fb69,1,92.0,0.0,iron,177.79363353038207,0
4800.003334282432,11,Day,960ef087e05742f2b803829b9a18fb69,1,92.0,0.0,iron,177.79363353038207,0
4800.003334282432,11,Day,960ef087e05742f2b803829b9a18fb69,1,92.0,0.0,iron,177.79363353038207,0
4800.003334282432,11,Day,960ef087e05742f2b803829b9a18fb69,1,92.0,0.0,iron,177.79363353038207,0
4800.003334282432,11,Day,960ef087e05742f2b803829b9a18fb69,1,92.0,0.0,iron,177.79363353038207,0
4800.003334282432,11,Day,960ef087e05742f2b803829b9a18fb69,1,92.0,0.0,iron,177.79363353038207,0
4800.003334282432,11,Day,960ef087e05742f2b803829b9a18fb69,1,92.0,0.0,iron,177.79363353038207,0
4800.003334282432,11,Day,960ef087e05742f2b803829b9a18fb69,1,92.0,0.0,iron,177.79363353038207,0
4800.003334282432,11,Day,960ef087e05742f2b803829b9a18fb69,1,92.0,0.0,iron,177.79363353038207,0
4800.003334282432,11,Day,960ef087e05742f2b803829b9a18fb69,1,92.0,0.0,iron,177.79363353038207,0
4800.003334282432,11,Day,960ef087e05742f2b803829b9a18fb69,1,92.0,0.0,iron,177.79363353038207,0
4800.003334282432,11,Day,960ef087e05742f2b803829b9a18fb69,1,92.0,0.0,iron,177.79363353038207,0
4800.003334282432,11,Day,960ef087e05742f2b803829b9a18fb69,1,92.0,0.0,iron,177.79363353038207,0
4800.003334282432,11,Day,960ef087e05742f2b803829b9a18fb69,1,92.0,0.0,iron,177.79363353038207,0
4800.003334282432,11,Day,960ef087e05742f2b803829b9a18fb69,1,92.0,0.0,iron,177.79363353038207,0
4800.003334282432,11,Day,960ef087e05742f2b803829b9a18fb69,1,92.0,0.0,iron,177.79363353038207,0
4800.003334282432,11,Day,960ef087e05742f2b803829b9a18fb69,1,92.0,0.0,iron,177.79363353038207,0
4800.003334282432,11,Day,960ef087e05742f2b803829b9a18fb69,1,92.0,0.0,iron,177.79363353038207,0
4800.003334282432,11,Day,960ef087e05742f2b803829b9a18fb69,1,92.0,0.0,iron,177.79363353038207,0
4800.003334282432,11,Day,960ef087e05742f2b803829b9a18fb69,1,92.0,0.0,iron,177.79363353038207,0
4800.003334282432,11,Day,960ef087e05742f2b803829b9a18fb69,1,92.0,0.0,iron,177.79363353038207,0
4800.003334282432,11,Day,960ef087e05742f2b803829b9a18fb69,1,92.0,0.0,iron,177.79363353038207,0
4800.003334282432,11,Day,960ef087e05742f2b803829b9a18fb69,1,92.0,0.0,iron,177.79363353038207,0
4800.003334282432,11,Day,960ef087e05742f2b803829b9a18fb69,1,92.0,0.0,iron,177.79363353038207,0
4800.003334282432,11,Day,960ef087e05742f2b803829b9a18fb69,1,92.0,0.0,iron,177.79363353038207,0
4800.003334282432,11,Day,960ef087e05742f2b803829b9a18fb69,1,92.0,0.0,iron,177.79363353038207,0
4800.003334282432,11,Day,960ef087e05742f2b803829b9a18fb69,1,92.0,0.0,iron,177.79363353038207,0
4800.003334282432,11,Day,960ef087e05742f2b803829b9a18fb69,1,92.0,0.0,iron,177.79363353038207,0
4800.003334282432,11,Day,960ef087e05742f2b803829b9a18fb69,1,92.0,0.0,iron,177.79363353038207,0
4800.003334282432,11,Day,960ef087e05742f2b803829b9a18fb69,1,92.0,0.0,iron,177.79363353038207,0
4800.003334282432,11,Day,960ef087e05742f2b803829b9a18fb69,1,92.0,0.0,iron,177.79363353038207,0
4800.003334282432,11,Day,960ef087e05742f2b803829b9a18fb69,1,92.0,0.0,iron,177.79363353038207,0
4800.003334282432,11,Day,960ef087e05742f2b803829b9a18fb69,1,92.0,0.0,iron,177.79363353038207,0
4800.003334282432,11,Day,960ef087e05742f2b803829b9a18fb69,1,92.0,0.0,iron,177.79363353038207,0
4800.003334282432,11,Day,960ef087e05742f2b803829b9a18fb69,1,92.0,0.0,iron,177.79363353038207,0
4800.003334282432,11,Day,960ef087e05742f2b803829b9a18fb69,1,92.0,0.0,iron,177.79363353038207,0
4800.003334282432,11,Day,960ef087e05742f2b803829b9a18fb69,1,92.0,0.0,iron,177.79363353038207,0
4800.003334282432,11,Day,960ef087e05742f2b803829b9a18fb69,1,92.0,0.0,iron,177.79363353038207,0
4800.003334282432,11,Day,960ef087e05742f2b803829b9a18fb69,1,92.0,0.0,iron,177.79363353038207,0
4800.003334282432,11,Day,960ef087e05742f2b803829b9a18fb69,1,92.0,0.0,iron,177.79363353038207,0
4800.003334282432,11,Day,960ef087e05742f2b803829b9a18fb69,1,92.0,0.0,iron,177.79363353038207,0
4800.003334282432,11,Day,960ef087e05742f2b803829b9a18fb69,1,92.0,0.0,iron,177.79363353038207,0
4800.003334282432,11,Day,960ef087e05742f2b803829b9a18fb69,1,92.0,0.0,iron,177.79363353038207,0
4800.003334282432,11,Day,960ef087e05742f2b803829b9a18fb69,1,92.0,0.0,iron,177.79363353038207,0
4800.003334282432,11,Day,960ef087e05742f2b803829b9a18fb69,1,92.0,0.0,iron,177.79363353038207,0
4800.003334282432,11,Day,960ef087e05742f2b803829b9a18fb69,1,92.0,0.0,iron,177.79363353038207,0
4800.003334282432,11,Day,960ef087e05742f2b803829b9a18fb69,1,92.0,0.0,iron,177.79363353038207,0
4800.003334282432,11,Day,960ef087e05742f2b803829b9a18fb69,1,92.0,0.0,iron,177.79363353038207,0
4800.003334282432,11,Day,960ef087e05742f2b803829b9a18fb69,1,92.0,0.0,iron,177.79363353038207,0
4800.003334282432,11,Day,960ef087e05742f2b803829b9a18fb69,1,92.0,0.0,iron,177.79363353038207,0
4800.003334282432,11,Day,960ef087e05742f2b803829b9a18fb69,1,92.0,0.0,iron,177.79363353038207,0
4800.003334282432,11,Day,960ef087e05742f2b803829b9a18fb69,1,92.0,0.0,iron,177.79363353038207,0
4800.003334282432,11,Day,960ef087e05742f2b803829b9a18fb69,1,92.0,0.0,iron,177.79363353038207,0
4800.003334282432,11,Day,960ef087e05742f2b803829b9a18fb69,1,92.0,0.0,iron,177.79363353038207,0
4800.003334282432,11,Day,960ef087e05742f2b803829b9a18fb69,1,92.0,0.0,iron,177.79363353038207,0
4800.003334282432,11,Day,960ef087e05742f2b803829b9a18fb69,1,92.0,0.0,iron,177.79363353038207,0
4800.003334282432,11,Day,960ef087e05742f2b803829b9a18fb69,1,92.0,0.0,iron,177.79363353038207,0
4800.003334282432,11,Day,960ef087e05742f2b803829b9a18fb69,1,92.0,0.0,iron,177.79363353038207,0
4800.003334282432,11,Day,960ef087e05742f2b803829b9a18fb69,1,92.0,0.0,iron,177.79363353038207,0
4800.003334282432,11,Day,960ef087e05742f2b803829b9a18fb69,1,92.0,0.0,iron,177.79363353038207,0
4800.003334282432,11,Day,960ef087e05742f2b803829b9a18fb69,1,92.0,0.0,iron,177.79363353038207,0
4800.003334282432,11,Day,960ef087e05742f2b803829b9a18fb69,1,92.0,0.0,iron,177.79363353038207,0
4800.003334282432,11,Day,960ef087e05742f2b803829b9a18fb69,1,92.0,0.0,iron,177.79363353038207,0
4800.003334282432,11,Day,960ef087e05742f2b803829b9a18fb69,1,92.0,0.0,iron,177.79363353038207,0
4800.003334282432,11,Day,960ef087e05742f2b803829b9a18fb69,1,92.0,0.0,iron,177.79363353038207,0
4800.003334282432,11,Day,960ef087e05742f2b803829b9a18fb69,1,92.0,0.0,iron,177.79363353038207,0
4800.003334282432,11,Day,960ef087e05742f2b803829b9a18fb69,1,92.0,0.0,iron,177.79363353038207,0
4800.003334282432,11,Day,960ef087e05742f2b803829b9a18fb69,1,92.0,0.0,iron,177.79363353038207,0
4800.003334282432,11,Day,960ef087e05742f2b803829b9a18fb69,1,92.0,0.0,iron,177.79363353038207,0
4800.003334282432,11,Day,960ef087e05742f2b803829b9a18fb69,1,92.0,0.0,iron,177.79363353038207,0
4800.003334282432,11,Day,960ef087e05742f2b803829b9a18fb69,1,92.0,0.0,iron,177.79363353038207,0
4800.003334282432,11,Day,960ef087e05742f2b803829b9a18fb69,1,92.0,0.0,iron,177.79363353038207,0
4800.003334282432,11,Day,960ef087e05742f2b803829b9a18fb69,1,92.0,0.0,iron,177.79363353038207,0
4800.003334282432,11,Day,960ef087e05742f2b803829b9a18fb69,1,92.0,0.0,iron,177.79363353038207,0
4800.003334282432,11,Day,960ef087e05742f2b803829b9a18fb69,1,92.0,0.0,iron,177.79363353038207,0
4800.003334282432,11,Day,960ef087e05742f2b803829b9a18fb69,1,92.0,0.0,iron,177.79363353038207,0
4800.003334282432,11,Day,960ef087e05742f2b803829b9a18fb69,1,92.0,0.0,iron,177.79363353038207,0
4800.003334282432,11,Day,960ef087e05742f2b803829b9a18fb69,1,92.0,0.0,iron,177.79363353038207,0
4800.003334282432,11,Day,960ef087e05742f2b803829b9a18fb69,1,92.0,0.0,iron,177.79363353038207,0
4800.003334282432,11,Day,960ef087e05742f2b803829b9a18fb69,1,92.0,0.0,iron,177.79363353038207,0
4800.003334282432,11,Day,960ef087e05742f2b803829b9a18fb69,1,92.0,0.0,iron,177.79363353038207,0
4800.003334282432,11,Day,960ef087e05742f2b803829b9a18fb69,1,92.0,0.0,iron,177.79363353038207,0
4800.003334282432,11,Day,960ef087e05742f2b803829b9a18fb69,1,92.0,0.0,iron,177.79363353038207,0
4800.003334282432,11,Day,960ef087e05742f2b803829b9a18fb69,1,92.0,0.0,iron,177.79363353038207,0
4800.003334282432,11,Day,960ef087e05742f2b803829b9a18fb69,1,92.0,0.0,iron,177.79363353038207,0
4800.003334282432,11,Day,960ef087e05742f2b803829b9a18fb69,1,92.0,0.0,iron,177.79363353038207,0
4800.003334282432,11,Day,960ef087e05742f2b803829b9a18fb69,1,92.0,0.0,iron,177.79363353038207,0
4800.003334282432,11,Day,960ef087e05742f2b803829b9a18fb69,1,92.0,0.0,iron,177.79363353038207,0
4800.003334282432,11,Day,960ef087e05742f2b803829b9a18fb69,1,92.0,0.0,iron,177.79363353038207,0
4800.003334282432,11,Day,960ef087e05742f2b803829b9a18fb69,1,92.0,0.0,iron,177.79363353038207,0
4800.003334282432,11,Day,960ef087e05742f2b803829b9a18fb69,1,92.0,0.0,iron,177.79363353038207,0
4800.003334282432,11,Day,960ef087e05742f2b803829b9a18fb69,1,92.0,0.0,iron,177.79363353038207,0
4800.003334282432,11,Day,960ef087e05742f2b803829b9a18fb69,1,92.0,0.0,iron,177.79363353038207,0
4800.003334282432,11,Day,960ef087e05742f2b803829b9a18fb69,1,92.0,0.0,iron,177.79363353038207,0
4800.003334282432,11,Day,960ef087e05742f2b803829b9a18fb69,1,92.0,0.0,iron,177.79363353038207,0
4800.003334282432,11,Day,960ef087e05742f2b803829b9a18fb69,1,92.0,0.0,iron,177.79363353038207,0
4800.003334282432,11,Day,960ef087e05742f2b803829b9a18fb69,1,92.0,0.0,iron,177.79363353038207,0
4800.003334282432,11,Day,960ef087e05742f2b803829b9a18fb69,1,92.0,0.0,iron,177.79363353038207,0
4800.003334282432,11,Day,960ef087e05742f2b803829b9a18fb69,1,92.0,0.0,iron,177.79363353038207,0
4800.003334282432,11,Day,960ef087e05742f2b803829b9a18fb69,1,92.0,0.0,iron,177.79363353038207,0
4800.003334282432,11,Day,960ef087e05742f2b803829b9a18fb69,1,92.0,0.0,iron,177.79363353038207,0
4800.003334282432,11,Day,960ef087e05742f2b803829b9a18fb69,1,92.0,0.0,iron,177.79363353038207,0
4800.003334282432,11,Day,960ef087e05742f2b803829b9a18fb69,1,92.0,0.0,iron,177.79363353038207,0
4800.003334282432,11,Day,960ef087e05742f2b803829b9a18fb69,1,92.0,0.0,iron,177.79363353038207,0
4800.003334282432,11,Day,960ef087e05742f2b803829b9a18fb69,1,92.0,0.0,iron,177.79363353038207,0
4800.003334282432,11,Day,960ef087e05742f2b803829b9a18fb69,1,92.0,0.0,iron,177.79363353038207,0
4800.003334282432,11,Day,960ef087e05742f2b803829b9a18fb69,1,92.0,0.0,iron,177.79363353038207,0
4800.003334282432,11,Day,960ef087e05742f2b803829b9a18fb69,1,92.0,0.0,iron,177.79363353038207,0
4800.003334282432,11,Day,960ef087e05742f2b803829b9a18fb69,1,92.0,0.0,iron,177.79363353038207,0
4800.003334282432,11,Day,960ef087e05742f2b803829b9a18fb69,1,92.0,0.0,iron,177.79363353038207,0
4800.003334282432,11,Day,960ef087e05742f2b803829b9a18fb69,1,92.0,0.0,iron,177.79363353038207,0
4800.003334282432,11,Day,960ef087e05742f2b803829b9a18fb69,1,92.0,0.0,iron,177.79363353038207,0
4800.003334282432,11,Day,960ef087e05742f2b803829b9a18fb69,1,92.0,0.0,iron,177.79363353038207,0
4800.003334282432,11,Day,960ef087e05742f2b803829b9a18fb69,1,92.0,0.0,iron,177.79363353038207,0
4800.003334282432,11,Day,960ef087e05742f2b803829b9a18fb69,1,92.0,0.0,iron,177.79363353038207,0
4800.003334282432,11,Day,960ef087e05742f2b803829b9a18fb69,1,92.0,0.0,iron,177.79363353038207,0
4800.003334282432,11,Day,960ef087e05742f2b803829b9a18fb69,1,92.0,0.0,iron,177.79363353038207,0
4800.003334282432,11,Day,960ef087e05742f2b803829b9a18fb69,1,92.0,0.0,iron,177.79363353038207,0
4800.003334282432,11,Day,960ef087e05742f2b803829b9a18fb69,1,92.0,0.0,iron,177.79363353038207,0
4800.003334282432,11,Day,960ef087e05742f2b803829b9a18fb69,1,92.0,0.0,iron,177.79363353038207,0
4800.003334282432,11,Day,960ef087e05742f2b803829b9a18fb69,1,92.0,0.0,iron,177.79363353038207,0
4800.003334282432,11,Day,960ef087e05742f2b803829b9a18fb69,1,92.0,0.0,iron,177.79363353038207,0
4800.003334282432,11,Day,960ef087e05742f2b803829b9a18fb69,1,92.0,0.0,iron,177.79363353038207,0
4800.003334282432,11,Day,960ef087e05742f2b803829b9a18fb69,1,92.0,0.0,iron,177.79363353038207,0
4800.003334282432,11,Day,960ef087e05742f2b803829b9a18fb69,1,92.0,0.0,iron,177.79363353038207,0
4800.003334282432,11,Day,960ef087e05742f2b803829b9a18fb69,1,92.0,0.0,iron,177.79363353038207,0
4800.003334282432,11,Day,960ef087e05742f2b803829b9a18fb69,1,92.0,0.0,iron,177.79363353038207,0
4800.003334282432,11,Day,960ef087e05742f2b803829b9a18fb69,1,92.0,0.0,iron,177.79363353038207,0
4800.003334282432,11,Day,960ef087e05742f2b803829b9a18fb69,1,92.0,0.0,iron,177.79363353038207,0
4800.003334282432,11,Day,960ef087e05742f2b803829b9a18fb69,1,92.0,0.0,iron,177.79363353038207,0
4800.003334282432,11,Day,960ef087e05742f2b803829b9a18fb69,1,92.0,0.0,iron,177.79363353038207,0
4800.003334282432,11,Day,960ef087e05742f2b803829b9a18fb69,1,92.0,0.0,iron,177.79363353038207,0
4800.003334282432,11,Day,960ef087e05742f2b803829b9a18fb69,1,92.0,0.0,iron,177.79363353038207,0
4800.003334282432,11,Day,960ef087e05742f2b803829b9a18fb69,1,92.0,0.0,iron,177.79363353038207,0
4800.003334282432,11,Day,960ef087e05742f2b803829b9a18fb69,1,92.0,0.0,iron,177.79363353038207,0
4800.003334282432,11,Day,960ef087e05742f2b803829b9a18fb69,1,92.0,0.0,iron,177.79363353038207,0
4800.003334282432,11,Day,960ef087e05742f2b803829b9a18fb69,1,92.0,0.0,iron,177.79363353038207,0
4800.003334282432,11,Day,960ef087e05742f2b803829b9a18fb69,1,92.0,0.0,iron,177.79363353038207,0
4800.003334282432,11,Day,960ef087e05742f2b803829b9a18fb69,1,92.0,0.0,iron,177.79363353038207,0
4800.003334282432,11,Day,960ef087e05742f2b803829b9a18fb69,1,92.0,0.0,iron,177.79363353038207,0
4800.003334282432,11,Day,960ef087e05742f2b803829b9a18fb69,1,92.0,0.0,iron,177.79363353038207,0
4800.003334282432,11,Day,960ef087e05742f2b803829b9a18fb69,1,92.0,0.0,iron,177.79363353038207,0
4800.003334282432,11,Day,960ef087e05742f2b803829b9a18fb69,1,92.0,0.0,iron,177.79363353038207,0
4800.003334282432,11,Day,960ef087e05742f2b803829b9a18fb69,1,92.0,0.0,iron,177.79363353038207,0
4800.003334282432,11,Day,960ef087e05742f2b803829b9a18fb69,1,92.0,0.0,iron,177.79363353038207,0
4800.003334282432,11,Day,960ef087e05742f2b803829b9a18fb69,1,92.0,0.0,iron,177.79363353038207,0
4800.003334282432,11,Day,960ef087e05742f2b803829b9a18fb69,1,92.0,0.0,iron,177.79363353038207,0
4800.003334282432,11,Day,960ef087e05742f2b803829b9a18fb69,1,92.0,0.0,iron,177.79363353038207,0
4800.003334282432,11,Day,960ef087e05742f2b803829b9a18fb69,1,92.0,0.0,iron,177.79363353038207,0
4800.003334282432,11,Day,960ef087e05742f2b803829b9a18fb69,1,92.0,0.0,iron,177.79363353038207,0
4800.003334282432,11,Day,960ef087e05742f2b803829b9a18fb69,1,92.0,0.0,iron,177.79363353038207,0
4800.003334282432,11,Day,960ef087e05742f2b803829b9a18fb69,1,92.0,0.0,iron,177.79363353038207,0
4800.003334282432,11,Day,960ef087e05742f2b803829b9a18fb69,1,92.0,0.0,iron,177.79363353038207,0
4800.003334282432,11,Day,960ef087e05742f2b803829b9a18fb69,1,92.0,0.0,iron,177.79363353038207,0
4800.003334282432,11,Day,960ef087e05742f2b803829b9a18fb69,1,92.0,0.0,iron,177.79363353038207,0
4800.003334282432,11,Day,960ef087e05742f2b803829b9a18fb69,1,92.0,0.0,iron,177.79363353038207,0
4800.003334282432,11,Day,960ef087e05742f2b803829b9a18fb69,1,92.0,0.0,iron,177.79363353038207,0
4800.003334282432,11,Day,960ef087e05742f2b803829b9a18fb69,1,92.0,0.0,iron,177.79363353038207,0
4800.003334282432,11,Day,960ef087e05742f2b803829b9a18fb69,1,92.0,0.0,iron,177.79363353038207,0
4800.003334282432,11,Day,960ef087e05742f2b803829b9a18fb69,1,92.0,0.0,iron,177.79363353038207,0
4800.003334282432,11,Day,960ef087e05742f2b803829b9a18fb69,1,92.0,0.0,iron,177.79363353038207,0
4800.003334282432,11,Day,960ef087e05742f2b803829b9a18fb69,1,92.0,0.0,iron,177.79363353038207,0
4800.488623859361,11,Day,960ef087e05742f2b803829b9a18fb69,3,92.0,0.0,iron,177.79363353038207,0
4801.491602357943,11,Day,960ef087e05742f2b803829b9a18fb69,3,92.0,0.0,iron,177.79363353038207,0
4802.494916439056,11,Day,960ef087e05742f2b803829b9a18fb69,3,92.0,0.0,iron,177.79363353038207,0
4803.49987069238,11,Day,960ef087e05742f2b803829b9a18fb69,3,92.0,0.0,iron,177.79363353038207,0
4804.502369365189,11,Day,960ef087e05742f2b803829b9a18fb69,3,92.0,0.0,iron,177.79363353038207,0
4805.504199032206,11,Day,960ef087e05742f2b803829b9a18fb69,3,92.0,0.0,iron,177.79363353038207,0
4806.511964324396,11,Day,960ef087e05742f2b803829b9a18fb69,3,92.0,0.0,iron,177.79363353038207,0
4807.519182239659,11,Day,960ef087e05742f2b803829b9a18fb69,3,92.0,0.0,iron,177.79363353038207,0
4808.520019455347,11,Day,960ef087e05742f2b803829b9a18fb69,0,92.0,30.0,iron,177.79363353038207,0
4809.525904203765,11,Day,960ef087e05742f2b803829b9a18fb69,0,92.0,30.0,iron,177.79363353038207,0
4810.52825395111,11,Day,960ef087e05742f2b803829b9a18fb69,0,92.0,30.0,iron,177.79363353038207,0
4811.533215043135,11,Day,960ef087e05742f2b803829b9a18fb69,0,92.0,30.0,iron,177.79363353038207,0
4812.540598624386,11,Day,960ef087e05742f2b803829b9a18fb69,0,92.0,30.0,iron,177.79363353038207,0
4813.541903872974,11,Day,960ef087e05742f2b803829b9a18fb69,0,92.0,30.0,iron,177.79363353038207,0
4814.549511577934,11,Day,960ef087e05742f2b803829b9a18fb69,0,92.0,30.0,iron,177.79363353038207,0
4815.553875159472,11,Day,960ef087e05742f2b803829b9a18fb69,0,92.0,30.0,iron,177.79363353038207,0
4816.555427197367,11,Day,960ef087e05742f2b803829b9a18fb69,0,92.0,30.0,iron,177.79363353038207,0
4817.556171033066,11,Day,960ef087e05742f2b803829b9a18fb69,0,92.0,30.0,iron,177.79363353038207,0
4818.557078872807,11,Day,960ef087e05742f2b803829b9a18fb69,0,92.0,30.0,iron,177.79363353038207,0
4819.560849580448,11,Day,960ef087e05742f2b803829b9a18fb69,0,92.0,30.0,iron,177.79363353038207,0
4820.564577243291,11,Day,960ef087e05742f2b803829b9a18fb69,0,92.0,30.0,iron,177.79363353038207,0
4821.572602036875,11,Day,960ef087e05742f2b803829b9a18fb69,0,92.0,30.0,iron,177.79363353038207,0
4822.578650906216,11,Day,960ef087e05742f2b803829b9a18fb69,0,92.0,30.0,iron,177.79363353038207,0
4823.586098697968,11,Day,960ef087e05742f2b803829b9a18fb69,0,92.0,30.0,iron,177.79363353038207,0
4824.587835780345,11,Day,960ef087e05742f2b803829b9a18fb69,0,92.0,30.0,iron,177.79363353038207,0
4825.591044278815,11,Day,960ef087e05742f2b803829b9a18fb69,0,92.0,30.0,iron,177.79363353038207,0
4825.800783407874,11,Day,960ef087e05742f2b803829b9a18fb69,0,92.0,30.0,iron,177.79363353038207,0
4825.800783407874,11,Day,960ef087e05742f2b803829b9a18fb69,0,92.0,30.0,iron,177.79363353038207,0
4825.800783407874,11,Day,960ef087e05742f2b803829b9a18fb69,0,92.0,30.0,iron,177.79363353038207,0
4825.800783407874,11,Day,960ef087e05742f2b803829b9a18fb69,0,92.0,30.0,iron,177.79363353038207,0
4825.800783407874,11,Day,960ef087e05742f2b803829b9a18fb69,0,92.0,30.0,iron,177.79363353038207,0
4825.800783407874,11,Day,960ef087e05742f2b803829b9a18fb69,0,92.0,30.0,iron,177.79363353038207,0
4825.800783407874,11,Day,960ef087e05742f2b803829b9a18fb69,0,92.0,30.0,iron,177.79363353038207,0
4825.800783407874,11,Day,960ef087e05742f2b803829b9a18fb69,0,92.0,30.0,iron,177.79363353038207,0
4825.800783407874,11,Day,960ef087e05742f2b803829b9a18fb69,0,92.0,30.0,iron,177.79363353038207,0
4825.800783407874,11,Day,960ef087e05742f2b803829b9a18fb69,0,92.0,30.0,iron,177.79363353038207,0
4825.800783407874,11,Day,960ef087e05742f2b803829b9a18fb69,0,92.0,30.0,iron,177.79363353038207,0
4825.800783407874,11,Day,960ef087e05742f2b803829b9a18fb69,0,92.0,30.0,iron,177.79363353038207,0
4825.800783407874,11,Day,960ef087e05742f2b803829b9a18fb69,0,92.0,30.0,iron,177.79363353038207,0
4825.800783407874,11,Day,960ef087e05742f2b803829b9a18fb69,0,92.0,30.0,iron,177.79363353038207,0
4825.800783407874,11,Day,960ef087e05742f2b803829b9a18fb69,0,92.0,30.0,iron,177.79363353038207,0
4825.800783407874,11,Day,960ef087e05742f2b803829b9a18fb69,0,92.0,30.0,iron,177.79363353038207,0
4825.800783407874,11,Day,960ef087e05742f2b803829b9a18fb69,0,92.0,30.0,iron,177.79363353038207,0
4825.800783407874,11,Day,960ef087e05742f2b803829b9a18fb69,0,92.0,30.0,iron,177.79363353038207,0
4825.800783407874,11,Day,960ef087e05742f2b803829b9a18fb69,0,92.0,30.0,iron,177.79363353038207,0
4825.800783407874,11,Day,960ef087e05742f2b803829b9a18fb69,0,92.0,30.0,iron,177.79363353038207,0
4825.800783407874,11,Day,960ef087e05742f2b803829b9a18fb69,0,92.0,30.0,iron,177.79363353038207,0
4825.800783407874,11,Day,960ef087e05742f2b803829b9a18fb69,0,92.0,30.0,iron,177.79363353038207,0
4825.800783407874,11,Day,960ef087e05742f2b803829b9a18fb69,0,92.0,30.0,iron,177.79363353038207,0
4825.800783407874,11,Day,960ef087e05742f2b803829b9a18fb69,0,92.0,30.0,iron,177.79363353038207,0
4825.800783407874,11,Day,960ef087e05742f2b803829b9a18fb69,0,92.0,30.0,iron,177.79363353038207,0
4825.800783407874,11,Day,960ef087e05742f2b803829b9a18fb69,0,92.0,30.0,iron,177.79363353038207,0
4825.800783407874,11,Day,960ef087e05742f2b803829b9a18fb69,0,92.0,30.0,iron,177.79363353038207,0
4825.800783407874,11,Day,960ef087e05742f2b803829b9a18fb69,0,92.0,30.0,iron,177.79363353038207,0
4825.800783407874,11,Day,960ef087e05742f2b803829b9a18fb69,0,92.0,30.0,iron,177.79363353038207,0
4825.800783407874,11,Day,960ef087e05742f2b803829b9a18fb69,0,92.0,30.0,iron,177.79363353038207,0
4825.800783407874,11,Day,960ef087e05742f2b803829b9a18fb69,0,92.0,30.0,iron,177.79363353038207,0
4825.800783407874,11,Day,960ef087e05742f2b803829b9a18fb69,0,92.0,30.0,iron,177.79363353038207,0
4825.800783407874,11,Day,960ef087e05742f2b803829b9a18fb69,0,92.0,30.0,iron,177.79363353038207,0
4825.800783407874,11,Day,960ef087e05742f2b803829b9a18fb69,0,92.0,30.0,iron,177.79363353038207,0
4825.800783407874,11,Day,960ef087e05742f2b803829b9a18fb69,0,92.0,30.0,iron,177.79363353038207,0
4825.800783407874,11,Day,960ef087e05742f2b803829b9a18fb69,0,92.0,30.0,iron,177.79363353038207,0
4825.800783407874,11,Day,960ef087e05742f2b803829b9a18fb69,0,92.0,30.0,iron,177.79363353038207,0
4825.800783407874,11,Day,960ef087e05742f2b803829b9a18fb69,0,92.0,30.0,iron,177.79363353038207,0
